etapa,puesto,rep_id,rep_name,grafia,party,party_family,filas_habla_v3,palabras_habla_v3,pct_etapa
I,1,89,Manuel Azaña Diaz,Manuel Azaña Díaz,AR,Republicanos,417,426392,0.037256
I,2,821,Antonio Royo Villanova Morales,Antonio Royo Villanova Morales,Agrarios,Conservadores,849,418013,0.036524
I,3,754,Indalecio Prieto Tuero,Indalecio Prieto Tuero,PSOE,Socialista,635,298318,0.026066
I,4,98,Jose Antonio Balbontin Y Gutierrez,José Antonio Balbontín y Gutiérrez,PRRS,Republicanos,771,277533,0.02425
I,5,672,Eduardo Ortega Y Gasset,Eduardo Ortega y Gasset,PRRS,Republicanos,581,226570,0.019797
I,6,422,Rafael Guerra Del Rio,Rafael Guerra del Río,PRR,Republicanos,726,181936,0.015897
I,7,874,Felipe Sanchez Roman Y Gallifa,Felipe Sánchez Román y Gallifa,Indep.,Republicanos,149,165862,0.014492
I,8,209,Santiago Casares Quiroga,Santiago Casares Quiroga,FRG,Republicanos,431,149448,0.013058
I,9,208,Candido Casanueva Y Gorjon,Cándido Casanueva y Gorjón,Agrarios,Conservadores,570,147082,0.012851
I,10,470,Jose Maria Lamamie De Clairac Y De La Colina,José María Lamamié de Clairac y de la Colina,CT,Carlistas,239,136058,0.011888
I,11,676,Angel Osorio Gallardo,Ángel Ossorio Gallardo,Indep.,Liberales,458,132481,0.011576
I,12,386,Jeronimo Gomariz Latorre,Jerónimo Gomariz Latorre,PRRS,Republicanos,774,128232,0.011204
I,13,485,Jesus Maria Leizaola Sanchez,Jesús María Leizaola Sánchez,PNV,Nacionalista Vasco,263,123122,0.010758
I,14,301,Ramon Feced Gresa,Ramón Feced Gresa,PRR,Republicanos,698,119931,0.010479
I,15,380,Jose Maria Gil Robles Y Quiñones De Leon,José María Gil Robles y Quiñones de León,CEDA,Conservadores,302,112862,0.009861
I,16,298,Joaquin Fanjul Goñi,Joaquín Fanjul Goñi,Agrarios,Conservadores,298,111084,0.009706
I,17,190,Jaime Carner Romeu,Jaime Carner Romeu,PRRS,Republicanos,265,110059,0.009616
I,18,548,Pedro Martin Y Martin,Pedro Martín y Martín,Agrarios,Conservadores,181,107446,0.009388
I,19,112,Eduardo Barriobero Herran,Eduardo Barriobero Herrán,PRDF,Republicanos,299,106138,0.009274
I,20,673,Jose Ortega Y Gasset,José Ortega y Gasset,ASR,Liberales,180,105628,0.009229
I,21,155,Juan Botella Asensi,Juan Botella Asensi,PRRS,Republicanos,261,105132,0.009186
I,22,851,Rafael Salazar Alonso,Rafael Salazar Alonso,PRR,Republicanos,405,99792,0.008719
I,23,345,Angel Galarza Gago,Ángel Galarza Gago,PRRS,Republicanos,243,96404,0.008423
I,24,26,Alvaro De Albornoz Y Liminiana,Álvaro de Albornoz y Liminiana,PRRS,Republicanos,288,94669,0.008272
I,25,581,Miguel Maura Gamazo,Miguel Maura Gamazo,DLR,Liberales,327,92449,0.008078
I,26,218,Juan Castrillo Santos,Juan Castrillo Santos,DLR,Liberales,453,89793,0.007846
I,27,1,Gerardo Abad Conde,Gerardo Abad Conde,PRR,Republicanos,258,89318,0.007804
I,28,166,Abilio Calderon Rojo,Abilio Calderón Rojo,Agrarios,Conservadores,190,89191,0.007793
I,29,791,Fernando De Los Rios Urruti,Fernando de los Ríos Urruti,PSOE,Socialista,259,88833,0.007762
I,30,393,Ricardo Gomez Roji,Ricardo Gómez Roji,CT,Carlistas,185,88289,0.007714
I,31,558,Lucio Martinez Gil,Lucio Martínez Gil,PSOE,Socialista,257,86980,0.0076
I,32,28,Niceto Alcala Zamora Y Torres,Niceto Alcalá-Zamora y Torres,DLR,Liberales,150,86859,0.007589
I,33,359,Jeronimo Garcia Gallego,Jerónimo García Gallego,Indep.,Liberales,114,83715,0.007315
I,34,231,Jose Maria Cid Ruiz Zorrilla,José María Cid Ruiz Zorrilla,Agrarios,Conservadores,188,79295,0.006928
I,35,20,Santiago Alba Bonifaz,Santiago Alba Bonifaz,Indep.,Liberales,256,79292,0.006928
I,36,538,Manuel Marraco Ramon,Manuel Marraco Ramón,PRR,Republicanos,220,78520,0.006861
I,37,722,Joaquin Perez Madrigal,Joaquín Pérez Madrigal,PRRS,Republicanos,504,76506,0.006685
I,38,52,Jose Maria Alvarez Mendizabal Y Bonilla,José María Álvarez Mendizábal y Bonilla,PRR,Republicanos,295,76339,0.00667
I,39,487,Alejandro Lerroux Garcia,Alejandro Lerroux García,PRR,Republicanos,68,75225,0.006573
I,40,495,Francisco Lopez De Goicoechea E Inchaurrandieta,Francisco López de Goicoechea e Inchaurrandieta,PRRS,Republicanos,286,74972,0.006551
I,41,790,Cirilo Del Rio Rodriguez,Cirilo del Río Rodríguez,DLR,Liberales,352,74556,0.006514
I,42,503,Jose Lopez Varela,José López Varela,PRR,Republicanos,119,74477,0.006507
I,43,97,Emilio Baeza Medina,Emilio Baeza Medina,PRRS,Republicanos,440,72489,0.006334
I,44,674,Tomas Ortiz De Solorzano Y Ortiz De La Puente,Tomás Ortiz de Solórzano y Ortiz de la Puente,CEDA,Conservadores,255,71141,0.006216
I,45,455,Luis Jimenez De Asua,Luis Jiménez de Asúa,PSOE,Socialista,390,69391,0.006063
I,46,925,Ramon Suarez Picallo,Ramón Suárez Picallo,FRG,Galleguista,81,68943,0.006024
I,47,565,Salvador Martinez Moya Crespo,Salvador Martínez Moya Crespo,PRR,Republicanos,319,68567,0.005991
I,48,435,Diego Hidalgo Duran,Diego Hidalgo Durán,PRR,Republicanos,129,68101,0.00595
I,49,280,Francisco Javier Elola Y Diaz Varela,Francisco Javier Elola y Díaz Varela,PRR,Republicanos,213,63761,0.005571
I,50,421,Santiago Guallar Poza,Santiago Guallar Poza,CEDA,Conservadores,110,62112,0.005427
I,51,33,Jose Algora Gorbea,José Algora Gorbea,PSOE,Socialista,166,59794,0.005225
I,52,87,Manuel Hilario Ayuso E Iglesias,Manuel Hilario Ayuso e Iglesias,PRDF,Republicanos,358,59762,0.005222
I,53,479,Francisco Largo Caballero,Francisco Largo Caballero,PSOE,Socialista,190,59235,0.005176
I,54,420,Antonio Guallar Poza,Antonio Guallar Poza,PRRS,Republicanos,91,59095,0.005163
I,55,305,Federico Fernandez Castillejo,Federico Fernández Castillejo,DLR,Liberales,192,58428,0.005105
I,56,175,Clara Campoamor Y Rodriguez,Clara Campoamor y Rodríguez,PRR,Republicanos,202,57836,0.005053
I,57,244,Luis Cornide Quiroga,Luis Cornide Quiroga,Indep.,Liberales,148,57118,0.004991
I,58,747,Joaquin Poza Juncal,Joaquín Poza Juncal,AR,Republicanos,228,55869,0.004882
I,59,178,Juan Canales Gonzalez,Juan Canales González,PSOE,Socialista,184,55243,0.004827
I,60,306,Luis Fernandez Clerigo,Luis Fernández Clérigo,AR,Republicanos,177,55149,0.004819
I,61,809,Santiago Rodriguez Piñero,Santiago Rodríguez Piñero,PRR,Republicanos,192,55073,0.004812
I,62,863,Ricardo Samper Ibañez,Ricardo Samper Ibáñez,PURA,Republicanos,136,54129,0.00473
I,63,1011,Justo Villanueva Y Gomez,Justo Villanueva y Gómez,PRR,Republicanos,280,52793,0.004613
I,64,272,Marcelino Domingo Sanjuan,Marcelino Domingo Sanjuán,PRRS,Republicanos,115,51371,0.004489
I,65,883,Juan Jose Santa Cruz Garces,Juan José Santa Cruz Garcés,ASR,Liberales,103,49935,0.004363
I,66,655,Emilio Niembro Gutierrez,Emilio Niembro Gutiérrez,PRDF,Republicanos,116,49179,0.004297
I,67,384,Jose Giral Pereira,José Giral Pereira,ACR,Republicanos,106,49148,0.004294
I,68,450,Antonio Jaen Morente,Antonio Jaén Morente,DLR,Republicanos,121,48377,0.004227
I,69,973,Bernardino Valle Gracia,Bernardino Valle Gracia,PRDF,Republicanos,215,47287,0.004132
I,70,703,Tomas Peire Cabaleiro,Tomás Peire Cabaleiro,PRR,Republicanos,122,46462,0.00406
I,71,783,Fernando Rey Mora,Fernando Rey Mora,PRR,Republicanos,158,45974,0.004017
I,72,607,Ramon Molina Nieto,Ramón Molina Nieto,CEDA,Conservadores,30,44218,0.003864
I,73,953,Manuel Torres Campaña,Manuel Torres Campaña,PRR,Republicanos,202,44112,0.003854
I,74,477,Antonio Lara Zarate,Antonio Lara Zárate,PRR,Republicanos,135,43092,0.003765
I,75,492,Juan Lluhi Vallesca,Juan Lluhí Vallescá,ERC,Catizq,174,41394,0.003617
I,76,18,Rafael Aizpun Santafe,Rafael Aizpún Santafé,Indep.,Conservadores,97,41268,0.003606
I,77,524,Jose Manteca Roger,José Manteca Roger,PURA,Republicanos,79,41213,0.003601
I,78,77,Pedro Armasa Briales,Pedro Armasa Briales,PRR,Republicanos,156,41020,0.003584
I,79,458,Antonio Jimenez Jimenez,Antonio Jiménez Jiménez,EIF,Republicanos,116,40819,0.003567
I,80,462,Cesar Juarros Ortega,César Juarros Ortega,DLR,Liberales,103,40796,0.003565
I,81,55,Basilio Alvarez Rodriguez,Basilio Álvarez Rodríguez,PRR,Republicanos,85,40547,0.003543
I,82,446,Vicente Iranzo Enguita,Vicente Iranzo Enguita,ASR,Liberales,185,40250,0.003517
I,83,1026,Luis Zulueta Y Escolano,Luis Zulueta y Escolano,ASR,Liberales,62,39926,0.003489
I,84,47,Tomas Alvarez Angulo,Tomás Álvarez Angulo,PSOE,Socialista,105,39636,0.003463
I,85,245,Pedro Corominas Y Montaña,Pedro Corominas y Montaña,ERC,Catizq,52,39017,0.003409
I,86,80,Gregorio Arranz Olalla,Gregorio Arranz Olalla,DLR,Liberales,115,38859,0.003395
I,87,735,Antonio Pildain Zapiain,Antonio Pildain Zapiain,CT,Carlistas,41,38664,0.003378
I,88,436,Jose Horn Areilza,José Horn Areilza,PNV,Nacionalista Vasco,201,38147,0.003333
I,89,920,Rodrigo Soriano Barroeta Aldamar,Rodrigo Soriano Barroeta Aldamar,PRDF,Republicanos,181,38036,0.003323
I,90,319,Bibiano Fernandez Osorio Tafall,Bibiano Fernández-Osorio Tafall,FRG,Republicanos,128,37893,0.003311
I,91,157,Jeronimo Bugeda Muñoz,Jerónimo Bugeda Muñoz,PSOE,Socialista,54,37817,0.003304
I,92,134,Joaquin Beunza Y Redin,Joaquín Beúnza y Redín,CT,Carlistas,110,37606,0.003286
I,93,512,Dimas Madariaga Almendros,Dimas Madariaga Almendros,CEDA,Conservadores,220,37379,0.003266
I,94,905,Jose Serrano Batanero,José Serrano Batanero,AR,Republicanos,132,36872,0.003222
I,95,865,Claudio Sanchez Albornoz Menduiña,Claudio Sánchez Albornoz Menduiña,AR,Republicanos,83,36377,0.003178
I,96,90,Emilio Azarola Gresillon,Emilio Azarola Gresillón,PRRS,Republicanos,47,36202,0.003163
I,97,970,Fernando Valera Aparicio,Fernando Valera Aparicio,PRRS,Republicanos,78,36155,0.003159
I,98,550,Diego Martinez Barrio,Diego Martínez Barrio,AR,Republicanos,113,36138,0.003158
I,99,263,Juan Diaz Del Moral,Juan Díaz del Moral,ASR,Liberales,51,35867,0.003134
I,100,808,Antonio Rodriguez Perez,Antonio Rodríguez Pérez,FRG,Republicanos,226,35657,0.003116
I,101,894,Antonio Maria Sbert Massanet,Antonio María Sbert Massanet,ERC,Catizq,60,35396,0.003093
I,102,308,Herminio Fernandez De La Poza,Herminio Fernández de la Poza,PRR,Republicanos,82,35103,0.003067
I,103,814,Antonio Roma Y Rubies,Antonio Roma y Rubies,PSOE,Socialista,199,34897,0.003049
I,104,70,Fermin Aranda Y Fernandez Caballero,Fermín Aranda y Fernández Caballero,AR,Republicanos,146,34162,0.002985
I,105,370,Alfonso Garcia Valdecasas Y Garcia Valdecasas,Alfonso García Valdecasas y García Valdecasas,ASR,Liberales,101,33491,0.002926
I,106,670,Andres Orozco Batista,Andrés Orozco Batista,PRR,Republicanos,73,33422,0.00292
I,107,556,Jose Martinez De Velasco Escolar,José Martínez de Velasco Escolar,Agrarios,Agrarios,128,32833,0.002869
I,108,534,Melchor Marial Mundet,Melchor Marial Mundet,PRDF,Republicanos,79,32267,0.002819
I,109,242,Luis Cordero Bel,Luis Cordero Bel,PRR,Republicanos,149,31977,0.002794
I,110,995,Isidoro Vergara Castrillon,Isidoro Vergara Castrillón,AR,Republicanos,197,31327,0.002737
I,111,666,Marcelino De Oreja Y Elosegui,Marcelino de Oreja y Elósegui,CT,Carlistas,64,31054,0.002713
I,112,164,Antonio Cabrera Toba,Antonio Cabrera Toba,PSOE,Socialista,43,30004,0.002622
I,113,45,Hector Altabas Alio,Héctor Altabás Alio,PURA,Republicanos,124,29517,0.002579
I,114,329,Gonzalo Figueroa O'neill,Gonzalo Figueroa O'Neill,AR,Republicanos,39,28838,0.00252
I,115,363,Joaquin Garcia Hidalgo Villanueva,Joaquín García Hidalgo Villanueva,PSOE,Socialista,45,28630,0.002502
I,116,356,Miguel Garcia Bravo Ferrer,Miguel García-Bravo Ferrer,AR,Republicanos,55,28558,0.002495
I,117,85,Jose Ayats Surribas,José Ayats Surribas,DLR,Liberales,44,28375,0.002479
I,118,1005,Antonio De La Villa Gutierrez,Antonio de la Villa Gutiérrez,PRRS,Republicanos,110,28326,0.002475
I,119,22,Gumersindo Alberca Montoya,Gumersindo Alberca Montoya,AR,Republicanos,84,27968,0.002444
I,120,340,Gabriel Franco Lopez,Gabriel Franco López,AR,Republicanos,99,27523,0.002405
I,121,439,Amadeo Hurtado Miro,Amadeo Hurtado Miró,ERC,Catizq,27,27280,0.002384
I,122,48,Jose Alvarez Buylla Y Godino,José Álvarez Buylla y Godino,PRR,Republicanos,43,27254,0.002381
I,123,741,Leandro Pita Romero,Leandro Pita Romero,FRG,Republicanos,79,27189,0.002376
I,124,767,Pedro Rahola Y Molinas,Pedro Rahola y Molinas,Lliga,Catder,26,27007,0.00236
I,125,195,Manuel Carrasco Y Formiguera,Manuel Carrasco y Formiguera,Lliga,Catder,85,26821,0.002343
I,126,107,Francisco Barnes Salinas,Francisco Barnés Salinas,PRRS,Republicanos,102,26481,0.002314
I,127,50,Melquiades Alvarez Gonzalez Posada,Melquíades Álvarez González Posada,LD,Liberales,15,26124,0.002283
I,128,290,Juan Estelrich Artigues,Juan Estelrich Artigues,Lliga,Catder,23,26058,0.002277
I,129,708,Matias Peñalba Alonso De Ojeda,Matías Peñalba Alonso de Ojeda,AR,Republicanos,135,25919,0.002265
I,130,282,Isidro Escandell Ubeda,Isidro Escandell Ubeda,PSOE,Socialista,49,25757,0.002251
I,131,868,Jose Sanchez Covisa Y Sanchez Covisa,José Sánchez-Covisa y Sánchez-Covisa,DLR,Liberales,190,25462,0.002225
I,132,68,Amadeo Aragay Davi,Amadeo Aragay Davi,ERC,Catizq,67,25262,0.002207
I,133,412,Felix Gordon Ordas,Félix Gordón Ordás,PRRS,Republicanos,50,25157,0.002198
I,134,491,Rodolfo Llopis Ferrandiz,Rodolfo Llopis Ferrándiz,PSOE,Socialista,46,24999,0.002184
I,135,631,Mariano Moreno Mateo,Mariano Moreno Mateo,PSOE,Socialista,102,24671,0.002156
I,136,177,Antonio Canales Gonzalez,Antonio Canales González,PSOE,Socialista,79,24055,0.002102
I,137,836,Mariano Ruiz Funes Garcia,Amós Ruiz Lecina,AR,Republicanos,138,23460,0.00205
I,138,884,Miguel Santalo Y Parvorell,Miguel Santaló y Parvorell,ERC,Catizq,59,23374,0.002042
I,139,841,Amos Sabras Gurrea,Amós Sabrás Gurrea,PSOE,Socialista,63,23199,0.002027
I,140,794,Angel Rizo Bayona,Ángel Rizo Bayona,PRR,Republicanos,39,22929,0.002003
I,141,786,Pedro Rico Lopez,Pedro Rico López,AR,Republicanos,68,22849,0.001996
I,142,864,Miguel San Andres Castro,Miguel San Andrés Castro,PRRS,Republicanos,115,22256,0.001945
I,143,39,Tomas Alonso De Armiño Y Calleja,Tomás Alonso de Armiño y Calleja,Agrarios,Agrarios,63,21816,0.001906
I,144,541,Juan Luis Martin De Antonio,Juan Luis Martín de Antonio,PRRS,Republicanos,119,21799,0.001905
I,145,889,Juan Sapiña Camaro,Juan Sapiña Camaró,PSOE,Socialista,132,21223,0.001854
I,146,628,Jose Moreno Galvache,José Moreno Galvache,PRRS,Republicanos,46,21214,0.001854
I,147,443,Emiliano Iglesias Y Ambrosio,Emiliano Iglesias y Ambrosio,PRR,Republicanos,59,21030,0.001838
I,148,774,Luis Recasens Siches,Luis Recaséns Siches,DLR,Liberales,45,20940,0.00183
I,149,678,Ramon Otero Pedrayo,Ramón Otero Pedrayo,PG,Galleguista,33,20937,0.001829
I,150,405,Manuel Gonzalez Ramos,Manuel González Ramos,PSOE,Socialista,40,20548,0.001795
I,151,688,Jose Palanco Romero,José Palanco Romero,PRR,Republicanos,142,20503,0.001791
I,152,840,Andres Saborit Colomer,Andrés Saborit Colomer,PSOE,Socialista,87,19838,0.001733
I,153,652,Juan Negrin Lopez,Juan Negrín López,PSOE,Socialista,182,19428,0.001698
I,154,915,Vicente Sol Sanchez,Vicente Sol Sánchez,AR,Republicanos,19,19410,0.001696
I,155,960,Miguel De Unamuno Y Jugo,Miguel de Unamuno y Jugo,ASR,Liberales,23,19390,0.001694
I,156,127,Jose Berenguer Cros,José Berenguer Cros,PRRS,Republicanos,93,19366,0.001692
I,157,991,Nicasio Velayos Y Velayos,Nicasio Velayos y Velayos,Agrarios,Agrarios,58,19289,0.001685
I,158,239,Luis Companys Jover,Luis Companys Jover,ERC,Catizq,88,18944,0.001655
I,159,16,Jose Antonio Aguirre Y Lecube,José Antonio Aguirre y Lecube,PNV,Nacionalista Vasco,30,18893,0.001651
I,160,123,Luis Bello Trompeta,Luis Bello Trompeta,AR,Republicanos,104,18750,0.001638
I,161,457,Manuel Jimenez Garcia De La Serrana,Manuel Jiménez García de la Serrana,PSOE,Socialista,22,18713,0.001635
I,162,651,Ramon Navarro Vives,Ramón Navarro Vives,PRRS,Republicanos,98,18641,0.001629
I,163,466,Julio Just Gimeno,Julio Just Gimeno,PURA,Republicanos,33,18480,0.001615
I,164,784,Manuel Rico Avello,Manuel Rico Avello,ASR,Liberales,110,18410,0.001609
I,165,764,Alberto De Quintana De Leon,Alberto de Quintana de León,ERC,Catizq,79,18388,0.001607
I,166,904,Manuel Serra Moret,Manuel Serra Moret,ERC,Catizq,63,18378,0.001606
I,167,73,Eugenio Arauz Payardo,Eugenio Arauz Payardo,PRDF,Republicanos,32,17643,0.001542
I,168,292,Francisco Estevanez Rodriguez,Francisco Estévanez Rodríguez,CT,Carlistas,31,17420,0.001522
I,169,394,Trifon Gomez San Jose,Trifón Gómez San José,PSOE,Socialista,74,17304,0.001512
I,170,632,Manuel Moreno Mendoza,Manuel Moreno Mendoza,AR,Republicanos,35,17145,0.001498
I,171,2,Raimundo De Abadal Caldero,Raimundo de Abadal Calderó,Lliga,Catder,19,16979,0.001484
I,172,939,Jose Terrero Sanchez,José Terrero Sánchez,PRR,Republicanos,62,16551,0.001446
I,173,167,Juan Calot Sanz,Juan Calot Sanz,PURA,Republicanos,79,16535,0.001445
I,174,95,Ubaldo De Azpiazu Y Artazu,Ubaldo de Azpiazu y Artazu,PRR,Republicanos,84,16526,0.001444
I,175,372,Luis Garcia Y Garcia Lozano,Luis García y García Lozano,PRR,Republicanos,93,16449,0.001437
I,176,337,Jose Franchy Roca,José Franchy Roca,PRDF,Republicanos,48,16415,0.001434
I,177,835,Mariano Ruiz Funes Garcia,Mariano Ruiz-Funes García,AR,Republicanos,89,16383,0.001431
I,178,30,Ramon Maria Aldasoro Y Galarza,Ramón María Aldasoro y Galarza,PRRS,Republicanos,101,16204,0.001416
I,179,801,Alfonso Daniel Rodriguez Castelao,Alfonso Daniel Rodríguez Castelao,PG,Nacionalista Gallego,20,16020,0.0014
I,180,339,Ramon Franco Bahamonde,Ramón Franco Bahamonde,ERC,Catizq,54,15885,0.001388
I,181,1000,Juan Simeon Vidarte Franco Romero,Juan Simeón Vidarte Franco-Romero,PSOE,Socialista,177,15836,0.001384
I,182,513,Salvador Madariaga Rojo,Salvador Madariaga Rojo,FRG,Republicanos,32,15562,0.00136
I,183,623,Juan Moran Bayo,Juan Morán Bayo,PSOE,Socialista,77,15413,0.001347
I,184,975,Eloy Vaquero Cantillo,Eloy Vaquero Cantillo,PRR,Republicanos,17,15271,0.001334
I,185,40,Bruno Alonso Gonzalez,Bruno Alonso González,PSOE,Socialista,47,15121,0.001321
I,186,7,Antonio Acuña Carballar,Antonio Acuña Carballar,PSOE,Socialista,45,15042,0.001314
I,187,958,Antonio Tuñon De Lara,Antonio Tuñón de Lara,PRR,Republicanos,30,14986,0.001309
I,188,742,Gustavo Pittaluga Fattorini,Gustavo Pittaluga Fattorini,DLR,Liberales,24,14958,0.001307
I,189,772,Enrique Ramos Ramos,Enrique Ramos Ramos,AR,Republicanos,76,14922,0.001304
I,190,680,Andres Ovejero Bustamante,Andrés Ovejero Bustamante,PSOE,Socialista,11,14884,0.0013
I,191,654,Luis Nicolau D'olwer,Luis Nicoláu d'Olwer,ACR,Catizq,36,14760,0.00129
I,192,174,Rafael Campalans Puig,Rafael Campaláns Puig,USC,Socialista,18,14624,0.001278
I,193,299,Vicente Fatras Neira,Vicente Fatrás Neira,PRRS,Republicanos,35,14607,0.001276
I,194,251,Ricardo Crespo Romero,Ricardo Crespo Romero,AR,Republicanos,64,14412,0.001259
I,195,228,Adolfo Chacon De La Mata,Adolfo Chacón de la Mata,AR,Republicanos,31,14239,0.001244
I,196,1019,Jose Xirau Palau,José Xirau Palau,ERC,Catizq,21,13935,0.001218
I,197,932,Luis De Tapia Romero,Luis de Tapia Romero,Indep.,Republicanos,45,13934,0.001217
I,198,273,Tomas Dominguez Arevalo,Tomás Domínguez Arévalo,CT,Carlistas,40,13874,0.001212
I,199,415,Anastasio De Gracia Villarrubia,Anastasio de Gracia Villarrubia,PSOE,Socialista,94,13657,0.001193
I,200,1018,Antonio Xirau Palau,Antonio Xirau Palau,ERC,Catizq,42,13598,0.001188
I,201,913,Jaime Simo Bofarull,Jaime Simó Bofarull,PRR,Republicanos,33,13323,0.001164
I,202,531,Tomas Marcos Escribano,Tomás Marcos Escribano,DLR,Liberales,16,13295,0.001162
I,203,310,Eladio Fernandez Egocheaga,Eladio Fernández Egocheaga,PSOE,Socialista,34,13253,0.001158
I,204,270,Manuel Dolcet Carmen,Manuel Dolcet Carmen,PRDF,Catizq,36,13241,0.001157
I,205,304,Antonio Fernandez Bolaños Mora,Antonio Fernández-Bolaños Mora,PSOE,Socialista,93,13059,0.001141
I,206,656,Alfredo Nistal Martinez,Alfredo Nistal Martínez,PSOE,Socialista,82,13053,0.001141
I,207,181,Antonio Cañizares Peñalva,Antonio Cañizares Peñalva,PSOE,Socialista,25,12996,0.001136
I,208,65,Mariano Anso Zunzarren,Mariano Ansó Zunzarren,AR,Republicanos,85,12852,0.001123
I,209,724,Antonio Perez Torreblanca,Antonio Pérez Torreblanca,PRRS,Republicanos,20,12834,0.001121
I,210,365,Antonio Garcia Prieto,Antonio García Prieto,PSOE,Socialista,16,12762,0.001115
I,211,892,Venancio Sarria Simon,Venancio Sarriá Simón,PRRS,Republicanos,54,12701,0.00111
I,212,812,Mariano Rojo Gonzalez,Mariano Rojo González,PSOE,Socialista,33,12215,0.001067
I,213,895,Salvador Sediles Moreno,Salvador Sediles Moreno,EIF,Republicanos,55,12026,0.001051
I,214,700,Alvaro Pascual Leone,Álvaro Pascual Leone,PRR,Republicanos,33,11636,0.001017
I,215,653,Margarita Nelken Mansberger De Paul,Margarita Nelken Mansberger de Paúl,PSOE,Socialista,11,11589,0.001013
I,216,777,Jose Reino Caamaño,José Reino Caamaño,DLR,Republicanos,31,11578,0.001012
I,217,636,Gabriel Moron Diaz,Gabriel Morón Díaz,PSOE,Socialista,23,11527,0.001007
I,218,748,Gabriel Pradal Gomez,Gabriel Pradal Gómez,PSOE,Socialista,86,11462,0.001001
I,219,93,Francisco Azorin Izquierdo,Francisco Azorín Izquierdo,PSOE,Socialista,101,11391,0.000995
I,220,718,Alonso Perez Diaz,Alonso Pérez Díaz,PRR,Republicanos,36,11356,0.000992
I,221,243,Manuel Cordero Perez,Manuel Cordero Pérez,PSOE,Socialista,36,11328,0.00099
I,222,988,Antonio Velao Oñate,Antonio Velao Oñate,AR,Republicanos,40,11262,0.000984
I,223,589,Teodomiro Menendez Fernandez,Teodomiro Menéndez Fernández,PSOE,Socialista,34,11146,0.000974
I,224,483,Eduardo Layret Foix,Eduardo Layret Foix,ERC,Catizq,66,11051,0.000966
I,225,952,Humberto Torres Barbera,Humberto Torres Barberá,ERC,Catizq,6,10877,0.00095
I,226,182,Jose Cano Coloma,José Cano Coloma,PRRS,Republicanos,19,10794,0.000943
I,227,490,Jose Llado Y Valles,José Lladó y Vallés,RI,Liberales,22,10436,0.000912
I,228,83,Benito Artigas Arpon,Benito Artigas Arpón,PRRS,Republicanos,16,10280,0.000898
I,229,140,Carlos Blanco Perez,Carlos Blanco Pérez,DLR,Liberales,42,10168,0.000888
I,230,757,Jose Puig De Asprer,José Puig de Asprer,PRR,Republicanos,90,9987,0.000873
I,231,977,Pedro Vargas Guerendiain,Pedro Vargas Guerendiain,PRRS,Republicanos,27,9950,0.000869
I,232,873,Antonio L. Sanchez Prados,Antonio L. Sánchez Prados,PRRS,Republicanos,31,9665,0.000844
I,233,383,Bernardo Giner De Los Rios Garcia,Bernardo Giner de los Ríos García,ASR,Liberales,38,9650,0.000843
I,234,141,Benito Blanco Rajoy Y Espada,Benito Blanco-Rajoy y Espada,Indep. de derechas,Conservadores,47,9353,0.000817
I,235,401,Emilio Gonzalez Lopez,Emilio González López,FRG,Galleguista,33,9262,0.000809
I,236,99,Jose Ballester Gozalvo,José Ballester Gozalvo,PRRS,Republicanos,89,9183,0.000802
I,237,877,Jose Sanchis Banus,José Sanchís Banús,PSOE,Socialista,10,8990,0.000786
I,238,658,Roberto Novoa Santos,Roberto Novoa Santos,FRG,Republicanos,2,8885,0.000776
I,239,938,Ramon Maria Tenreiro Rodriguez,Ramón María Tenreiro Rodríguez,FRG,Republicanos,23,8863,0.000774
I,240,507,Edmundo Lorenzo Santiago,Edmundo Lorenzo Santiago,PSOE,Socialista,11,8798,0.000769
I,241,260,Perfecto Diaz Alonso,Perfecto Díaz Alonso,PRR,Republicanos,49,8784,0.000768
I,242,788,Pedro Riera Vidal,Pedro Riera Vidal,PRR,Republicanos,15,8713,0.000761
I,243,404,Ramon Gonzalez Peña,Ramón González Peña,PSOE,Socialista,7,8515,0.000744
I,244,994,Juan Ventosa Roig,Juan Ventosa Roig,ERC,Catizq,17,8506,0.000743
I,245,831,Manuel Ruiz De Villa Y P. Carral,Manuel Ruiz de Villa y P. Carral,PRRS,Republicanos,6,8481,0.000741
I,246,936,Jose Templado Martinez,José Templado Martínez,PRR,Republicanos,45,8262,0.000722
I,247,217,Enrique Del Castillo Folache,Enrique del Castillo Folache,DLR,Liberales,36,8073,0.000705
I,248,696,Jose Pareja Yevenes,José Pareja Yévenes,PRR,Republicanos,3,7794,0.000681
I,249,224,Jose Centeno Gonzalez,José Centeno González,DLR,Liberales,39,7279,0.000636
I,250,133,Julian Besteiro Fernandez,Julián Besteiro Fernández,PSOE,Socialista,21,7044,0.000615
I,251,293,Martin Esteve Guau,Martín Esteve Guau,ACR,Catizq,33,7024,0.000614
I,252,855,Jose Salmeron Garcia,José Salmerón García,PRRS,Republicanos,53,6958,0.000608
I,253,917,Emilio De Sola Y Ramos,Emilio de Solá y Ramos,AR,Republicanos,14,6932,0.000606
I,254,825,Angel Rubio Muñoz Bocanegra,Ángel Rubio Muñoz Bocanegra,PSOE,Socialista,3,6908,0.000604
I,255,775,Cayetano Redondo Aceña,Cayetano Redondo Aceña,PSOE,Socialista,15,6903,0.000603
I,256,17,Francisco Agustin Rodriguez,Francisco Agustín Rodríguez,PRR,Republicanos,6,6781,0.000592
I,257,376,Fernando Gasset Y Lacasaña,Fernando Gasset y Lacasaña,PRR,Republicanos,37,6728,0.000588
I,258,882,Primitivo Santa Cecilia Rivas,Primitivo Santa Cecilia Rivas,PSOE,Socialista,8,6716,0.000587
I,259,381,Ramon Gil Roldan Y Martin,Ramón Gil Roldán y Martín,PRR,Republicanos,16,6699,0.000585
I,260,838,Ramon Ruiz Rebollo,Ramón Ruiz Rebollo,PRDF,Republicanos,23,6664,0.000582
I,261,862,Angel Samblancat Salanova,Ángel Samblancat Salanova,PSOE,Socialista,7,6629,0.000579
I,262,644,Manuel Muñoz Martinez,Manuel Muñoz Martínez,PRRS,Republicanos,22,6548,0.000572
I,263,533,Jose Mareque Santos,José Mareque Santos,PSOE,Socialista,7,6479,0.000566
I,264,338,Enrique De Francisco Jimenez,Enrique de Francisco Jiménez,PSOE,Socialista,25,6428,0.000562
I,265,410,Jose Fernando Gonzalez Uña,José Fernando González Uña,PSOE,Socialista,12,6407,0.00056
I,266,590,Angel Menendez Suarez,Ángel Menéndez Suárez,PRDF,Republicanos,31,6361,0.000556
I,267,289,Jose Estadella Arno,José Estadella Arnó,PRR,Republicanos,7,6344,0.000554
I,268,1024,Julian Zugazagoitia Mendieta,Julián Zugazagoitia Mendieta,PSOE,Socialista,7,6206,0.000542
I,269,888,Martin Sanz Diez,Martín Sanz Díez,PSOE,Socialista,4,5955,0.00052
I,270,698,Marcelino Pascua Martinez,Marcelino Pascua Martínez,PSOE,Socialista,29,5828,0.000509
I,271,102,Sebastian Banzo Urrea,Sebastián Banzo Urrea,PRR,Republicanos,2,5741,0.000502
I,272,332,Alvaro Figueroa Y Torres,Álvaro Figueroa y Torres,Liberal Monárquico,Liberales,5,5654,0.000494
I,273,847,Pedro Sainz Rodriguez,Pedro Sainz Rodríguez,RI,Derecha autoritaria,8,5633,0.000492
I,274,82,Andres De Arroyo Y Gonzalez De Chaves,Andrés de Arroyo y González de Chaves,CT,Carlistas,14,5602,0.000489
I,275,951,Angel Torres Alonso,Ángel Torres Alonso,Agrarios,Agrarios,16,5302,0.000463
I,276,21,Manuel Albar Catalan,Manuel Albar Catalán,PSOE,Socialista,14,5282,0.000462
I,277,407,Ramon Gonzalez Sicilia Y De La Corte,Ramón González Sicilia y de la Corte,AR,Republicanos,18,5272,0.000461
I,278,382,Gil Gil Y Gil,Gil Gil y Gil,PRR,Republicanos,32,5227,0.000457
I,279,739,Fernando Piñuela Y Romero,Fernando Piñuela y Romero,PSOE,Socialista,18,5203,0.000455
I,280,978,Daniel Vazquez Campo,Daniel Vázquez Campo,FRG,Republicanos,18,5109,0.000446
I,281,803,Romualdo Rodriguez De Vera Y Romero,Romualdo Rodríguez de Vera y Romero,PSOE,Socialista,31,5038,0.00044
I,282,271,Andres Domingo Martinez,Andrés Domingo Martínez,PSOE,Socialista,4,5019,0.000439
I,283,38,Gabriel Alomar Villalonga,Gabriel Alomar Villalonga,PRRS,Republicanos,45,4982,0.000435
I,284,210,Hermenegildo Casas Jimenez,Hermenegildo Casas Jiménez,PSOE,Socialista,10,4898,0.000428
I,285,832,Jesus Ruiz Del Rio,Jesús Ruiz del Río,PRRS,Republicanos,18,4803,0.00042
I,286,1012,Antonio Villar Ponte,Antonio Villar Ponte,FRG,Galleguista,11,4802,0.00042
I,287,86,Julian Ayesta Manchola,Julián Ayesta Manchola,DLR,Liberales,18,4738,0.000414
I,288,325,Lauro Fernandez Y Gonzalez,Lauro Fernández y González,RI,Conservadores,10,4629,0.000404
I,289,844,Antonio Sacristan Colas,Antonio Sacristán Colás,PSOE,Socialista,32,4628,0.000404
I,290,690,Domingo Palet Y Barba,Domingo Palet y Barba,ERC,Catizq,39,4622,0.000404
I,291,572,Carlos Martinez Y Martinez,Carlos Martínez y Martínez,PRRS,Republicanos,11,4593,0.000401
I,292,377,Ventura Gassol Rovira,Ventura Gassol Rovira,ERC,Catizq,7,4552,0.000398
I,293,281,Enrique Esbri Fernandez,Enrique Esbrí Fernández,PSOE,Socialista,2,4542,0.000397
I,294,603,Esteban Mirasol Ruiz,Esteban Mirasol Ruiz,AR,Republicanos,40,4479,0.000391
I,295,71,Luis Araquistain Quevedo,Luis Araquistáin Quevedo,PSOE,Socialista,7,4353,0.00038
I,296,1003,Gregorio Vilatela Abad,Gregorio Vilatela Abad,PRRS,Republicanos,1,4347,0.00038
I,297,146,Fermin Blazquez Nieto,Fermín Blázquez Nieto,PSOE,Socialista,52,4340,0.000379
I,298,989,Luis Velasco Coffin,Luis Velasco Coffín,PRR,Republicanos,7,4246,0.000371
I,299,35,Rodrigo Almada Rodriguez,Rodrigo Almada Rodríguez,PSOE,Socialista,19,4234,0.00037
I,300,526,Juan March Ordinas,Juan March Ordinas,PRC,Conservadores,9,4203,0.000367
I,301,154,Enrique Heraclio Botana Perez,Enrique Heraclio Botana Pérez,PSOE,Socialista,52,4177,0.000365
I,302,545,Marcelino Martin Gonzalez Del Arco,Marcelino Martín González del Arco,PSOE,Socialista,34,4011,0.00035
I,303,91,Justino De Azcarate Y Florez,Justino de Azcárate y Flórez,ASR,Liberales,44,3948,0.000345
I,304,288,Carlos Espla Rizo,Carlos Esplá Rizo,RI,Republicanos,11,3890,0.00034
I,305,219,Honorato De Castro Bonel,Honorato de Castro Bonel,AR,Republicanos,50,3793,0.000331
I,306,201,Wenceslao Carrillo Alonso,Wenceslao Carrillo Alonso,PSOE,Socialista,39,3776,0.00033
I,307,395,Pedro Vicente Gomez Sanchez,Pedro Vicente Gómez Sánchez,PRR,Republicanos,19,3764,0.000329
I,308,608,Francisco Molleda Garces,Francisco Molleda Garcés,Indep.,Leonesista,8,3741,0.000327
I,309,871,Jose Sanchez Guerra Y Martinez,José Sánchez Guerra y Martínez,Indep.,Conservadores,23,3665,0.00032
I,310,731,Joaquin Pi Y Arsuaga,Joaquín Pi y Arsuaga,PRDF,Republicanos,11,3609,0.000315
I,311,692,Emilio Palomo Aguado,Emilio Palomo Aguado,PRR,Republicanos,14,3432,0.0003
I,312,497,Luis Lopez Doriga Meseguer,Luis López Dóriga Meseguer,PRRS,Republicanos,15,3419,0.000299
I,313,657,Ramon Nogues Y Bizet,Ramón Nogués y Bizet,PRRS,Republicanos,5,3317,0.00029
I,314,745,Manuel Portela Valladares,Manuel Portela Valladares,Indep.,Liberales,15,3261,0.000285
I,315,143,Sigfrido Blasco Blasco,Sigfrido Blasco-Ibáñez Blasco,PURA,Republicanos,3,3194,0.000279
I,316,856,Nicolas Salmeron Garcia,Nicolás Salmerón García,PRRS,Republicanos,3,3105,0.000271
I,317,119,Ramon Beade Mendez,Ramón Beade Méndez,PSOE,Socialista,14,3045,0.000266
I,318,326,Benigno Ferrer Domingo,Benigno Ferrer Domingo,PSOE,Socialista,23,3030,0.000265
I,319,896,Angel Segovia Burillo,Ángel Segovia Burillo,PRRS,Republicanos,18,2987,0.000261
I,320,413,Miguel Gortari Errea,Miguel Gortari Errea,CT,Carlistas,4,2906,0.000254
I,321,233,Fernando Coca Gonzalez Saavedra,Fernando Coca González Saavedra,AR,Republicanos,12,2900,0.000253
I,322,833,Jose Ruiz Del Toro,José Ruiz del Toro,PSOE,Socialista,11,2896,0.000253
I,323,467,Victoria Kent Siano,Victoria Kent Siano,PRRS,Republicanos,7,2891,0.000253
I,324,368,Joaquin Garcia Ribes,Joaquín García Ribes,PURA,Republicanos,6,2848,0.000249
I,325,41,Domingo Alonso Jimeno,Domingo Alonso Jimeno,PSOE,Socialista,3,2711,0.000237
I,326,494,Juan Loperena Roma,Juan Loperena Roma,PRRS,Republicanos,18,2705,0.000236
I,327,898,Juan Selvas Carne,Juan Selvas Carné,ERC,Catizq,4,2692,0.000235
I,328,707,Luis Peña Novo,Luis Peña Novo,FRG,Galleguista,1,2631,0.00023
I,329,417,Miguel Granados Ruiz,Miguel Granados Ruiz,PRRS,Republicanos,68,2604,0.000228
I,330,32,Edmundo Alfaro Gironda,Edmundo Alfaro Gironda,PRR,Republicanos,11,2603,0.000227
I,331,820,Jose Royo Gomez,José Royo Gómez,AR,Republicanos,6,2482,0.000217
I,332,765,Alfonso Quintana Pena,Alfonso Quintana Peña,PSOE,Socialista,10,2456,0.000215
I,333,351,Leopoldo Garcia Alas Y Garcia Arguelles,Leopoldo García Alas y García Argüelles,PRRS,Republicanos,15,2424,0.000212
I,334,216,Federico Del Castillo Extremera,Federico del Castillo Extremera,DLR,Liberales,7,2415,0.000211
I,335,221,Roberto Castrovido Sanz,Roberto Castrovido Sanz,Indep.,Republicanos,11,2413,0.000211
I,336,800,Alejandro Rodriguez Cadarso,Alejandro Rodríguez Cadarso,FRG,Republicanos,5,2320,0.000203
I,337,354,Jose Garcia Berlanga Pardo,José García Berlanga Pardo,PURA,Republicanos,10,2138,0.000187
I,338,848,Fernando Sainz Ruiz,Fernando Sainz Ruiz,PSOE,Socialista,9,2089,0.000183
I,339,532,Agustin Marcos Escudero,Agustín Marcos Escudero,PSOE,Socialista,3,2033,0.000178
I,340,388,Aurelio Gomez Gonzalez,Aurelio Gómez González,Agrarios,Agrarios,13,1985,0.000173
I,341,295,Luis Fabrega Coello,Luis Fábrega Coello,PRR,Republicanos,9,1955,0.000171
I,342,733,Rafael Picavea Leguia,Rafael Picavea Leguía,PNV,Nacionalista Vasco,11,1918,0.000168
I,343,238,Juan Company Jimenez,Juan Company Jiménez,PRDF,Republicanos,5,1888,0.000165
I,344,853,Ramon Salgado Perez,Ramón Salgado Pérez,PRR,Republicanos,9,1841,0.000161
I,345,419,Jose Grau Jasans,José Grau Jasans,ERC,Catizq,3,1713,0.00015
I,346,561,Jose Maria Martinez Jimenez,José María Martínez Jiménez,PRRS,Republicanos,3,1707,0.000149
I,347,320,Antonio Fernandez Quer,Antonio Fernández Quer,PSOE,Socialista,1,1705,0.000149
I,348,870,Laureano Sanchez Gallego,Laureano Sánchez Gallego,PSOE,Socialista,4,1675,0.000146
I,349,926,Publio Suarez Uriarte,Publio Suárez Uriarte,ASR,Liberales,10,1604,0.00014
I,350,294,Antonio Fabra Ribas,Antonio Fabra Ribas,PSOE,Socialista,1,1547,0.000135
I,351,122,Epifanio Belli Castiel,Epifanio Belli Castiel,ERC,Catizq,3,1485,0.00013
I,352,391,Jose Gomez Osorio,José Gómez Osorio,PSOE,Socialista,5,1449,0.000127
I,353,392,Laureano Gomez Paratcha,Laureano Gómez Paratcha,DLR,Liberales,7,1444,0.000126
I,354,463,Francisco Julia Perello,Francisco Juliá Perelló,Federalista,Republicanos,7,1301,0.000114
I,355,760,Cesar Puig Martinez,César Puig Martínez,PRR,Republicanos,4,1298,0.000113
I,356,264,Jose Diaz Fernandez,José Díaz Fernández,PRRS,Republicanos,9,1289,0.000113
I,357,609,Pedro Molpeceres Ramos,Pedro Molpeceres Ramos,PSOE,Socialista,2,1265,0.000111
I,358,529,Vicente Marco Miranda,Vicente Marco Miranda,PURA,Republicanos,6,1253,0.000109
I,359,669,Jose Luis De Oriol Y Uriguen,José Luis de Oriol y Urigüen,CT,Carlistas,4,1250,0.000109
I,360,568,Manuel Martinez Risco Y Macias,Manuel Martínez Risco y Macías,AR,Republicanos,1,1209,0.000106
I,361,796,Manuel Robles Aranguiz,Manuel Robles Aránguiz,PNV,Nacionalista Vasco,3,1178,0.000103
I,362,427,Cesar Gusano Rodriguez,César Gusano Rodríguez,DLR,Liberales,4,1173,0.000102
I,363,929,Felix Susaeta Y Mardones,Félix Susaeta y Mardones,PRRS,Republicanos,8,1164,0.000102
I,364,890,Angel Sarmiento Gonzalez,Ángel Sarmiento González,PRDF,Republicanos,2,1151,0.000101
I,365,693,Basilio Paraiso Labad,Basilio Paraíso Labad,PRR,Republicanos,3,1083,9.5e-05
I,366,959,Rafael Ulled Altimer,Rafael Ulled Altimer,PRR,Republicanos,2,1076,9.4e-05
I,367,116,Francisco Basterrechea Zaldivar,Francisco Basterrechea Zaldivar,PNV,Nacionalista Vasco,3,993,8.7e-05
I,368,183,Rufino Cano De Rueda,Rufino Cano de Rueda,Indep.,Conservadores,12,979,8.6e-05
I,369,152,Juan Bort Olmos,Juan Bort Olmos,PRR,Republicanos,8,973,8.5e-05
I,370,373,Jose Garrote Tebar,José Garrote Tebar,PSOE,Socialista,2,966,8.4e-05
I,371,451,Alejandro Jaume Rossello,Alejandro Jaume Rossello,PSOE,Socialista,3,961,8.4e-05
I,372,353,Manuel Garcia Becerra,Manuel García Becerra,PRR,Republicanos,5,958,8.4e-05
I,373,180,Jose Teodoro Canet Menendez,José Teodoro Canet Menéndez,PRR,Republicanos,7,886,7.7e-05
I,374,660,Francisco Nuñez Tomas,Francisco Núñez Tomás,PSOE,Socialista,1,829,7.2e-05
I,375,1016,Rodolfo Viñas Arcos,Rodolfo Viñas Arcos,PSOE,Socialista,2,825,7.2e-05
I,376,759,Juan Puig Ferrater,Juan Puig Ferrater,ERC,Catizq,7,807,7.1e-05
I,377,852,Vicente Sales Musoles,Vicente Sales Musoles,DLR,Liberales,9,784,6.9e-05
I,378,893,Francisco Saval Moris,Francisco Saval Moris,PRRS,Republicanos,5,780,6.8e-05
I,379,637,Jose Mouriz Riesgo,José Mouriz Riesgo,PSOE,Socialista,2,760,6.6e-05
I,380,965,Juan Usabiaga Lasquibar,Juan Usabiaga Lasquíbar,PRR,Republicanos,2,725,6.3e-05
I,381,198,Francisco Carreras Reura,Francisco Carreras Reura,AR,Republicanos,3,649,5.7e-05
I,382,725,Domingo Perez Trujillo,Domingo Pérez Trujillo,PSOE,Socialista,9,614,5.4e-05
I,383,274,Jose Dominguez Barbero,José Domínguez Barbero,AR,Republicanos,2,611,5.3e-05
I,384,982,Narciso Vazquez Torres,Narciso Vázquez Torres,PSOE,Socialista,4,580,5.1e-05
I,385,817,Pedro Romero Rodriguez,Pedro Romero Rodríguez,PRR,Republicanos,8,487,4.3e-05
I,386,259,Jose Dencas Puigdollers,José Dencás Puigdollers,ERC,Catizq,7,479,4.2e-05
I,387,1022,Francisco Zafra Contreras,Francisco Zafra Contreras,PSOE,Socialista,3,469,4.1e-05
I,388,11,Jaime Aguade Miro,Jaime Aguadé Miró,ERC,Catizq,1,423,3.7e-05
I,389,6,Amos Acero Perez,Amós Acero Pérez,PSOE,Socialista,3,395,3.5e-05
I,390,720,Eduardo Perez Iglesias,Eduardo Pérez Iglesias,PRDF,Republicanos,5,395,3.5e-05
I,391,606,Jose Molina Moreno,José Molina Moreno,PSOE,Socialista,2,390,3.4e-05
I,392,323,Felix Fernandez Villarrubia,Félix Fernández Villarrubia,PSOE,Socialista,5,380,3.3e-05
I,393,701,Alfonso Pazos Cid,Alfonso Pazos Cid,PRR,Republicanos,2,338,3e-05
I,394,199,Gerardo Carreres Bayarri,Gerardo Carreres Bayarri,PURA,Republicanos,5,310,2.7e-05
I,395,105,Miguel Bargallo Ardevol,Miguel Bargalló Ardevol,PSOE,Socialista,8,240,2.1e-05
I,396,387,Pedro Gomez Chaix,Pedro Gómez Chaix,PRR,Republicanos,1,226,2e-05
I,397,963,Julio Urquijo Ibarra,Julio Urquijo Ibarra,CT,Carlistas,9,220,1.9e-05
I,398,640,Manuel Muiño Arroyo,Manuel Muiño Arroyo,PSOE,Socialista,2,213,1.9e-05
I,399,686,Ricardo Palacin Soldevilla,Ricardo Palacín Soldevilla,ERC,Catizq,4,210,1.8e-05
I,400,172,Miguel De Camara Cendoya,Miguel de Cámara Cendoya,PRR,Republicanos,3,180,1.6e-05
I,401,162,Remigio Cabello Toral,Remigio Cabello Toral,PSOE,Socialista,1,119,1e-05
I,402,781,Juan Revilla Garcia,Juan Revilla García,PRR,Republicanos,4,83,7e-06
I,403,390,Enrique Gomez Jimenez,Enrique Gómez Jiménez,DLR,Liberales,2,52,5e-06
I,404,728,Alejandro Peris Caruana,Alejandro Peris Caruana,PSOE,Socialista,2,48,4e-06
I,405,813,Jose Maria Roldan Sanchez De La Fuente,José María Roldán Sánchez de la Fuente,DLR,Liberales,4,44,4e-06
I,406,324,Rodrigo Fernandez Y Garcia De La Villa,Rodrigo Fernández y García de la Villa,PRR,Republicanos,1,43,4e-06
I,407,473,Casimiro Lana Sarrate,Casimiro Lana Sarrate,PRRS,Republicanos,2,42,4e-06
I,408,74,Eugenio Arbones Castellanzuelo,Eugenio Arbones Castellanzuelo,PSOE,Socialista,4,28,2e-06
I,409,675,Manuel Osorio Florit,Manuel Osorio Florit,DLR,Liberales,2,28,2e-06
I,410,369,Celestino Garcia Santos,Celestino García Santos,PSOE,Socialista,3,27,2e-06
I,411,662,Cesar Oarrichena Jenaro,César Oarrichena Jenaro,PRR,Republicanos,1,16,1e-06
I,412,860,Quirino Salvadores Crespo,Quirino Salvadores Crespo,PSOE,Socialista,1,12,1e-06
I,413,196,Juan Carreño Vargas,Juan Carreño Vargas,PSOE,Socialista,1,7,1e-06
I,414,197,Ramon Carreras Pons,Ramón Carreras Pons,PRR,Republicanos,1,6,1e-06
I,415,665,Manuel Olmedo Serrano,Manuel Olmedo Serrano,PSOE,Socialista,1,6,1e-06
I,416,255,Ramon De La Cuesta Y Cobo De La Torre,Ramón de la Cuesta y Cobo de la Torre,Agrarios,Agrarios,1,5,0.0
II,1,103,Augusto Barcia Y Trelles,Augusto Barcia y Trelles,AR,Republicanos,482,233136,0.028724
II,2,754,Indalecio Prieto Tuero,Indalecio Prieto Tuero,PSOE,Socialista,307,193076,0.023789
II,3,170,Jose Calvo Sotelo,José Calvo Sotelo,RE,Derecha autoritaria,148,179719,0.022143
II,4,229,Joaquin Chapaprieta Y Torregrosa,Joaquín Chapaprieta y Torregrosa,RI,Liberales,366,155861,0.019203
II,5,456,Manuel Jimenez Fernandez,Manuel Giménez Fernández,CEDA,Conservadores,262,152083,0.018738
II,6,804,Luis Rodriguez De Viguri,Luis Rodríguez de Viguri,Agrarios,Conservadores,600,149467,0.018416
II,7,380,Jose Maria Gil Robles Y Quiñones De Leon,José María Gil Robles y Quiñones de León,CEDA,Conservadores,253,131217,0.016167
II,8,470,Jose Maria Lamamie De Clairac Y De La Colina,José María Lamamié de Clairac y de la Colina,CT,Carlistas,269,128855,0.015876
II,9,385,Antonio Goicoechea Y Cosculluela,Antonio Goicoechea y Cosculluela,RE,Derecha autoritaria,145,122385,0.015079
II,10,821,Antonio Royo Villanova Morales,Antonio Royo Villanova Morales,Agrarios,Conservadores,193,116395,0.014341
II,11,790,Cirilo Del Rio Rodriguez,Cirilo del Río Rodríguez,PRP,Liberales,165,94660,0.011663
II,12,863,Ricardo Samper Ibañez,Ricardo Samper Ibáñez,PURA,Republicanos Autonomista,167,89197,0.01099
II,13,257,Fermin Daza Diaz Del Castillo,Fermín Daza Díaz del Castillo,PRC,Conservadores,262,88908,0.010954
II,14,522,Daniel Mangrane Escardo,Daniel Mangrané Escardó,ERC,Catizq,232,85447,0.010528
II,15,521,Joaquin Manglano Y Cucalo De Montull,Joaquín Manglano y Cucaló de Montull,CT,Carlistas,188,81301,0.010017
II,16,722,Joaquin Perez Madrigal,Joaquín Pérez Madrigal,PRR,Republicanos,302,81275,0.010014
II,17,911,Tomas Sierra Rustarazo,Tomás Sierra Rustarazo,PRR,Republicanos,218,80449,0.009912
II,18,449,Enrique Izquierdo Jimenez,Enrique Izquierdo Jiménez,PRR,Republicanos,136,78408,0.00966
II,19,94,Mateo Azpeitia Esteban,Mateo Azpeitia Esteban,CEDA,Conservadores,296,76357,0.009408
II,20,998,Miguel Vidal Guardiola,Miguel Vidal Guardiola,Lliga,Catder,172,73995,0.009117
II,21,448,Manuel Irujo Ollo,Manuel Irujo Ollo,PNV,Nacionalista Vasco,248,73882,0.009103
II,22,362,Luis Garcia Guijarro,Luis García Guijarro,CEDA,Conservadores,119,72969,0.00899
II,23,399,Jose Gonzalez Fernandez De La Bandera,José González Fernández de la Bandera,PRR,Republicanos,196,71603,0.008822
II,24,208,Candido Casanueva Y Gorjon,Cándido Casanueva y Gorjón,CEDA,Conservadores,553,71448,0.008803
II,25,538,Manuel Marraco Ramon,Manuel Marraco Ramón,PRR,Republicanos,215,70448,0.00868
II,26,422,Rafael Guerra Del Rio,Rafael Guerra del Río,PRR,Republicanos,202,67336,0.008296
II,27,798,Juan Jose Rocha Garcia,Juan José Rocha García,PRR,Republicanos,242,65755,0.008102
II,28,991,Nicasio Velayos Y Velayos,Nicasio Velayos y Velayos,Agrarios,Agrarios,136,62280,0.007673
II,29,857,Federico Salmon Amorin,Federico Salmón Amorín,CEDA,Conservadores,123,61509,0.007578
II,30,52,Jose Maria Alvarez Mendizabal Y Bonilla,José María Álvarez Mendizábal y Bonilla,PRR,Republicanos,342,61050,0.007522
II,31,166,Abilio Calderon Rojo,Abilio Calderón Rojo,Agrarios,Conservadores,169,59761,0.007363
II,32,512,Dimas Madariaga Almendros,Dimas Madariaga Almendros,CEDA,Conservadores,182,58842,0.00725
II,33,942,Romualdo De Toledo Y Robles,Romualdo de Toledo y Robles,CT,Carlistas,98,58230,0.007174
II,34,96,Carlos Badia Malagrida,Carlos Badía Malagrida,Lliga,Catder,75,57667,0.007105
II,35,342,Santiago Fuentes Pila,Santiago Fuentes Pila,RE,Derecha autoritaria,197,56904,0.007011
II,36,755,Jose Antonio Primo De Rivera Y Saenz De Heredia,José Antonio Primo de Rivera y Sáenz de Heredia,FE,Fascista,111,56825,0.007001
II,37,993,Juan Ventosa Calvell,Juan Ventosa Calvell,Lliga,Catder,61,56394,0.006948
II,38,57,Ramon Alvarez Valdes Y Castañon,Ramón Álvarez Valdés y Castañón,LD,Liberales,153,55211,0.006802
II,39,64,Jose Andres Manso,José Andrés Manso,PSOE,Socialista,112,54919,0.006766
II,40,559,Esteban Martinez Hervas,Esteban Martínez Hervás,PSOE,Socialista,80,54891,0.006763
II,41,477,Antonio Lara Zarate,Antonio Lara Zárate,PRR,Republicanos,143,52986,0.006528
II,42,43,Elfidio Alonso Rodriguez,Elfidio Alonso Rodríguez,PRR,Republicanos,242,52212,0.006433
II,43,985,Francisco Vega De La Iglesia Manteca,Francisco Vega de la Iglesia Manteca,PRR,Republicanos,380,52138,0.006424
II,44,749,Jose Prat Garcia,José Prat García,PSOE,Socialista,115,51106,0.006297
II,45,851,Rafael Salazar Alonso,Rafael Salazar Alonso,PRR,Republicanos,135,50528,0.006225
II,46,923,Fernando Suarez De Tangil Y Angulo,Fernando Suárez de Tangil y Angulo,RE,Derecha autoritaria,161,49737,0.006128
II,47,148,Cayetano Bolivar Escribano,Cayetano Bolívar Escribano,PCE,Comunista,144,49028,0.006041
II,48,487,Alejandro Lerroux Garcia,Alejandro Lerroux García,PRR,Republicanos,66,48247,0.005944
II,49,581,Miguel Maura Gamazo,Miguel Maura Gamazo,PRC,Conservadores,80,48101,0.005926
II,50,173,Francisco De Asis Cambo Y Batlle,Francisco de Asís Cambó y Batlle,Lliga,Catder,33,47647,0.00587
II,51,305,Federico Fernandez Castillejo,Federico Fernández Castillejo,PRP,Liberales,167,47126,0.005806
II,52,774,Luis Recasens Siches,Luis Recaséns Siches,PRC,Conservadores,85,46678,0.005751
II,53,548,Pedro Martin Y Martin,Pedro Martín y Martín,Agrarios,Conservadores,82,46604,0.005742
II,54,565,Salvador Martinez Moya Crespo,Salvador Martínez Moya Crespo,PRR,Republicanos,191,46273,0.005701
II,55,823,Jose Tomas Rubio Chavarri,José Tomás Rubio Chávarri,PRP,Liberales,73,44955,0.005539
II,56,1011,Justo Villanueva Y Gomez,Justo Villanueva y Gómez,PRR,Republicanos,372,44014,0.005423
II,57,908,Ramon Serrano Suñer,Ramón Serrano Suñer,Agrarios,Agrarios,93,43188,0.005321
II,58,236,Jesus Comin Sagues,Jesús Comín Sagües,CT,Carlistas,175,42897,0.005285
II,59,231,Jose Maria Cid Ruiz Zorrilla,José María Cid Ruiz Zorrilla,Agrarios,Conservadores,54,42791,0.005272
II,60,412,Felix Gordon Ordas,Félix Gordón Ordás,PRRS,Republicanos,69,42559,0.005244
II,61,54,Antonio Alvarez Robles,Antonio Álvarez Robles,CEDA,Conservadores,41,42360,0.005219
II,62,51,Leon Carlos Alvarez Lara,León Carlos Álvarez Lara,Agrarios,Conservadores,312,41550,0.005119
II,63,956,Jose Antonio Trabal Y Saus,José Antonio Trabal y Sans,ERC,Catizq,116,41446,0.005106
II,64,59,Andres Amado Y Reygondaud De Villebardet,Andrés Amado y Reygondaud de Villebardet,RE,Derecha autoritaria,29,40289,0.004964
II,65,184,Dionisio Cano Lopez,Dionisio Cano López,PRC,Conservadores,196,40118,0.004943
II,66,534,Melchor Marial Mundet,Melchor Marial Mundet,PRF,Republicanos,89,39949,0.004922
II,67,550,Diego Martinez Barrio,Diego Martínez Barrio,PRR,Republicanos,88,39070,0.004814
II,68,269,Fulgencio Diez Pastor,Fulgencio Díez Pastor,PRR,Republicanos,174,38196,0.004706
II,69,191,Ramon De Carranza Y Fernandez Reguera,Ramón de Carranza y Fernández Reguera,RE,Derecha autoritaria,107,38142,0.004699
II,70,25,Jose Maria Albiñana Sanz,José María Albiñana Sanz,PNE,Fascista,82,36042,0.004441
II,71,89,Manuel Azaña Diaz,Manuel Azaña Díaz,AR,Republicanos,13,35868,0.004419
II,72,681,Joaquin De Pablo Blanco Torres,Joaquín de Pablo-Blanco Torres,PRR,Republicanos,67,35672,0.004395
II,73,138,Jose Maria Blanc Rodriguez,José María Blanc Rodríguez,PRR,Republicanos,159,35606,0.004387
II,74,334,Manuel Florensa Farre,Manuel Florensa Farré,Lliga,Catder,31,34562,0.004258
II,75,884,Miguel Santalo Y Parvorell,Miguel Santaló y Parvorell,ERC,Catizq,77,33717,0.004154
II,76,769,Aurelio Ramos Acosta,Aurelio Ramos Acosta,PRSI,Republicanos,81,31490,0.00388
II,77,18,Rafael Aizpun Santafe,Rafael Aizpún Santafé,CEDA,Conservadores,84,30763,0.00379
II,78,994,Juan Ventosa Roig,Juan Ventosa Roig,ERC,Catizq,60,30519,0.00376
II,79,975,Eloy Vaquero Cantillo,Eloy Vaquero Cantillo,PRR,Republicanos,78,30408,0.003747
II,80,700,Alvaro Pascual Leone,Álvaro Pascual Leone,PRR,Republicanos,109,30134,0.003713
II,81,808,Antonio Rodriguez Perez,Antonio Rodríguez Pérez,RI,Republicano Independiente,115,30024,0.003699
II,82,1007,Ignacio Villalonga Villalba,Ignacio Villalonga Villalba,CEDA,Conservadores,141,29359,0.003617
II,83,906,Emilio Alfredo Serrano Jover,Emilio Alfredo Serrano Jover,RE,Derecha autoritaria,89,28937,0.003565
II,84,918,Vicente Sole De Sojo,Vicente Solé de Sojo,Lliga,Catder,126,28674,0.003533
II,85,394,Trifon Gomez San Jose,Trifón Gómez San José,PSOE,Socialista,45,28613,0.003525
II,86,435,Diego Hidalgo Duran,Diego Hidalgo Durán,PRR,Republicanos,64,28219,0.003477
II,87,909,Vicente Sierra Martinez,Vicente Sierra Martínez,PRR,Republicanos,95,28148,0.003468
II,88,210,Hermenegildo Casas Jimenez,Hermenegildo Casas Jiménez,PSOE,Socialista,106,28099,0.003462
II,89,315,Jose Maria Fernandez Ladreda Y Menendez Valdes,José María Fernández Ladreda y Menéndez Valdés,CEDA,Conservadores,163,28066,0.003458
II,90,77,Pedro Armasa Briales,Pedro Armasa Briales,PRR,Republicanos,241,27872,0.003434
II,91,979,Eugenio Vazquez Gundin,Eugenio Vázquez Gundín,CEDA,Conservadores,49,27655,0.003407
II,92,135,Crescenciano Bilbao Castellano,Crescenciano Bilbao Castellanos,PSOE,Socialista,36,27610,0.003402
II,93,668,Jaime Oriol De La Puerta,Jaime Oriol de la Puerta,Agrarios,Conservadores,47,27420,0.003378
II,94,503,Jose Lopez Varela,José López Varela,PRR,Republicanos,41,27356,0.00337
II,95,405,Manuel Gonzalez Ramos,Manuel González Ramos,PSOE,Socialista,83,27263,0.003359
II,96,304,Antonio Fernandez Bolaños Mora,Antonio Fernández-Bolaños Mora,PSOE,Socialista,48,25843,0.003184
II,97,612,Daniel Mondejar Funez,Daniel Mondéjar Fúnez,PRC,Liberales,138,25639,0.003159
II,98,841,Amos Sabras Gurrea,Amós Sabrás Gurrea,PSOE,Socialista,38,25565,0.00315
II,99,401,Emilio Gonzalez Lopez,Emilio González López,FRG,Galleguista,76,25519,0.003144
II,100,784,Manuel Rico Avello,Manuel Rico Avello,Centro,Centro,42,24860,0.003063
II,101,438,Jose Maria Hueso Ballester,José María Hueso Ballester,CEDA,Conservadores,64,24716,0.003045
II,102,39,Tomas Alonso De Armiño Y Calleja,Tomás Alonso de Armiño y Calleja,Agrarios,Agrarios,106,24234,0.002986
II,103,55,Basilio Alvarez Rodriguez,Basilio Álvarez Rodríguez,PRR,Republicanos,53,23952,0.002951
II,104,27,Nicolas Alcala Espinosa,Nicolás Alcalá Espinosa,PRR,Republicanos,39,23853,0.002939
II,105,705,Joaquin Pellicena Y Camacho,Joaquín Pellicena y Camacho,Lliga,Catder,54,23713,0.002922
II,106,290,Juan Estelrich Artigues,Juan Estelrich Artigues,Lliga,Catder,28,23598,0.002907
II,107,836,Amos Ruiz Lecina,Amós Ruiz Lecina,PSOE,Socialista,39,23485,0.002894
II,108,146,Fermin Blazquez Nieto,Fermín Blázquez Nieto,PSOE,Socialista,45,23380,0.002881
II,109,776,Joaquin Reig Y Rodriguez,Joaquín Reig y Rodríguez,Lliga,Catder,48,23234,0.002863
II,110,930,Antonio Taboada Tundidor,Antonio Taboada Tundidor,Agrarios,Conservadores,293,23019,0.002836
II,111,916,Felipe De Sola Y Cañizares,Felipe de Solá y Cañizares,Lliga,Catder,50,22853,0.002816
II,112,745,Manuel Portela Valladares,Manuel Portela Valladares,Centro,Liberales,69,22814,0.002811
II,113,579,Mariano Matesanz De La Torre,Mariano Matesanz de la Torre,Indep.,Conservadores,70,22762,0.002804
II,114,806,Adolfo Rodriguez Jurado Y De La Hera,Adolfo Rodríguez Jurado y de la Hera,Agrarios,Conservadores,69,22358,0.002755
II,115,683,Jesus Pabon Y Suarez De Urbina,Jesús Pabón y Suárez de Urbina,CEDA,Conservadores,37,22176,0.002732
II,116,133,Julian Besteiro Fernandez,Julián Besteiro Fernández,PSOE,Socialista,29,21978,0.002708
II,117,670,Andres Orozco Batista,Andrés Orozco Batista,PRR,Republicanos,24,21924,0.002701
II,118,455,Luis Jimenez De Asua,Luis Jiménez de Asúa,PSOE,Socialista,30,21884,0.002696
II,119,445,Jose Luis Illanes Del Rio,José Luis Illanes del Río,CEDA,Conservadores,83,21799,0.002686
II,120,847,Pedro Sainz Rodriguez,Pedro Sainz Rodríguez,RE,Derecha autoritaria,31,21641,0.002666
II,121,1000,Juan Simeon Vidarte Franco Romero,Juan Simeón Vidarte Franco-Romero,PSOE,Socialista,35,21579,0.002659
II,122,537,Andres Maroto Rodriguez De Vera,Andrés Maroto Rodríguez de Vera,CEDA,Conservadores,47,21288,0.002623
II,123,556,Jose Martinez De Velasco Escolar,José Martínez de Velasco Escolar,Agrarios,Agrarios,42,21031,0.002591
II,124,472,Ramon Lamoneda Fernandez,Ramón Lamoneda Fernández,PSOE,Socialista,42,20483,0.002524
II,125,865,Claudio Sanchez Albornoz Menduiña,Claudio Sánchez Albornoz Menduiña,AR,Republicanos,29,20321,0.002504
II,126,638,Jose Maria Moutas Meras,José María Moutas Merás,CEDA,Conservadores,33,20268,0.002497
II,127,558,Lucio Martinez Gil,Lucio Martínez Gil,PSOE,Socialista,36,20247,0.002495
II,128,296,Luis Fabrega Santamaria,Luis Fábrega Santamaría,PRR,Republicanos,97,20019,0.002467
II,129,347,Alejandro Gallart Y Folch,Alejandro Gallart y Folch,Lliga,Catder,34,20018,0.002466
II,130,604,Eduardo Molero Massa,Eduardo Molero Massá,PRC,Conservadores,44,19964,0.00246
II,131,47,Tomas Alvarez Angulo,Tomás Álvarez Angulo,PSOE,Socialista,68,19858,0.002447
II,132,653,Margarita Nelken Mansberger De Paul,Margarita Nelken Mansberger de Paúl,PSOE,Socialista,60,19429,0.002394
II,133,117,Francisco Bastos Ansart,Francisco Bastos Ansart,Lliga,Catder,37,19148,0.002359
II,134,44,Manuel Alonso Zapata,Manuel Alonso Zapata,PSOE,Socialista,81,18929,0.002332
II,135,142,Jose Blanco Rodriguez,José Blanco Rodríguez,Agrarios,Conservadores,37,18704,0.002304
II,136,517,Ramiro De Maeztu Whitney,Ramiro de Maeztu Whitney,RE,Derecha autoritaria,36,18678,0.002301
II,137,791,Fernando De Los Rios Urruti,Fernando de los Ríos Urruti,PSOE,Socialista,22,18670,0.0023
II,138,629,Francisco Moreno Herrera,Francisco Moreno Herrera,RE,Derecha autoritaria,107,18577,0.002289
II,139,88,Bernardo Aza Gonzalez Escalada,Bernardo Aza González Escalada,CEDA,Conservadores,90,18397,0.002267
II,140,741,Leandro Pita Romero,Leandro Pita Romero,PRR,Republicanos,24,18225,0.002245
II,141,261,Jose Diaz Ambrona Moreno,José Díaz Ambrona Moreno,PRC,Conservadores,43,17849,0.002199
II,142,618,Luis Montes Lopez De La Torre,Luis Montes López de la Torre,CEDA,Conservadores,33,17743,0.002186
II,143,582,Honorio Maura Gamazo,Honorio Maura Gamazo,RE,Derecha autoritaria,75,17661,0.002176
II,144,292,Francisco Estevanez Rodriguez,Francisco Estévanez Rodríguez,CT,Carlistas,12,17428,0.002147
II,145,816,Jose Romero Radigales,José Romero Radigales,Agrarios,Conservadores,65,17362,0.002139
II,146,691,Juan J. Palomino Jimenez,Juan J. Palomino Jiménez,CT,Carlistas,26,16668,0.002054
II,147,273,Tomas Dominguez Arevalo,Tomás Domínguez Arévalo,CT,Carlistas,43,16661,0.002053
II,148,144,Manuel Blasco Garzon,Manuel Blasco Garzón,PRR,Republicanos,49,16563,0.002041
II,149,674,Tomas Ortiz De Solorzano Y Ortiz De La Puente,Tomás Ortiz de Solórzano y Ortiz de la Puente,Agrarios,Agrarios,74,16422,0.002023
II,150,192,Geminiano Carrascal Martin,Geminiano Carrascal Martín,CEDA,Conservadores,8,16153,0.00199
II,151,648,Antonio Navajas Moreno,Antonio Navajas Moreno,Agrarios,Agrarios,62,16007,0.001972
II,152,352,Manuel Garcia Atance,Manuel García Atance,CEDA,Conservadores,37,15604,0.001923
II,153,40,Bruno Alonso Gonzalez,Bruno Alonso González,PSOE,Socialista,35,15523,0.001913
II,154,289,Jose Estadella Arno,José Estadella Arnó,PRR,Republicanos,32,15207,0.001874
II,155,9,Dimas Adanez Horcajuelo,Dimas Adánez Horcajuelo,CEDA,Conservadores,116,15191,0.001872
II,156,767,Pedro Rahola Y Molinas,Pedro Rahola y Molinas,Lliga,Catder,24,15097,0.00186
II,157,880,Casimiro De Sangenis Bertrand,Casimiro de Sangenís Bertrand,CT,Carlistas,19,14934,0.00184
II,158,803,Romualdo Rodriguez De Vera Y Romero,Romualdo Rodríguez de Vera y Romero,PSOE,Socialista,40,14923,0.001839
II,159,549,Jose Martinez Arenas,José Martínez Arenas,PRC,Conservadores,61,14897,0.001835
II,160,189,Juan Antonio De Careaga Y Andueza,Juan Antonio de Careaga y Andueza,PNV,Nacionalista Vasco,82,14791,0.001822
II,161,948,Matilde De La Torre Gutierrez,Matilde de la Torre Gutiérrez,PSOE,Socialista,10,14235,0.001754
II,162,415,Anastasio De Gracia Villarrubia,Anastasio de Gracia Villarrubia,PSOE,Socialista,8,14160,0.001745
II,163,611,Jose Moncasi Sangenis,José Moncasí Sangenís,Agrarios,Conservadores,17,13950,0.001719
II,164,446,Vicente Iranzo Enguita,Vicente Iranzo Enguita,Indep.,Republicanos,39,13923,0.001715
II,165,115,Severino Barros De Lis,Severino Barros de Lis,CEDA,Conservadores,52,13833,0.001704
II,166,136,Esteban Bilbao Y Eguia,Esteban Bilbao y Eguía,CT,Carlistas,12,13291,0.001638
II,167,642,Alfonso Muñoz De Diego,Alfonso Muñoz de Diego,LD,Liberales,23,13046,0.001607
II,168,968,Faustino Valentin Torrejon,Faustino Valentín Torrejón,PRR,Republicanos,35,12912,0.001591
II,169,80,Gregorio Arranz Olalla,Gregorio Arranz Olalla,PRC,Conservadores,12,12877,0.001587
II,170,666,Marcelino De Oreja Y Elosegui,Marcelino de Oreja y Elósegui,CT,Carlistas,30,12835,0.001581
II,171,957,Jose Maria Trias De Bes,José María Trías de Bes,Lliga,Catder,34,12537,0.001545
II,172,718,Alonso Perez Diaz,Alonso Pérez Díaz,PRR,Republicanos,26,12438,0.001532
II,173,187,Ramon Cantos Saiz De Carlos,Ramón Cantos Saiz de Carlos,PURA,Republicanos Autonomista,24,12067,0.001487
II,174,910,Manuel Sierra Pomares,Manuel Sierra Pomares,CEDA,Conservadores,26,11820,0.001456
II,175,171,Luciano De La Calzada Rodriguez,Luciano de la Calzada Rodríguez,CEDA,Conservadores,16,11780,0.001451
II,176,81,Mariano Arrazola Madera,Mariano Arrazola Madera,PRR,Republicanos,87,11751,0.001448
II,177,232,Jose Cimas Leal,José Cimas Leal,CEDA,Conservadores,40,11546,0.001423
II,178,944,Jose Tomas Piera,José Tomás y Piera,ERC,Catizq,53,11466,0.001413
II,179,332,Alvaro Figueroa Y Torres,Álvaro Figueroa y Torres,Indep.,Liberales,18,11461,0.001412
II,180,574,Jose Mascort Ribot,José Mascort Ribot,ERC,Catizq,29,11373,0.001401
II,181,19,Luis Alarcon De La Lastra,Luis Alarcón de la Lastra,Agrarios,Conservadores,8,11230,0.001384
II,182,610,Francisco Molto Pascual,Francisco Moltó Pascual,CEDA,Conservadores,23,11062,0.001363
II,183,687,Jose Alberto Palanca Y Martinez Fortun,José Alberto Palanca y Martínez Fortún,CEDA,Conservadores,30,10760,0.001326
II,184,454,Luis Jimenez Canga Arguelles,Luis Giménez Canga-Argüelles,CEDA,Conservadores,19,10744,0.001324
II,185,839,Luis Ruiz Valdepeñas Utrilla,Luis Ruiz Valdepeñas Utrilla,CEDA,Conservadores,31,10732,0.001322
II,186,1006,Filiberto Villalobos Gonzalez,Filiberto Villalobos González,LD,Liberales,22,10730,0.001322
II,187,436,Jose Horn Areilza,José Horn Areilza,PNV,Nacionalista Vasco,66,10678,0.001316
II,188,16,Jose Antonio Aguirre Y Lecube,José Antonio Aguirre y Lecube,PNV,Nacionalista Vasco,16,10294,0.001268
II,189,15,Manuel Aguillaume Valdes,Manuel Aguillaume Valdés,PSOE,Socialista,14,10033,0.001236
II,190,104,Luis Bardaji Lopez,Luis Bardají López,PRR,Republicanos,48,9999,0.001232
II,191,254,Enrique Cuartero Pascual,Enrique Cuartero Pascual,CEDA,Conservadores,29,9948,0.001226
II,192,829,Ramon Ruiz Alonso,Ramón Ruiz Alonso,CEDA,Conservadores,47,9638,0.001187
II,193,940,Juan Tirado Figueroa,Juan Tirado Figueroa,PSOE,Socialista,20,9554,0.001177
II,194,624,Francisco Morayta Martinez,Francisco Morayta Martínez,PRR,Republicanos,48,9434,0.001162
II,195,914,Casto Simon Castillo,Casto Simón Castillo,CEDA,Conservadores,21,9392,0.001157
II,196,407,Ramon Gonzalez Sicilia Y De La Corte,Ramón González Sicilia y de la Corte,PRR,Republicanos,20,9369,0.001154
II,197,904,Manuel Serra Moret,Manuel Serra Moret,ERC,Catizq,20,9147,0.001127
II,198,589,Teodomiro Menendez Fernandez,Teodomiro Menéndez Fernández,PSOE,Socialista,32,9062,0.001117
II,199,557,Alfredo Martinez Garcia Arguelles,Alfredo Martínez García Argüelles,LD,Liberales,16,9036,0.001113
II,200,702,Manuel Pedregal Fernandez,Manuel Pedregal Fernández,LD,Liberales,103,8869,0.001093
II,201,900,Francisco Senyal Ferrer,Francisco Senyal Ferrer,ERC,Catizq,59,8846,0.00109
II,202,50,Melquiades Alvarez Gonzalez Posada,Melquíades Álvarez González Posada,LD,Liberales,3,8793,0.001083
II,203,58,Romualdo Alvargonzalez Lanquinez,Romualdo Alvargonzález Lanquínez,CEDA,Conservadores,18,8720,0.001074
II,204,371,Angel Garcia Vedoya,Ángel García Vedoya,Agrarios,Agrarios,17,8674,0.001069
II,205,440,Jose Ibañez Martin,José Ibáñez Martín,CEDA,Conservadores,13,8511,0.001049
II,206,209,Santiago Casares Quiroga,Santiago Casares Quiroga,FRG,Republicanos,3,8503,0.001048
II,207,783,Fernando Rey Mora,Fernando Rey Mora,PRR,Republicanos,40,8460,0.001042
II,208,529,Vicente Marco Miranda,Vicente Marco Miranda,PURA,Republicanos Autonomista,34,8099,0.000998
II,209,958,Antonio Tuñon De Lara,Antonio Tuñón de Lara,PRR,Republicanos,13,8087,0.000996
II,210,600,Jose Miñones Bernardez,José Miñones Bernárdez,PRR,Republicanos,55,7939,0.000978
II,211,696,Jose Pareja Yevenes,José Pareja Yévenes,PRR,Republicanos,15,7870,0.00097
II,212,738,Luis Piñol Agullo,Luis Piñol Agulló,Lliga,Catder,12,7863,0.000969
II,213,843,Manuel Saco Rivera,Manuel Saco Rivera,Indep.,Conservadores,13,7771,0.000957
II,214,818,Luis Romero Solano,Luis Romero Solano,PSOE,Socialista,13,7769,0.000957
II,215,400,Francisco Gonzalez Garcia,Francisco González García,PRC,Conservadores,21,7608,0.000937
II,216,992,Damaso Velez Gonzalvez,Dámaso Vélez Gonzalvez,PRR,Republicanos,36,7570,0.000933
II,217,476,Federico Landrove Moiño,Federico Landrove Moiño,PSOE,Socialista,10,7523,0.000927
II,218,667,Fernando Oria De Rueda Y Fontan,Fernando Oria de Rueda y Fontán,CEDA,Conservadores,7,7233,0.000891
II,219,153,Francisco Javier Bosch Marin,Francisco Javier Bosch Marín,CEDA,Conservadores,16,7063,0.00087
II,220,32,Edmundo Alfaro Gironda,Edmundo Alfaro Gironda,PRR,Republicanos,290,7056,0.000869
II,221,118,Joaquin Bau Nolla,Joaquín Bau Nolla,CT,Carlistas,16,6987,0.000861
II,222,421,Santiago Guallar Poza,Santiago Guallar Poza,CEDA,Conservadores,13,6749,0.000832
II,223,737,Eduardo Piñan Y Malvar,Eduardo Piñán y Malvar,CEDA,Conservadores,29,6693,0.000825
II,224,311,Adolfo Fernandez Gutierrez,Adolfo Fernández Gutiérrez,CEDA,Conservadores,17,6681,0.000823
II,225,965,Juan Usabiaga Lasquibar,Juan Usabiaga Lasquíbar,PRR,Republicanos,22,6650,0.000819
II,226,703,Tomas Peire Cabaleiro,Tomás Peire Cabaleiro,PRR,Republicanos,24,6599,0.000813
II,227,474,Francisco Javier De Landaburu Fernandez De Betoño,Francisco Javier de Landaburu Fernández de Betoño,PNV,Nacionalista,26,6496,0.0008
II,228,634,Adolfo Moreno Quesada,Adolfo Moreno Quesada,PSOE,Socialista,17,6473,0.000798
II,229,590,Angel Menendez Suarez,Ángel Menéndez Suárez,PRDF,Republicanos,17,6429,0.000792
II,230,484,Felipe Lazcano Y Morales De Setien,Felipe Lazcano y Morales de Setién,CEDA,Conservadores,4,6427,0.000792
II,231,562,Pedro Martinez Juarez,Pedro Martínez Juárez,CEDA,Conservadores,13,6371,0.000785
II,232,433,Carlos Hernandez Zancajo,Carlos Hernández Zancajo,PSOE,Socialista,7,6297,0.000776
II,233,76,Jose Arizcun Moreno,José Arizcún Moreno,CEDA,Conservadores,35,6270,0.000773
II,234,430,Luis Hermida Villelga,Luis Hermida Villelga,CEDA,Conservadores,4,6193,0.000763
II,235,1023,Jose Luis Zamanillo Y Gonzalez Camino,José Luis Zamanillo y González Camino,CT,Carlistas,37,6188,0.000762
II,236,466,Julio Just Gimeno,Julio Just Gimeno,PURA,Republicanos,16,6147,0.000757
II,237,690,Domingo Palet Y Barba,Domingo Palet y Barba,ERC,Catizq,26,6029,0.000743
II,238,447,Juan Antonio Irazusta Muñoa,Juan Antonio Irazusta Muñoa,PNV,Nacionalista Vasco,29,5911,0.000728
II,239,443,Emiliano Iglesias Y Ambrosio,Emiliano Iglesias y Ambrosio,PRR,Republicanos,14,5867,0.000723
II,240,615,Jose Montero Tirado,José Montero Tirado,CEDA,Conservadores,22,5714,0.000704
II,241,661,Eduardo O'shea Y Verdes Montenegro,Eduardo O'Shea y Verdes Montenegro,Indep. de derechas,Conservadores,40,5695,0.000702
II,242,120,Manuel Beca Mateos,Manuel Beca Mateos,CEDA,Conservadores,44,5657,0.000697
II,243,84,Felix Avia Garcia,Félix Avia García,Agrarios,Conservadores,6,5640,0.000695
II,244,699,Teodoro Pascual Cordero,Teodoro Pascual Cordero,PRR,Republicanos,23,5584,0.000688
II,245,509,Luis Lucia Lucia,Luis Lucía Lucía,CEDA,Conservadores,15,5566,0.000686
II,246,356,Miguel Garcia Bravo Ferrer,Miguel García-Bravo Ferrer,PRC,Conservadores,17,5433,0.000669
II,247,85,Jose Ayats Surribas,José Ayats Surribas,CEDA,Conservadores,16,5164,0.000636
II,248,872,Francisco De Asis Sanchez Miranda,Francisco de Asís Sánchez Miranda,CEDA,Conservadores,5,5068,0.000624
II,249,576,Luis Massot Balaguer,Luis Massot Balaguer,Lliga,Catder,8,5063,0.000624
II,250,277,Carlos Echeguren Ocio,Carlos Echeguren Ocio,PRR,Republicanos,21,4998,0.000616
II,251,826,Mariano Rubio Tuduri,Mariano Rubio Tuduri,ERC,Catizq,3,4817,0.000593
II,252,810,Vicente De Roig Ibañez,Vicente de Roig Ibáñez,PURA,Republicanos Autonomista,37,4762,0.000587
II,253,833,Jose Ruiz Del Toro,José Ruiz del Toro,PSOE,Socialista,8,4633,0.000571
II,254,147,Francisca Bohigas Gavilanes,Francisca Bohigas Gavilanes,CEDA,Conservadores,10,4590,0.000566
II,255,669,Jose Luis De Oriol Y Uriguen,José Luis de Oriol y Urigüen,CT,Carlistas,17,4538,0.000559
II,256,594,Jose Mesa Lopez,José Mesa López,CEDA,Conservadores,11,4529,0.000558
II,257,408,Eusebio Gonzalez Suarez,Eusebio González Suárez,PSOE,Socialista,11,4463,0.00055
II,258,68,Amadeo Aragay Davi,Amadeo Aragay Davi,ERC,Catizq,9,4419,0.000544
II,259,652,Juan Negrin Lopez,Juan Negrín López,PSOE,Socialista,28,4398,0.000542
II,260,771,Antonio Ramos Gonzalez,Antonio Ramos González,PSOE,Socialista,15,4390,0.000541
II,261,566,Juan Martinez Ortiz,Juan Martínez Ortiz,PRC,Conservadores,5,4313,0.000531
II,262,540,Javier Martin Artajo Y Alvarez,Javier Martín Artajo y Álvarez,CEDA,Conservadores,20,4210,0.000519
II,263,840,Andres Saborit Colomer,Andrés Saborit Colomer,PSOE,Socialista,13,4084,0.000503
II,264,442,Manuel Iglesias Corral,Manuel Iglesias Corral,FRG,Galleguista,12,4082,0.000503
II,265,984,Fernando Vega Bermejo,Fernando Vega Bermejo,CEDA,Conservadores,21,4078,0.000502
II,266,569,Gines Martinez Rubio,Ginés Martínez Rubio,CT,Carlistas,10,3976,0.00049
II,267,711,Robustiano Perez Arroyo,Robustiano Pérez Arroyo,CEDA,Conservadores,2,3958,0.000488
II,268,321,Angel Fernandez Ruano,Ángel Fernández Ruano,Agrarios,Agrarios,16,3921,0.000483
II,269,510,Benito Luna Anoria,Benito Luna Anoria,PSOE,Socialista,9,3808,0.000469
II,270,706,Jose Maria Peman Pemartin,José María Pemán Pemartín,RE,Derecha autoritaria,4,3801,0.000468
II,271,75,Luis Arellano Dihinx,Luis Arellano Dihinx,CT,Carlistas,18,3791,0.000467
II,272,406,Julio Gonzalez Sandoval Mogollon,Julio González Sandoval Mogollón,Agrarios,Agrarios,7,3775,0.000465
II,273,717,Eduardo Perez Del Molino Herrera,Eduardo Pérez del Molino Herrera,Agrarios,Conservadores,22,3733,0.00046
II,274,491,Rodolfo Llopis Ferrandiz,Rodolfo Llopis Ferrándiz,PSOE,Socialista,5,3698,0.000456
II,275,287,Rafael Esparza Garcia,Rafael Esparza García,CEDA,Conservadores,16,3618,0.000446
II,276,1,Gerardo Abad Conde,Gerardo Abad Conde,PRR,Republicanos,9,3604,0.000444
II,277,879,Miguel Sancho Izquierdo,Miguel Sancho Izquierdo,CEDA,Conservadores,36,3602,0.000444
II,278,795,Francisco Roa De La Vega,Francisco Roa de la Vega,CEDA,Conservadores,1,3591,0.000442
II,279,824,Pedro Rubio Heredia,Pedro Rubio Heredia,PSOE,Socialista,10,3569,0.00044
II,280,508,Juan Lozano Ruiz,Juan Lozano Ruiz,PSOE,Socialista,8,3482,0.000429
II,281,7,Antonio Acuña Carballar,Antonio Acuña Carballar,PSOE,Socialista,8,3392,0.000418
II,282,539,Antonio Marti Olucha,Antonio Martí Olucha,CEDA,Conservadores,8,3366,0.000415
II,283,999,Lorenzo Vidal Tolosana,Lorenzo Vidal Tolosana,Agrarios,Conservadores,13,3241,0.000399
II,284,506,Manuel Lorenzo Pardo,Manuel Lorenzo Pardo,PRR,Republicanos,2,3162,0.00039
II,285,627,Julio Moreno Davila,Julio Moreno Dávila,CEDA,Conservadores,6,2997,0.000369
II,286,328,Juan Ferret Navarro,Juan Ferret Navarro,PRF,Republicanos,17,2978,0.000367
II,287,620,Telesforo Monzon Y Ortiz De Urruela,Telesforo Monzón y Ortiz de Urruela,PNV,Nacionalista Vasco,12,2825,0.000348
II,288,716,Jose Perez De Rozas Y Masdeu,José Pérez de Rozas y Masdeu,PRR,Republicanos,29,2822,0.000348
II,289,485,Jesus Maria Leizaola Sanchez,Jesús María Leizaola Sánchez,PNV,Nacionalista Vasco,5,2689,0.000331
II,290,518,Antonio Mairal Perallos,Antonio Mairal Perallos,PSOE,Socialista,10,2629,0.000324
II,291,217,Enrique Del Castillo Folache,Enrique del Castillo Folache,PRC,Conservadores,7,2613,0.000322
II,292,570,Pascual Martinez Sala,Pascual Martínez Sala,PURA,Republicanos Autonomista,5,2575,0.000317
II,293,778,Salvador Represa Marazuela,Salvador Represa Marazuela,CEDA,Conservadores,5,2566,0.000316
II,294,464,Jose Maria Julian Gil,José María Julián Gil,CEDA,Conservadores,7,2534,0.000312
II,295,312,Luis Fernandez Heredia Y Del Pozo,Luis Fernández Heredia y del Pozo,CEDA,Conservadores,1,2522,0.000311
II,296,344,Jose Gafo Muñiz,José Gafo Muñiz,RE,Derecha autoritaria,5,2506,0.000309
II,297,378,Angeles Gil Albarellos,Ángeles Gil Albarellos,CEDA,Conservadores,3,2394,0.000295
II,298,644,Manuel Muñoz Martinez,Manuel Muñoz Martínez,PRSI,Republicanos,16,2384,0.000294
II,299,763,Juan Pujol Martinez,Juan Pujol Martínez,CEDA,Conservadores,11,2269,0.00028
II,300,62,Luis Amores Jimenez,Luis Amores Jiménez,Agrarios,Conservadores,3,2182,0.000269
II,301,837,Jose Maria Ruiz Perez Aguila,José María Ruiz Pérez Aguila,PRR,Republicanos,8,2170,0.000267
II,302,1005,Antonio De La Villa Gutierrez,Antonio de la Villa Gutiérrez,PRRS,Republicanos,1,2145,0.000264
II,303,758,Luis Puig De La Bellacasa Y Deu,Luis Puig de la Bellacasa y Deu,Lliga,Catder,24,2129,0.000262
II,304,626,Carlos Morenilla Blanes,Carlos Morenilla Blanes,CEDA,Conservadores,12,2085,0.000257
II,305,213,Ernesto Castaño Arevalo,Ernesto Castaño Arévalo,Agrarios,Conservadores,4,2048,0.000252
II,306,854,Francisco De P. Salinas Dieguez,Francisco de P. Salinas Diéguez,PRR,Republicanos,3,1964,0.000242
II,307,346,Lorenzo Gallardo Y Gallardo,Lorenzo Gallardo y Gallardo,CEDA,Conservadores,2,1951,0.00024
II,308,553,Jose Martinez De Azagra,José Martínez de Azagra,Agrarios,Conservadores,4,1848,0.000228
II,309,252,Tomas Cruz Garcia,Tomás Cruz García,CEDA,Conservadores,2,1826,0.000225
II,310,426,Nicasio Guisasola Dominguez,Nicasio Guisasola Domínguez,CEDA,Conservadores,3,1793,0.000221
II,311,780,Antonio Reverte Moreno,Antonio Reverte Moreno,CEDA,Conservadores,8,1726,0.000213
II,312,247,Ricardo Cortes Villasana,Ricardo Cortes Villasana,CEDA,Conservadores,5,1719,0.000212
II,313,316,Laureano Fernandez Martos,Laureano Fernández Martos,CEDA,Conservadores,6,1712,0.000211
II,314,650,Jenaro Navarro Lopez,Jenaro Navarro López,PRC,Conservadores,9,1707,0.00021
II,315,614,Jose Maria Montenegro Soto,José María Montenegro Soto,RE,RE,6,1575,0.000194
II,316,333,Jose Finat Y Escriva De Romani,José Finat y Escrivá de Romaní,CEDA,Conservadores,7,1515,0.000187
II,317,71,Luis Araquistain Quevedo,Luis Araquistáin Quevedo,PSOE,Socialista,6,1485,0.000183
II,318,185,Blas Cantalapiedra Gutierrez,Blas Cantalapiedra Gutiérrez,Agrarios,Conservadores,6,1477,0.000182
II,319,886,Bienvenido Santos Borrego,Bienvenido Santos Borrego,PSOE,Socialista,3,1452,0.000179
II,320,1021,Luis Zaforteza Villalonga,Luis Zaforteza Villalonga,CEDA,Conservadores,18,1393,0.000172
II,321,403,Ruperto Gonzalez Negrin,Ruperto González Negrín,Indep.,Sin identificar,4,1374,0.000169
II,322,659,Carlos Nuñez Manso,Carlos Núñez Manso,CEDA,Conservadores,4,1348,0.000166
II,323,1017,Agustin Virgili Quintanilla,Agustín Virgili Quintanilla,Indep.,Conservadores,5,1337,0.000165
II,324,859,Amos Salvador Saenz Y Carreras,Amós Salvador Sáenz y Carreras,AR,Republicanos,7,1318,0.000162
II,325,486,Maria Lejarraga Y Garcia,María Lejárraga y García,PSOE,Socialista,9,1303,0.000161
II,326,20,Santiago Alba Bonifaz,Santiago Alba Bonifaz,PRR,Republicanos,14,1286,0.000158
II,327,515,Tomas Maestre Zapata,Tomás Maestre Zapata,Agrarios,Agrarios,16,1279,0.000158
II,328,752,Luis Prieto Jimenez,Luis Prieto Jiménez,PSOE,Socialista,1,1263,0.000156
II,329,845,Manuel Saenz De Miera Millan,Manuel Sáenz de Miera Millán,Agrarios,Conservadores,12,1219,0.00015
II,330,12,Francisco Aguado De Miguel,Francisco Aguado de Miguel,PRSI,Republicanos,1,1091,0.000134
II,331,157,Jeronimo Bugeda Muñoz,Jerónimo Bugeda Muñoz,PSOE,Socialista,3,1069,0.000132
II,332,67,Angel Aperribay Y Pita Da Veiga,Ángel Aperribay y Pita da Veiga,Derecha Indep.,Conservadores,8,1054,0.00013
II,333,514,Jesus Salvador Madero Ortiz Cicuendez,Jesús Salvador Madero Ortiz Cicuéndez,Agrarios,Agrarios,8,1034,0.000127
II,334,414,Modesto Gosalvez Fuentes Manresa,Modesto Gosálvez Fuentes Manresa,Agrarios,Conservadores,8,991,0.000122
II,335,49,Julio Alvarez Del Vayo,Julio Álvarez del Vayo,PSOE,Socialista,4,938,0.000116
II,336,186,Vicente Cantos Figuerola,Vicente Cantos Figuerola,PRR,Republicanos,4,925,0.000114
II,337,789,Honorio Riesgo Garcia,Honorio Riesgo García,CEDA,Conservadores,2,906,0.000112
II,338,689,Juan Palau Mayor,Juan Palau Mayor,PRR,Republicanos,1,872,0.000107
II,339,159,Francisco Burgos Diaz,Francisco Burgos Díaz,PRR,Republicanos,12,812,0.0001
II,340,577,Jose Maria De Mateo La Iglesia,José María de Mateo la Iglesia,CEDA,Conservadores,1,798,9.8e-05
II,341,887,Juan Felix Sanz Blanco,Juan Félix Sanz Blanco,PRR,Republicanos,5,663,8.2e-05
II,342,934,Domingo Tejera De Quesada,Domingo Tejera de Quesada,CT,Carlistas,8,641,7.9e-05
II,343,972,Jose Maria Valiente Soriano,José María Valiente Soriano,CEDA,Conservadores,1,615,7.6e-05
II,344,902,Antonio Septien Aladren,Antonio Septién Aladrén,PSOE,Socialista,11,611,7.5e-05
II,345,733,Rafael Picavea Leguia,Rafael Picavea Leguía,PNV,Nacionalista Vasco,1,598,7.4e-05
II,346,416,Higinio Felipe Granado Valdivia,Higinio Felipe Granado Valdivia,PSOE,Socialista,5,593,7.3e-05
II,347,617,Rafael Montes Diaz,Rafael Montes Díaz,CEDA,Conservadores Agraria,4,585,7.2e-05
II,348,123,Luis Bello Trompeta,Luis Bello Trompeta,AR,Republicanos,1,575,7.1e-05
II,349,161,Miguel Cabanellas Ferrer,Miguel Cabanellas Ferrer,PRR,Republicanos,3,569,7e-05
II,350,593,Mariano Merediz Diaz Parreño,Mariano Merediz Díaz Parreño,LD,Liberales,3,553,6.8e-05
II,351,379,Felipe Gil Casares,Felipe Gil Casares,CEDA,Conservadores,5,537,6.6e-05
II,352,500,Angel Lopez Perez,Ángel López Pérez,CEDA,Conservadores,1,483,6e-05
II,353,587,Jose Maria Mendez Gil Brandon,José María Méndez Gil Brandón,CEDA,Conservadores,4,456,5.6e-05
II,354,307,Mariano Fernandez De Cordoba Y Castrillo,Mariano Fernández de Córdoba y Castrillo,Agrarios,Conservadores,5,454,5.6e-05
II,355,335,Bartolome Fons Jofre De Villegas,Bartolomé Fons Jofre de Villegas,RI,Conservadores,1,450,5.5e-05
II,356,437,Mariano De La Hoz Saldaña,Mariano de la Hoz Saldaña,CEDA,Conservadores,5,437,5.4e-05
II,357,526,Juan March Ordinas,Juan March Ordinas,PRC,Conservadores,1,432,5.3e-05
II,358,761,Angel Puig Puig,Ángel Puig Puig,PRR,Republicanos,4,427,5.3e-05
II,359,194,Jose Carrasco Cabezuelo,José Carrasco Cabezuelo,PRR,Republicanos,1,412,5.1e-05
II,360,141,Benito Blanco Rajoy Y Espada,Benito Blanco-Rajoy y Espada,CEDA,Conservadores,3,404,5e-05
II,361,513,Salvador Madariaga Rojo,Salvador Madariaga Rojo,FRG,Republicanos,4,382,4.7e-05
II,362,203,Jose Maria Casabo Torras,José María Casabó Torras,Lliga,Catder,7,352,4.3e-05
II,363,13,Crescenciano Aguado Merino,Crescenciano Aguado Merino,PSOE,Socialista,1,317,3.9e-05
II,364,797,Francisco Roca Yevenes,Francisco Roca Yévenes,PRR,Republicanos,1,314,3.9e-05
II,365,222,Jose Cazorla Salcedo,José Cazorla Salcedo,PRR,Republicanos,2,290,3.6e-05
II,366,180,Jose Teodoro Canet Menendez,José Teodoro Canet Menéndez,PRR,Republicanos,5,288,3.5e-05
II,367,928,Jose Suñol Y Garriga,José Suñol y Garriga,ERC,Catizq,2,281,3.5e-05
II,368,343,Antonio Gabarro Y Torres,Antonio Gabarró y Torres,Lliga,Catder,5,271,3.3e-05
II,369,361,Raimundo Garcia Garcia,Raimundo García García,Indep.,Derecha autoritaria,2,237,2.9e-05
II,370,621,Jose Del Moral Sanjurjo,José del Moral Sanjurjo,RE,Conservadores,4,214,2.6e-05
II,371,390,Enrique Gomez Jimenez,Enrique Gómez Jiménez,PRC,Conservadores,7,208,2.6e-05
II,372,354,Jose Garcia Berlanga Pardo,José García Berlanga Pardo,PURA,Republicanos,2,190,2.3e-05
II,373,108,Miguel Barquero Hidalgo Barquero,Miguel Barquero Hidalgo Barquero,PRR,Republicanos,1,168,2.1e-05
II,374,121,Manuel Becerra Fernandez,Manuel Becerra Fernández,PRR,Republicanos,5,151,1.9e-05
II,375,811,Jose Rojas Marcos,José Rojas Marcos,CEDA,Conservadores,3,125,1.5e-05
II,376,97,Emilio Baeza Medina,Emilio Baeza Medina,AR,Republicanos,1,113,1.4e-05
II,377,997,Ramon De Vicuña Y Epalza,Ramón de Vicuña y Epalza,PNV,Nacionalista Vasco,1,112,1.4e-05
II,378,298,Joaquin Fanjul Goñi,Joaquín Fanjul Goñi,Agrarios,Conservadores,1,88,1.1e-05
II,379,785,Gumersindo Rico Gonzalez,Gumersindo Rico González,Indep.,Independiente,1,82,1e-05
II,380,647,Joaquin Maria De Nadal Y Ferrer,Joaquín María de Nadal y Ferrer,Lliga,Catder,4,74,9e-06
II,381,607,Ramon Molina Nieto,Ramón Molina Nieto,CEDA,Conservadores,6,73,9e-06
II,382,444,Leopoldo Igual Padilla,Leopoldo Igual Padilla,Agrarios,Conservadores,3,70,9e-06
II,383,753,Antonio Prieto Rivas,Antonio Prieto Rivas,PRR,Republicanos,4,29,4e-06
II,384,777,Jose Reino Caamaño,José Reino Caamaño,PRC,Republicanos,1,23,3e-06
II,385,419,Jose Grau Jasans,José Grau Jasans,ERC,Catizq,2,19,2e-06
II,386,479,Francisco Largo Caballero,Francisco Largo Caballero,PSOE,Socialista,1,12,1e-06
II,387,255,Ramon De La Cuesta Y Cobo De La Torre,Ramón de la Cuesta y Cobo de la Torre,Agrarios,Agrarios,2,9,1e-06
II,388,471,Vicente Lambies Grancha,Vicente Lambies Grancha,PURA,Republicanos Autonomista,1,9,1e-06
II,389,635,Jose Moreno Torres,José Moreno Torres,CEDA,Conservadores,1,5,1e-06
II,390,183,Rufino Cano De Rueda,Rufino Cano de Rueda,Agrarios,Conservadores,1,4,0.0
III,1,170,Jose Calvo Sotelo,José Calvo Sotelo,RE,Derecha autoritaria,99,67874,0.045868
III,2,456,Manuel Jimenez Fernandez,Manuel Giménez Fernández,CEDA,Conservadores,80,44459,0.030044
III,3,423,Juan Bautista Guerra Garcia,Juan Bautista Guerra García,CEDA,Conservadores,65,44394,0.03
III,4,130,Antonio Bermudez Cañete,Antonio Bermúdez Cañete,CEDA,Conservadores,69,44266,0.029914
III,5,993,Juan Ventosa Calvell,Juan Ventosa Calvell,Lliga,Catder,51,42868,0.028969
III,6,835,Mariano Ruiz Funes Garcia,Mariano Ruiz-Funes García,AR,Republicanos,38,38313,0.025891
III,7,804,Luis Rodriguez De Viguri,Luis Rodríguez de Viguri,Agrarios,Agrarios,84,32455,0.021932
III,8,422,Rafael Guerra Del Rio,Rafael Guerra del Río,PRR,Republicanos,41,29303,0.019802
III,9,512,Dimas Madariaga Almendros,Dimas Madariaga Almendros,CEDA,Conservadores,40,28537,0.019285
III,10,89,Manuel Azaña Diaz,Manuel Azaña Díaz,AR,Republicanos,9,28343,0.019154
III,11,345,Angel Galarza Gago,Ángel Galarza Gago,PSOE,Socialista,64,27453,0.018552
III,12,231,Jose Maria Cid Ruiz Zorrilla,José María Cid Ruiz Zorrilla,Agrarios,Agrarios,23,23531,0.015902
III,13,380,Jose Maria Gil Robles Y Quiñones De Leon,José María Gil Robles y Quiñones de León,CEDA,Conservadores,66,23109,0.015617
III,14,754,Indalecio Prieto Tuero,Indalecio Prieto Tuero,PSOE,Socialista,56,20775,0.014039
III,15,103,Augusto Barcia Y Trelles,Augusto Barcia y Trelles,AR,Republicanos,52,20653,0.013957
III,16,128,Victor Jose Berjano Gomez,Víctor José Berjano Gómez,CEDA,Conservadores,21,20292,0.013713
III,17,386,Jeronimo Gomariz Latorre,Jerónimo Gomariz Latorre,UR,Republicanos,71,19798,0.013379
III,18,144,Manuel Blasco Garzon,Manuel Blasco Garzón,UR,Republicanos,52,18644,0.012599
III,19,772,Enrique Ramos Ramos,Enrique Ramos Ramos,AR,Republicanos,28,18354,0.012403
III,20,828,Luis Rufilanchas Salcedo,Luis Rufilanchas Salcedo,PSOE,Socialista,46,17807,0.012034
III,21,1020,Ricardo Zabalza Elorga,Ricardo Zabalza Elorga,PSOE,Socialista,19,17062,0.01153
III,22,229,Joaquin Chapaprieta Y Torregrosa,Joaquín Chapaprieta y Torregrosa,RI,Liberales,13,16997,0.011486
III,23,819,Jose Rosado Gil,José Rosado Gil,Centro,Liberales,36,16207,0.010952
III,24,988,Antonio Velao Oñate,Antonio Velao Oñate,AR,Republicanos,30,16164,0.010923
III,25,786,Pedro Rico Lopez,Pedro Rico López,UR,Republicanos,66,16064,0.010856
III,26,495,Francisco Lopez De Goicoechea E Inchaurrandieta,Francisco López de Goicoechea e Inchaurrandieta,UR,Republicanos,31,16027,0.010831
III,27,125,Felix Eleuterio Benitez De Lugo Y Rodriguez,Félix Eleuterio Benítez de Lugo y Rodríguez,Centro,Liberales,19,14713,0.009943
III,28,54,Antonio Alvarez Robles,Antonio Álvarez Robles,CEDA,Conservadores,11,14322,0.009678
III,29,923,Fernando Suarez De Tangil Y Angulo,Fernando Suárez de Tangil y Angulo,RE,Derecha autoritaria,23,14253,0.009632
III,30,684,Benito Pabon Y Suarez De Urbina,Benito Pabón y Suárez de Urbina,Indep.,Republicanos,24,14146,0.00956
III,31,998,Miguel Vidal Guardiola,Miguel Vidal Guardiola,Lliga,Catder,30,13799,0.009325
III,32,957,Jose Maria Trias De Bes,José María Trías de Bes,Lliga,Catder,16,12468,0.008426
III,33,683,Jesus Pabon Y Suarez De Urbina,Jesús Pabón y Suárez de Urbina,CEDA,Conservadores,13,12063,0.008152
III,34,223,Pablo Ceballos Botin,Pablo Ceballos Botín,CEDA,Conservadores,22,12006,0.008113
III,35,129,Manuel Bermejillo Martinez,Manuel Bermejillo Martínez,CEDA,Conservadores,10,11916,0.008053
III,36,869,Ricardo Sanchez De Movellan Y Gutierrez De Celis,Ricardo Sánchez de Movellán y Gutiérrez de Celis,CEDA,Conservadores,20,11875,0.008025
III,37,730,Angel Pestaña Nuñez,Ángel Pestaña Núñez,P. Sindicalista,Anarcosindicalista,18,11637,0.007864
III,38,56,Manuel Alvarez Ugena Y Sanchez Tembleque,Manuel Álvarez Ugena y Sánchez Tembleque,AR,Republicanos,61,11337,0.007661
III,39,973,Bernardino Valle Gracia,Bernardino Valle Gracia,PRDF,Republicanos,10,11335,0.00766
III,40,57,Ramon Alvarez Valdes Y Castañon,Ramón Álvarez Valdés y Castañón,LD,Liberales,7,10888,0.007358
III,41,823,Jose Tomas Rubio Chavarri,José Tomás Rubio Chávarri,PRP,Liberales,17,10799,0.007298
III,42,209,Santiago Casares Quiroga,Santiago Casares Quiroga,AR,Republicanos,10,10750,0.007265
III,43,96,Carlos Badia Malagrida,Carlos Badía Malagrida,Lliga,Catder,24,10729,0.00725
III,44,702,Manuel Pedregal Fernandez,Manuel Pedregal Fernández,LD,Liberales,18,10647,0.007195
III,45,1003,Gregorio Vilatela Abad,Gregorio Vilatela Abad,AR,Republicanos,40,10348,0.006993
III,46,1007,Ignacio Villalonga Villalba,Ignacio Villalonga Villalba,CEDA,Conservadores,22,10234,0.006916
III,47,455,Luis Jimenez De Asua,Luis Jiménez de Asúa,PSOE,Socialista,8,9336,0.006309
III,48,908,Ramon Serrano Suñer,Ramón Serrano Suñer,CEDA,Conservadores,13,9209,0.006223
III,49,59,Andres Amado Y Reygondaud De Villebardet,Andrés Amado y Reygondaud de Villebardet,RE,Derecha autoritaria,7,9202,0.006218
III,50,598,Antonio Mije Garcia,Antonio Mije García,PCE,Comunista,5,9148,0.006182
III,51,657,Ramon Nogues Y Bizet,Ramón Nogués y Bizet,ERC,Catizq,3,9058,0.006121
III,52,306,Luis Fernandez Clerigo,Luis Fernández Clérigo,AR,Republicanos,25,8817,0.005958
III,53,319,Bibiano Fernandez Osorio Tafall,Bibiano Fernández-Osorio Tafall,AR,Republicanos,20,8579,0.005797
III,54,491,Rodolfo Llopis Ferrandiz,Rodolfo Llopis Ferrándiz,PSOE,Socialista,22,8532,0.005766
III,55,995,Isidoro Vergara Castrillon,Isidoro Vergara Castrillón,AR,Republicanos,41,8496,0.005741
III,56,972,Jose Maria Valiente Soriano,José María Valiente Soriano,CT,Carlistas,6,8450,0.00571
III,57,153,Francisco Javier Bosch Marin,Francisco Javier Bosch Marín,CEDA,Conservadores,7,8422,0.005691
III,58,911,Tomas Sierra Rustarazo,Tomás Sierra Rustarazo,PRR,Republicanos,5,8071,0.005454
III,59,8,Jose Acuña Y Gomez De La Torre,José Acuña y Gómez de la Torre,Mesocrata,Liberales,14,8033,0.005429
III,60,630,Antonio Moreno Jover,Antonio Moreno Jover,AR,Republicanos,15,7865,0.005315
III,61,14,Juan Maria Aguilar Calvo,Juan María Aguilar Calvo,AR,Republicanos,13,7848,0.005303
III,62,42,Antonio Alonso Rios,Antonio Alonso Ríos,PG,Galleguista,15,7583,0.005124
III,63,331,Alvaro De Figueroa Y Alonso Martinez,Álvaro de Figueroa y Alonso Martínez,Indep.,Conservadores,8,7476,0.005052
III,64,470,Jose Maria Lamamie De Clairac Y De La Colina,José María Lamamié de Clairac y de la Colina,CT,Carlistas,7,7326,0.004951
III,65,226,Francisco Cervera Jimenez Alfaro,Francisco Cervera Jiménez Alfaro,CEDA,Conservadores,8,7033,0.004753
III,66,782,Andres Revuelta Melgarejo,Andrés Revuelta Melgarejo,RE,Derecha autoritaria,12,6850,0.004629
III,67,334,Manuel Florensa Farre,Manuel Florensa Farré,Lliga,Catder,4,6659,0.0045
III,68,542,Arturo Martin De Nicolas Y Garcia,Arturo Martín de Nicolás y García,UR,Republicanos,28,6577,0.004445
III,69,287,Rafael Esparza Garcia,Rafael Esparza García,CEDA,Conservadores,4,6438,0.004351
III,70,338,Enrique De Francisco Jimenez,Enrique de Francisco Jiménez,PSOE,Socialista,10,6143,0.004151
III,71,25,Jose Maria Albiñana Sanz,José María Albiñana Sanz,PNE,Fascista,12,6131,0.004143
III,72,290,Juan Estelrich Artigues,Juan Estelrich Artigues,Lliga,Catder,7,6114,0.004132
III,73,745,Manuel Portela Valladares,Manuel Portela Valladares,Centro,Liberales,6,6109,0.004128
III,74,342,Santiago Fuentes Pila,Santiago Fuentes Pila,RE,Derecha autoritaria,20,5866,0.003964
III,75,107,Francisco Barnes Salinas,Francisco Barnés Salinas,PRRS,Republicanos,16,5716,0.003863
III,76,171,Luciano De La Calzada Rodriguez,Luciano de la Calzada Rodríguez,CEDA,Conservadores,7,5640,0.003811
III,77,257,Fermin Daza Diaz Del Castillo,Fermín Daza Díaz del Castillo,Centro,Liberales,13,5482,0.003705
III,78,232,Jose Cimas Leal,José Cimas Leal,CEDA,Conservadores,4,5289,0.003574
III,79,583,Joaquin Maurin Julia,Joaquín Maurín Juliá,POUM,Comunista,9,5270,0.003561
III,80,970,Fernando Valera Aparicio,Fernando Valera Aparicio,UR,Republicanos,1,5260,0.003555
III,81,64,Jose Andres Manso,José Andrés Manso,PSOE,Socialista,10,5218,0.003526
III,82,1008,Miguel Villalta Gisbert,Miguel Villalta Gisbert,PSOE,Socialista,29,5200,0.003514
III,83,767,Pedro Rahola Y Molinas,Pedro Rahola y Molinas,Lliga,Catder,3,5182,0.003502
III,84,465,Jose Antonio Junco Toral,José Antonio Junco Toral,PSOE,Socialista,2,5160,0.003487
III,85,348,Juan Antonio Gamazo Y Abarca,Juan Antonio Gamazo y Abarca,RE,Derecha autoritaria,15,5159,0.003486
III,86,779,Jesus Requejo San Roman,Jesús Requejo San Román,CT,Carlistas,11,4985,0.003369
III,87,454,Luis Jimenez Canga Arguelles,Luis Giménez Canga-Argüelles,CEDA,Conservadores,10,4921,0.003325
III,88,805,Luis Rodriguez Figueroa,Luis Rodríguez Figueroa,AR,Republicanos,5,4845,0.003274
III,89,266,Jose Diaz Ramos,José Díaz Ramos,PCE,Comunista,6,4758,0.003215
III,90,930,Antonio Taboada Tundidor,Antonio Taboada Tundidor,Agrarios,Agrarios,22,4723,0.003192
III,91,635,Jose Moreno Torres,José Moreno Torres,CEDA,Conservadores,17,4493,0.003036
III,92,748,Gabriel Pradal Gomez,Gabriel Pradal Gómez,PSOE,Socialista,8,4333,0.002928
III,93,441,Dolores Ibarruri Gomez,Dolores Ibárruri Gómez,PCE,Comunista,4,4330,0.002926
III,94,340,Gabriel Franco Lopez,Gabriel Franco López,AR,Republicanos,16,4236,0.002863
III,95,492,Juan Lluhi Vallesca,Juan Lluhí Vallescá,ERC,Catizq,6,4216,0.002849
III,96,411,Julio Gonzalo Soto,Julio Gonzalo Soto,CEDA,Conservadores,9,4177,0.002823
III,97,192,Geminiano Carrascal Martin,Geminiano Carrascal Martín,CEDA,Conservadores,18,4174,0.002821
III,98,961,Vicente Uribe Galdeano,Vicente Uribe Galdeano,PCE,Comunista,9,4166,0.002815
III,99,945,Pascual Tomas Taengua,Pascual Tomás Taengua,PSOE,Socialista,10,4165,0.002815
III,100,40,Bruno Alonso Gonzalez,Bruno Alonso González,PSOE,Socialista,10,4085,0.002761
III,101,536,Rafael Marin Lazaro,Rafael Marín Lázaro,CEDA,Conservadores,3,3931,0.002656
III,102,552,Luis Martinez Carvajal,Luis Martínez Carvajal,AR,Republicanos,7,3879,0.002621
III,103,109,Luis Barrena Y Alonso De Ojeda,Luis Barrena y Alonso de Ojeda,UR,Republicanos,18,3865,0.002612
III,104,450,Antonio Jaen Morente,Antonio Jaén Morente,AR,Republicanos,5,3748,0.002533
III,105,749,Jose Prat Garcia,José Prat García,PSOE,Socialista,3,3744,0.00253
III,106,799,Felipe Rodes Baldrich,Felipe Rodés Baldrich,Lliga,Catder,1,3689,0.002493
III,107,132,Antonio Bernabeu De Yeste,Antonio Bernabeu de Yeste,CEDA,Conservadores,13,3672,0.002481
III,108,879,Miguel Sancho Izquierdo,Miguel Sancho Izquierdo,CEDA,Conservadores,4,3601,0.002433
III,109,179,Jose Antonio Canals Alvarez,José Antonio Canals Álvarez,Indep.,Republicanos,16,3394,0.002294
III,110,148,Cayetano Bolivar Escribano,Cayetano Bolívar Escribano,PCE,Comunista,4,3388,0.00229
III,111,721,Manuel Perez Jofre De Villegas,Manuel Pérez Jofre de Villegas,AR,Republicanos,13,3332,0.002252
III,112,262,Emiliano Diaz Castro,Emiliano Díaz Castro,PSOE,Socialista,1,3261,0.002204
III,113,115,Severino Barros De Lis,Severino Barros de Lis,CEDA,Conservadores,11,3179,0.002148
III,114,18,Rafael Aizpun Santafe,Rafael Aizpún Santafé,CEDA,Conservadores,1,3164,0.002138
III,115,9,Dimas Adanez Horcajuelo,Dimas Adánez Horcajuelo,CEDA,Conservadores,9,3026,0.002045
III,116,305,Federico Fernandez Castillejo,Federico Fernández Castillejo,PRP,Liberales,3,2971,0.002008
III,117,619,Francisco Felix Montiel Jimenez,Francisco Félix Montiel Jiménez,PSOE,Socialista,3,2895,0.001956
III,118,586,Rafael Melgarejo Tordesillas,Rafael Melgarejo Tordesillas,CEDA,Conservadores,5,2796,0.001889
III,119,399,Jose Gonzalez Fernandez De La Bandera,José González Fernández de la Bandera,UR,Republicanos,48,2678,0.00181
III,120,273,Tomas Dominguez Arevalo,Tomás Domínguez Arévalo,CT,Carlistas,5,2643,0.001786
III,121,818,Luis Romero Solano,Luis Romero Solano,PSOE,Socialista,10,2640,0.001784
III,122,956,Jose Antonio Trabal Y Saus,José Antonio Trabal y Sans,ERC,Catizq,20,2608,0.001762
III,123,791,Fernando De Los Rios Urruti,Fernando de los Ríos Urruti,PSOE,Socialista,2,2586,0.001748
III,124,379,Felipe Gil Casares,Felipe Gil Casares,CEDA,Conservadores,17,2531,0.00171
III,125,346,Lorenzo Gallardo Y Gallardo,Lorenzo Gallardo y Gallardo,CEDA,Conservadores,2,2480,0.001676
III,126,88,Bernardo Aza Gonzalez Escalada,Bernardo Aza González Escalada,CEDA,Conservadores,16,2451,0.001656
III,127,292,Francisco Estevanez Rodriguez,Francisco Estévanez Rodríguez,CT,Carlistas,3,2403,0.001624
III,128,925,Ramon Suarez Picallo,Ramón Suárez Picallo,PG,Galleguista,3,2392,0.001616
III,129,977,Pedro Vargas Guerendiain,Pedro Vargas Guerendiain,AR,Republicanos,5,2392,0.001616
III,130,990,Luis Velasco Damas,Luis Velasco Damas,AR,Republicanos,6,2388,0.001614
III,131,47,Tomas Alvarez Angulo,Tomás Álvarez Angulo,PSOE,Socialista,9,2335,0.001578
III,132,52,Jose Maria Alvarez Mendizabal Y Bonilla,José María Álvarez Mendizábal y Bonilla,PRR,Republicanos,3,2318,0.001566
III,133,48,Jose Alvarez Buylla Y Godino,José Álvarez Buylla y Godino,PRR,Republicanos,8,2294,0.00155
III,134,876,Jose Maria Sanchez Ventura,José María Sánchez Ventura,CEDA,Conservadores,4,2269,0.001533
III,135,453,Francisco De Paula Jene Aixala,Francisco de Paula Jené Aixalá,ERC,Catizq,7,2239,0.001513
III,136,628,Jose Moreno Galvache,José Moreno Galvache,UR,Republicanos,10,2238,0.001512
III,137,899,Juan Sentis Nogues,Juan Sentís Nogués,ERC,Catizq,10,2214,0.001496
III,138,477,Antonio Lara Zarate,Antonio Lara Zárate,UR,Republicanos,3,2213,0.001495
III,139,312,Luis Fernandez Heredia Y Del Pozo,Luis Fernández Heredia y del Pozo,CEDA,Conservadores,3,2181,0.001474
III,140,551,Pedro Martinez Carton,Pedro Martínez Cartón,PCE,Comunista,9,2167,0.001464
III,141,758,Luis Puig De La Bellacasa Y Deu,Luis Puig de la Bellacasa y Deu,Lliga,Catder,4,2161,0.00146
III,142,65,Mariano Anso Zunzarren,Mariano Ansó Zunzarren,AR,Republicanos,7,2150,0.001453
III,143,1011,Justo Villanueva Y Gomez,Justo Villanueva y Gómez,PRR,Republicanos,9,2074,0.001402
III,144,272,Marcelino Domingo Sanjuan,Marcelino Domingo Sanjuán,AR,Republicanos,1,2030,0.001372
III,145,383,Bernardo Giner De Los Rios Garcia,Bernardo Giner de los Ríos García,UR,Republicanos,9,2013,0.00136
III,146,991,Nicasio Velayos Y Velayos,Nicasio Velayos y Velayos,Agrarios,Agrarios,3,1998,0.00135
III,147,135,Crescenciano Bilbao Castellano,Crescenciano Bilbao Castellanos,PSOE,Socialista,5,1938,0.00131
III,148,581,Miguel Maura Gamazo,Miguel Maura Gamazo,PRC,Conservadores,2,1921,0.001298
III,149,674,Tomas Ortiz De Solorzano Y Ortiz De La Puente,Tomás Ortiz de Solórzano y Ortiz de la Puente,CEDA,Conservadores,7,1909,0.00129
III,150,156,Jose Brianso Salvado,José Briansó Salvado,ERC,Catizq,3,1893,0.001279
III,151,157,Jeronimo Bugeda Muñoz,Jerónimo Bugeda Muñoz,PSOE,Socialista,5,1879,0.00127
III,152,692,Emilio Palomo Aguado,Emilio Palomo Aguado,AR,Republicanos,4,1868,0.001262
III,153,736,Rafael Pina Milan,Rafael Pina Milán,UR,Republicanos,1,1852,0.001252
III,154,891,Vicente Sarmiento Ruiz,Vicente Sarmiento Ruiz,PSOE,Socialista,4,1843,0.001245
III,155,464,Jose Maria Julian Gil,José María Julián Gil,CEDA,Conservadores,6,1783,0.001205
III,156,671,Daniel Ortega Martinez,Daniel Ortega Martínez,PCE,Comunista,2,1630,0.001102
III,157,722,Joaquin Perez Madrigal,Joaquín Pérez Madrigal,PRR,Republicanos,9,1546,0.001045
III,158,700,Alvaro Pascual Leone,Álvaro Pascual Leone,UR,Republicanos,4,1494,0.00101
III,159,836,Amos Ruiz Lecina,Amós Ruiz Lecina,PSOE,Socialista,7,1473,0.000995
III,160,191,Ramon De Carranza Y Fernandez Reguera,Ramón de Carranza y Fernández Reguera,RE,Derecha autoritaria,3,1375,0.000929
III,161,501,Jose Lopez Quero,José López Quero,PSOE,Socialista,5,1363,0.000921
III,162,622,Jose Morales Robles,José Morales Robles,PSOE,Socialista,2,1332,0.0009
III,163,330,Manuel Figueroa Rojas,Manuel Figueroa Rojas,DLR,Liberales,6,1312,0.000887
III,164,688,Jose Palanco Romero,José Palanco Romero,AR,Republicanos,1,1216,0.000822
III,165,889,Juan Sapiña Camaro,Juan Sapiña Camaró,PSOE,Socialista,6,1213,0.00082
III,166,847,Pedro Sainz Rodriguez,Pedro Sainz Rodríguez,RE,Derecha autoritaria,1,1142,0.000772
III,167,78,Antonio Arnedo Monguilan,Antonio Arnedo Monguilán,CEDA,Conservadores,3,1028,0.000695
III,168,238,Juan Company Jimenez,Juan Company Jiménez,AR,Republicanos,1,1021,0.00069
III,169,384,Jose Giral Pereira,José Giral Pereira,AR,Republicanos,4,1006,0.00068
III,170,574,Jose Mascort Ribot,José Mascort Ribot,ERC,Catizq,1,1005,0.000679
III,171,75,Luis Arellano Dihinx,Luis Arellano Dihinx,CT,Carlistas,4,990,0.000669
III,172,727,Dionisio Perez Viana,Dionisio Pérez Viana,CEDA,Conservadores,1,959,0.000648
III,173,968,Faustino Valentin Torrejon,Faustino Valentín Torrejón,UR,Republicanos,2,943,0.000637
III,174,284,Roberto Escribano Iglesias,Roberto Escribano Iglesias,AR,Republicanos,9,862,0.000583
III,175,385,Antonio Goicoechea Y Cosculluela,Antonio Goicoechea y Cosculluela,RE,Derecha autoritaria,8,855,0.000578
III,176,953,Manuel Torres Campaña,Manuel Torres Campaña,UR,Republicanos,3,845,0.000571
III,177,215,Eduardo Castillo Blasco,Eduardo Castillo Blasco,PSOE,Socialista,3,841,0.000568
III,178,502,Santiago Lopez Rodriguez,Santiago López Rodríguez,UR,Republicanos,1,808,0.000546
III,179,236,Jesus Comin Sagues,Jesús Comín Sagües,CT,Carlistas,9,806,0.000545
III,180,516,Jose Maestro San Jose,José Maestro San José,PSOE,Socialista,2,701,0.000474
III,181,944,Jose Tomas Piera,José Tomás y Piera,ERC,Catizq,2,680,0.00046
III,182,401,Emilio Gonzalez Lopez,Emilio González López,AR,Republicanos,3,668,0.000451
III,183,1025,Fernando Zulueta Giberga,Fernando Zulueta Giberga,ERC,Catizq,2,653,0.000441
III,184,801,Alfonso Daniel Rodriguez Castelao,Alfonso Daniel Rodríguez Castelao,PG,Galleguista,2,636,0.00043
III,185,282,Isidro Escandell Ubeda,Isidro Escandell Ubeda,PSOE,Socialista,4,626,0.000423
III,186,97,Emilio Baeza Medina,Emilio Baeza Medina,AR,Republicanos,7,615,0.000416
III,187,709,Armando Peñamaria Alvarez,Armando Peñamaría Álvarez,Centro,Centro,2,603,0.000407
III,188,883,Juan Jose Santa Cruz Garces,Juan José Santa Cruz Garcés,ASR,Liberales,2,573,0.000387
III,189,974,Fernando Valls Taberner,Fernando Valls Taberner,Lliga,Catder,5,544,0.000368
III,190,326,Benigno Ferrer Domingo,Benigno Ferrer Domingo,PSOE,Socialista,3,518,0.00035
III,191,935,Mariano Tejero Manero,Mariano Tejero Manero,AR,Republicanos,2,496,0.000335
III,192,507,Edmundo Lorenzo Santiago,Edmundo Lorenzo Santiago,PSOE,Socialista,3,479,0.000324
III,193,447,Juan Antonio Irazusta Muñoa,Juan Antonio Irazusta Muñoa,PNV,Nacionalista Vasco,2,471,0.000318
III,194,317,Ramon Fernandez Mato,Ramón Fernández Mato,Centro,Centro,2,432,0.000292
III,195,564,Maximiliano Martinez Moreno,Maximiliano Martínez Moreno,UR,Republicanos,1,432,0.000292
III,196,567,Manuel Martinez Pedroso,Manuel Martínez Pedroso,PSOE,Socialista,6,377,0.000255
III,197,322,Felix Fernandez Vega,Félix Fernández Vega,AR,Republicanos,4,344,0.000232
III,198,597,Jesus De Miguel Lancho,Jesús de Miguel Lancho,AR,Republicanos,1,324,0.000219
III,199,726,Leandro Perez Urria,Leandro Pérez Urría,AR,Republicanos,2,315,0.000213
III,200,208,Candido Casanueva Y Gorjon,Cándido Casanueva y Gorjón,CEDA,Conservadores,3,296,0.0002
III,201,864,Miguel San Andres Castro,Miguel San Andrés Castro,AR,Republicanos,4,291,0.000197
III,202,304,Antonio Fernandez Bolaños Mora,Antonio Fernández-Bolaños Mora,PSOE,Socialista,1,280,0.000189
III,203,407,Ramon Gonzalez Sicilia Y De La Corte,Ramón González Sicilia y de la Corte,UR,Republicanos,4,278,0.000188
III,204,584,Francisco Medina Clares,Francisco Medina Clarés,Centro,Centro,1,256,0.000173
III,205,575,Jose Maria Masip E Izabal,José María Masip e Izábal,ERC,Catizq,1,236,0.000159
III,206,467,Victoria Kent Siano,Victoria Kent Siano,AR,Republicanos,5,219,0.000148
III,207,738,Luis Piñol Agullo,Luis Piñol Agulló,Lliga,Catder,1,186,0.000126
III,208,242,Luis Cordero Bel,Luis Cordero Bel,PRDF,Republicanos,11,179,0.000121
III,209,461,Mariano Joven Hernandez,Mariano Joven Hernández,AR,Republicanos,1,174,0.000118
III,210,529,Vicente Marco Miranda,Vicente Marco Miranda,ERC,Catizq,5,173,0.000117
III,211,646,Amancio Muñoz Zafra,Amancio Muñoz Zafra,PSOE,Socialista,2,169,0.000114
III,212,375,Ricardo Gasset Y Alzugaray,Ricardo Gasset y Alzugaray,UR,Republicanos,2,159,0.000107
III,213,865,Claudio Sanchez Albornoz Menduiña,Claudio Sánchez Albornoz Menduiña,AR,Republicanos,1,158,0.000107
III,214,448,Manuel Irujo Ollo,Manuel Irujo Ollo,PNV,Nacionalista Vasco,4,156,0.000105
III,215,815,Adriano Romero Cachinero,Adriano Romero Cachinero,PCE,Comunista,1,139,9.4e-05
III,216,884,Miguel Santalo Y Parvorell,Miguel Santaló y Parvorell,ERC,Catizq,1,123,8.3e-05
III,217,315,Jose Maria Fernandez Ladreda Y Menendez Valdes,José María Fernández Ladreda y Menéndez Valdés,CEDA,Conservadores,2,118,8e-05
III,218,432,Jesus Hernandez Tomas,Jesús Hernández Tomás,PCE,Comunista,1,101,6.8e-05
III,219,288,Carlos Espla Rizo,Carlos Esplá Rizo,AR,Republicanos,2,99,6.7e-05
III,220,26,Alvaro De Albornoz Y Liminiana,Álvaro de Albornoz y Liminiana,Indep.,Independiente,4,97,6.6e-05
III,221,245,Pedro Corominas Y Montaña,Pedro Corominas y Montaña,ERC,Catizq,2,96,6.5e-05
III,222,118,Joaquin Bau Nolla,Joaquín Bau Nolla,CT,Carlistas,2,90,6.1e-05
III,223,568,Manuel Martinez Risco Y Macias,Manuel Martínez Risco y Macías,AR,Republicanos,2,88,5.9e-05
III,224,133,Julian Besteiro Fernandez,Julián Besteiro Fernández,PSOE,Socialista,2,85,5.7e-05
III,225,850,Pelayo Sala Y Berenguer,Pelayo Sala y Berenguer,USC,Socialista,4,60,4.1e-05
III,226,550,Diego Martinez Barrio,Diego Martínez Barrio,UR,Republicanos,1,50,3.4e-05
III,227,364,Salvador Garcia Muñoz,Salvador García Muñoz,PSOE,Socialista,1,45,3e-05
III,228,409,Gabriel Gonzalez Taltabull,Gabriel González Taltabull,UR,Republicanos,2,43,2.9e-05
III,229,424,Melchor Guerrero Periago,Melchor Guerrero Periago,PSOE,Socialista,1,36,2.4e-05
III,230,428,Juan Gutierrez Prieto,Juan Gutiérrez Prieto,PSOE,Socialista,2,32,2.2e-05
III,231,560,Emilio Martinez Jerez,Emilio Martínez Jerez,UR,Republicanos,2,29,2e-05
III,232,644,Manuel Muñoz Martinez,Manuel Muñoz Martínez,AR,Republicanos,2,25,1.7e-05
III,233,404,Ramon Gonzalez Peña,Ramón González Peña,PSOE,Socialista,1,21,1.4e-05
III,234,1000,Juan Simeon Vidarte Franco Romero,Juan Simeón Vidarte Franco-Romero,PSOE,Socialista,1,19,1.3e-05
III,235,361,Raimundo Garcia Garcia,Raimundo García García,Indep.,Derecha autoritaria,2,16,1.1e-05
III,236,76,Jose Arizcun Moreno,José Arizcún Moreno,CEDA,Conservadores,1,12,8e-06
III,237,53,Julia Alvarez Resano,Julia Álvarez Resano,PSOE,Socialista,1,11,7e-06
III,238,922,Jose Sosa Hormigo,José Sosa Hormigo,PSOE,Socialista,1,11,7e-06
III,239,201,Wenceslao Carrillo Alonso,Wenceslao Carrillo Alonso,PSOE,Socialista,1,10,7e-06
III,240,309,Virgilio Fernandez De La Vega Lombau,Virgilio Fernández de la Vega Lombau,Centro,Centro,1,8,5e-06
III,241,600,Jose Miñones Bernardez,José Miñones Bernárdez,UR,Republicanos,1,8,5e-06
III,242,943,Belarmino Tomas Alvarez,Belarmino Tomás Álvarez,PSOE,Socialista,1,6,4e-06
III,243,219,Honorato De Castro Bonel,Honorato de Castro Bonel,AR,Republicanos,1,5,3e-06
III,244,478,Luis Laredo Vega,Luis Laredo Vega,AR,Republicanos,1,5,3e-06
IV,1,652,Juan Negrin Lopez,Juan Negrín López,PSOE,Socialista,13,31794,0.311547
IV,2,730,Angel Pestaña Nuñez,Ángel Pestaña Núñez,P. Sindicalista,Anarcosindicalista,7,6418,0.06289
IV,3,441,Dolores Ibarruri Gomez,Dolores Ibárruri Gómez,PCE,Comunista,4,5743,0.056275
IV,4,472,Ramon Lamoneda Fernandez,Ramón Lamoneda Fernández,PSOE,Socialista,4,5148,0.050445
IV,5,884,Miguel Santalo Y Parvorell,Miguel Santaló y Parvorell,ERC,Catizq,7,4737,0.046418
IV,6,479,Francisco Largo Caballero,Francisco Largo Caballero,PSOE,Socialista,3,4508,0.044174
IV,7,448,Manuel Irujo Ollo,Manuel Irujo Ollo,PNV,Nacionalista Vasco,4,4023,0.039421
IV,8,266,Jose Diaz Ramos,José Díaz Ramos,PCE,Comunista,2,3851,0.037736
IV,9,404,Ramon Gonzalez Peña,Ramón González Peña,PSOE,Socialista,1,3335,0.032679
IV,10,338,Enrique De Francisco Jimenez,Enrique de Francisco Jiménez,PSOE,Socialista,3,3074,0.030122
IV,11,988,Antonio Velao Oñate,Antonio Velao Oñate,AR,Republicanos,3,2833,0.02776
IV,12,245,Pedro Corominas Y Montaña,Pedro Corominas y Montaña,ERC,Catizq,2,2781,0.027251
IV,13,953,Manuel Torres Campaña,Manuel Torres Campaña,UR,Republicanos,5,2538,0.02487
IV,14,745,Manuel Portela Valladares,Manuel Portela Valladares,Centro,Liberales,2,2410,0.023615
IV,15,692,Emilio Palomo Aguado,Emilio Palomo Aguado,AR,Republicanos,3,2085,0.020431
IV,16,480,Jose Maria Lasarte Arana,José María Lasarte Arana,PNV,Nacionalista Vasco,1,1862,0.018246
IV,17,598,Antonio Mije Garcia,Antonio Mije García,PCE,Comunista,1,1547,0.015159
IV,18,452,Julio Jauregui Lasanta,Julio Jáuregui Lasanta,PNV,Nacionalista Vasco,1,1382,0.013542
IV,19,26,Alvaro De Albornoz Y Liminiana,Álvaro de Albornoz y Liminiana,Indep.,Independiente,5,1354,0.013268
IV,20,700,Alvaro Pascual Leone,Álvaro Pascual Leone,UR,Republicanos,3,1213,0.011886
IV,21,455,Luis Jimenez De Asua,Luis Jiménez de Asúa,PSOE,Socialista,1,1195,0.01171
IV,22,461,Mariano Joven Hernandez,Mariano Joven Hernández,AR,Republicanos,7,1187,0.011631
IV,23,306,Luis Fernandez Clerigo,Luis Fernández Clérigo,AR,Republicanos,1,814,0.007976
IV,24,836,Mariano Ruiz Funes Garcia,Amós Ruiz Lecina,AR,Republicanos,2,762,0.007467
IV,25,16,Jose Antonio Aguirre Y Lecube,José Antonio Aguirre y Lecube,PNV,Nacionalista Vasco,1,732,0.007173
IV,26,754,Indalecio Prieto Tuero,Indalecio Prieto Tuero,PSOE,Socialista,2,642,0.006291
IV,27,956,Jose Antonio Trabal Y Saus,José Antonio Trabal y Sans,ERC,Catizq,15,556,0.005448
IV,28,786,Pedro Rico Lopez,Pedro Rico López,UR,Republicanos,1,538,0.005272
IV,29,644,Manuel Muñoz Martinez,Manuel Muñoz Martínez,AR,Republicanos,2,414,0.004057
IV,30,422,Rafael Guerra Del Rio,Rafael Guerra del Río,PRR,Republicanos,1,358,0.003508
IV,31,209,Santiago Casares Quiroga,Santiago Casares Quiroga,AR,Republicanos,1,354,0.003469
IV,32,889,Juan Sapiña Camaro,Juan Sapiña Camaró,PSOE,Socialista,1,336,0.003292
IV,33,384,Jose Giral Pereira,José Giral Pereira,AR,Republicanos,1,332,0.003253
IV,34,654,Luis Nicolau D'olwer,Luis Nicoláu d'Olwer,ACR,Catizq,2,245,0.002401
IV,35,850,Pelayo Sala Y Berenguer,Pelayo Sala y Berenguer,USC,Socialista,2,225,0.002205
IV,36,1025,Fernando Zulueta Giberga,Fernando Zulueta Giberga,ERC,Catizq,1,169,0.001656
IV,37,945,Pascual Tomas Taengua,Pascual Tomás Taengua,PSOE,Socialista,2,162,0.001587
IV,38,319,Bibiano Fernandez Osorio Tafall,Bibiano Fernández-Osorio Tafall,AR,Republicanos,1,151,0.00148
IV,39,749,Jose Prat Garcia,José Prat García,PSOE,Socialista,1,99,0.00097
IV,40,588,Juan Antonio Mendez Martinez,Juan Antonio Méndez Martínez,UR,Republicanos,2,51,0.0005
IV,41,819,Jose Rosado Gil,José Rosado Gil,Centro,Liberales,1,42,0.000412
IV,42,491,Rodolfo Llopis Ferrandiz,Rodolfo Llopis Ferrándiz,PSOE,Socialista,5,27,0.000265
IV,43,341,Eduardo Frapolli Y Ruiz De La Herran,Eduardo Frápolli y Ruiz de la Herrán,UR,Republicanos,2,25,0.000245
V,1,384,Jose Giral Pereira,José Giral Pereira,AR,Republicanos,7,9792,0.151289
V,2,754,Indalecio Prieto Tuero,Indalecio Prieto Tuero,PSOE,Socialista,16,8931,0.137986
V,3,306,Luis Fernandez Clerigo,Luis Fernández Clérigo,AR,Republicanos,10,7801,0.120527
V,4,345,Angel Galarza Gago,Ángel Galarza Gago,PSOE,Socialista,11,6871,0.106158
V,5,386,Jeronimo Gomariz Latorre,Jerónimo Gomariz Latorre,UR,Republicanos,9,4193,0.064783
V,6,961,Vicente Uribe Galdeano,Vicente Uribe Galdeano,PCE,Comunista,1,2248,0.034732
V,7,480,Jose Maria Lasarte Arana,José María Lasarte Arana,PNV,Nacionalista Vasco,2,2205,0.034068
V,8,452,Julio Jauregui Lasanta,Julio Jáuregui Lasanta,PNV,Nacionalista Vasco,3,2098,0.032415
V,9,472,Ramon Lamoneda Fernandez,Ramón Lamoneda Fernández,PSOE,Socialista,1,1924,0.029726
V,10,42,Antonio Alonso Rios,Antonio Alonso Ríos,PG,Galleguista,5,1703,0.026312
V,11,791,Fernando De Los Rios Urruti,Fernando de los Ríos Urruti,PSOE,Socialista,1,1640,0.025338
V,12,412,Felix Gordon Ordas,Félix Gordón Ordás,UR,Republicanos,1,1589,0.02455
V,13,925,Ramon Suarez Picallo,Ramón Suárez Picallo,PG,Galleguista,1,1425,0.022017
V,14,700,Alvaro Pascual Leone,Álvaro Pascual Leone,UR,Republicanos,1,1401,0.021646
V,15,242,Luis Cordero Bel,Luis Cordero Bel,PRDF,Republicanos,4,1371,0.021182
V,16,507,Edmundo Lorenzo Santiago,Edmundo Lorenzo Santiago,PSOE,Socialista,4,1328,0.020518
V,17,52,Jose Maria Alvarez Mendizabal Y Bonilla,José María Álvarez Mendizábal y Bonilla,PRR,Republicanos,5,1258,0.019436
V,18,326,Benigno Ferrer Domingo,Benigno Ferrer Domingo,PSOE,Socialista,1,1195,0.018463
V,19,801,Alfonso Daniel Rodriguez Castelao,Alfonso Daniel Rodríguez Castelao,PG,Nacionalista Gallego,1,1194,0.018448
V,20,977,Pedro Vargas Guerendiain,Pedro Vargas Guerendiain,AR,Republicanos,7,957,0.014786
V,21,884,Miguel Santalo Y Parvorell,Miguel Santaló y Parvorell,ERC,Catizq,1,792,0.012237
V,22,944,Jose Tomas Piera,José Tomás y Piera,ERC,Catizq,2,724,0.011186
V,23,450,Antonio Jaen Morente,Antonio Jaén Morente,AR,Republicanos,2,706,0.010908
V,24,835,Mariano Ruiz Funes Garcia,Mariano Ruiz-Funes García,AR,Republicanos,1,580,0.008961
V,25,317,Ramon Fernandez Mato,Ramón Fernández Mato,Centro,Centro,4,396,0.006118
V,26,619,Francisco Felix Montiel Jimenez,Francisco Félix Montiel Jiménez,PSOE,Socialista,2,234,0.003615
V,27,14,Juan Maria Aguilar Calvo,Juan María Aguilar Calvo,AR,Republicanos,1,168,0.002596
