cifra,valor,tipo,base,clave,fuente,fecha,texto,modulo
afin.1931.aislados,22,n,afin,C,fichas del censo de 1931-1933 sin ninguna relación en el edgelist,2026-09-23,22,afinidades
afin.1931.censo,475,n,afin,C,fichas del censo en 1931-1933 (CGOCUS V1.1),2026-09-23,475,afinidades
afin.1931.cruce_bloque,0.3506014170374032,pct,afin,C,relaciones de 1931-1933 con los dos firmantes en bloques distintos / relaciones,2026-09-23,"35,1 %",afinidades
afin.1931.cruce_centro,0.7979133377197105,pct,afin,C,relaciones de 1931-1933 que cruzan de bloque con un firmante del centro / relaciones que cruzan de bloque,2026-09-23,"79,8 %",afinidades
afin.1931.cruce_estricto,0.07085187015982863,pct,afin,C,relaciones de 1931-1933 izquierda–derecha / relaciones,2026-09-23,"7,1 %",afinidades
afin.1931.firman,453,n,afin,C,firmantes del edgelist de 1931-1933 que tienen ficha en el censo de 1931-1933,2026-09-23,453,afinidades
afin.1931.fuera_censo,1,n,afin,C,firmantes del edgelist de 1931-1933 sin ficha en el censo de 1931-1933,2026-09-23,1,afinidades
afin.1931.medidas,674,n,afin,C,id_medida distintos del edgelist de 1931-1933,2026-09-23,674,afinidades
afin.1931.modularidad,0.377,n,afin,C,party_communities['1931-1933'].modularity (representatives_metrics.json),2026-09-23,"0,377",afinidades
afin.1931.puentes.n,3,n,afin,C,"puestos 1 a 3 de transversality_score en 1931-1933 (id_dip 50, 290, 960)",2026-09-23,3,afinidades
afin.1931.relaciones,30345,n,afin,C,filas del edgelist de 1931-1933 (relaciones par-medida),2026-09-23,30.345,afinidades
afin.1933.aislados,30,n,afin,C,fichas del censo de 1933-1936 sin ninguna relación en el edgelist,2026-09-23,30,afinidades
afin.1933.censo,470,n,afin,C,fichas del censo en 1933-1936 (CGOCUS V1.1),2026-09-23,470,afinidades
afin.1933.cruce_bloque,0.23038421904902104,pct,afin,C,relaciones de 1933-1936 con los dos firmantes en bloques distintos / relaciones,2026-09-23,"23,0 %",afinidades
afin.1933.cruce_centro,0.8899361022364217,pct,afin,C,relaciones de 1933-1936 que cruzan de bloque con un firmante del centro / relaciones que cruzan de bloque,2026-09-23,"89,0 %",afinidades
afin.1933.cruce_estricto,0.025356985131753277,pct,afin,C,relaciones de 1933-1936 izquierda–derecha / relaciones,2026-09-23,"2,5 %",afinidades
afin.1933.firman,440,n,afin,C,firmantes del edgelist de 1933-1936 que tienen ficha en el censo de 1933-1936,2026-09-23,440,afinidades
afin.1933.fuera_censo,6,n,afin,C,firmantes del edgelist de 1933-1936 sin ficha en el censo de 1933-1936,2026-09-23,6,afinidades
afin.1933.medidas,767,n,afin,C,id_medida distintos del edgelist de 1933-1936,2026-09-23,767,afinidades
afin.1933.relaciones,27172,n,afin,C,filas del edgelist de 1933-1936 (relaciones par-medida),2026-09-23,27.172,afinidades
afin.1936.aislados,186,n,afin,C,fichas del censo de 1936-1939 sin ninguna relación en el edgelist,2026-09-23,186,afinidades
afin.1936.censo,501,n,afin,C,fichas del censo en 1936-1939 (CGOCUS V1.1),2026-09-23,501,afinidades
afin.1936.cruce_bloque,0.07378964941569283,pct,afin,C,relaciones de 1936-1939 con los dos firmantes en bloques distintos / relaciones,2026-09-23,"7,4 %",afinidades
afin.1936.cruce_centro,0.2149321266968326,pct,afin,C,relaciones de 1936-1939 que cruzan de bloque con un firmante del centro / relaciones que cruzan de bloque,2026-09-23,"21,5 %",afinidades
afin.1936.cruce_estricto,0.05792988313856427,pct,afin,C,relaciones de 1936-1939 izquierda–derecha / relaciones,2026-09-23,"5,8 %",afinidades
afin.1936.estricto_pnv,0.24495677233429394,pct,afin,C,relaciones izquierda–derecha de 1936-1939 cuyo firmante de derecha es del PNV en su ficha / relaciones izquierda–derecha,2026-09-23,"24,5 %",afinidades
afin.1936.firman,315,n,afin,C,firmantes del edgelist de 1936-1939 que tienen ficha en el censo de 1936-1939,2026-09-23,315,afinidades
afin.1936.fuera_censo,1,n,afin,C,firmantes del edgelist de 1936-1939 sin ficha en el censo de 1936-1939,2026-09-23,1,afinidades
afin.1936.fuera_principal,5,n,afin,C,"firmantes del censo de 1936-1939 fuera de la componente mayor (componentes [310, 3, 2])",2026-09-23,5,afinidades
afin.1936.medidas,89,n,afin,C,id_medida distintos del edgelist de 1936-1939,2026-09-23,89,afinidades
afin.1936.medidas_antes,85,n,afin,C,medidas de 1936-1939 cuya primera firma es de una sesión anterior al 18-VII-1936,2026-09-23,85,afinidades
afin.1936.medidas_estricto,16,n,afin,C,id_medida de 1936-1939 con al menos una relación izquierda–derecha,2026-09-23,16,afinidades
afin.1936.modularidad,0.5029,n,afin,C,party_communities['1936-1939'].modularity (representatives_metrics.json),2026-09-23,"0,503",afinidades
afin.1936.puentes.n,5,n,afin,C,"grupo de los cinco primeros de transversality_score en 1936-1939 (Aguirre 2.º, Irujo 5.º)",2026-09-23,5,afinidades
afin.1936.relaciones,5990,n,afin,C,filas del edgelist de 1936-1939 (relaciones par-medida),2026-09-23,5.990,afinidades
afin.firmas,13452,n,afin,C,filas de 2REP_cosponsorship (CGOCUS V1.1): una por firma de una medida,2026-09-23,13.452,afinidades
afin.firmas_sin_diputado,781,n,afin,C,firmas de 2REP_cosponsorship sin id_dip (CGOCUS V1.1),2026-09-23,781,afinidades
afin.medidas,1530,n,afin,C,id_medida distintos del edgelist (CGOCUS V1.1),2026-09-23,1.530,afinidades
afin.medidas_sin_relacion,65,n,afin,C,id_medida de 2REP_cosponsorship con menos de dos id_dip distintos (CGOCUS V1.1),2026-09-23,65,afinidades
afin.personas,1026,n,afin,C,"id_dip distintos del censo (representative_metadata, CGOCUS V1.1)",2026-09-23,1.026,afinidades
afin.relaciones,63507,n,afin,C,filas de 2REP_coauthor_edgelist (CGOCUS V1.1): una por par de firmantes y medida,2026-09-23,63.507,afinidades
afin.sin_grafia,253,n,afin,C,personas del censo de CGOCUS sin grafía revisada en grafias.json (su nombre va como lo escribe CGOCUS),2026-09-23,253,afinidades
afin.tres_leg,78,n,afin,C,id_dip con ficha en las tres legislaturas (CGOCUS V1.1),2026-09-23,78,afinidades
afin.truncadas.medidas,175,n,afin,C,medidas del edgelist cuyo texto dice «Siguen las firmas…» (lista cortada en el Diario),2026-09-23,175,afinidades
afin.truncadas.relaciones,0.1319382115357362,pct,afin,C,relaciones par-medida de las medidas con la lista cortada / relaciones,2026-09-23,"13,2 %",afinidades
bib.casas_viejas.entradas,943,n,v3,C,items de L2-B7,2026-09-23,943,sesiones
bib.casas_viejas.nombre,Debate · Casas Viejas,texto,v3,M,L2-B7 › collection.name,2026-09-23,Debate · Casas Viejas,sesiones
bib.casas_viejas.sesiones,9,n,v3,C,"sesiones (date, num_session) de sus items",2026-09-23,9,sesiones
bib.debates,26,n,v3,C,bibliotecas de debate (clave L2),2026-09-23,26,base
bib.debates_enteros,25,n,v3,C,debates cuyas entradas son todas las filas de habla de sus sesiones (clave de sesión: fecha y número),2026-09-23,25,explorador
bib.entradas,24029,n,v3,C,suma de entradas de las bibliotecas (no son filas distintas),2026-09-23,24.029,base
bib.estatuto.entradas,307,n,v3,C,items de L2-B5,2026-09-23,307,sesiones
bib.estatuto.nombre,Debate · Estatuto de Cataluña,texto,v3,M,L2-B5 › collection.name,2026-09-23,Debate · Estatuto de Cataluña,sesiones
bib.estatuto.sesiones,6,n,v3,C,"sesiones (date, num_session) de sus items",2026-09-23,6,sesiones
bib.exilio.entradas,211,n,v3,C,items de L2-B16,2026-09-23,211,sesiones
bib.exilio.nombre,Debate · Las Cortes en el exilio,texto,v3,M,L2-B16 › collection.name,2026-09-23,Debate · Las Cortes en el exilio,sesiones
bib.exilio.sesiones,5,n,v3,C,"sesiones (date, num_session) de sus items",2026-09-23,5,sesiones
bib.guerra.entradas,280,n,v3,C,items de L2-B15,2026-09-23,280,sesiones
bib.guerra.nombre,Debate · Las Cortes en guerra,texto,v3,M,L2-B15 › collection.name,2026-09-23,Debate · Las Cortes en guerra,sesiones
bib.guerra.sesiones,9,n,v3,C,"sesiones (date, num_session) de sus items",2026-09-23,9,sesiones
bib.n,31,n,v3,C,bibliotecas del proyecto (.2replib) que ofrece el explorador,2026-09-23,31,base
bib.orden_publico.entradas,604,n,v3,C,items de L2-B14,2026-09-23,604,sesiones
bib.orden_publico.nombre,Debate · Orden público en la primavera de 1936,texto,v3,M,L2-B14 › collection.name,2026-09-23,Debate · Orden público en la primavera de 1936,sesiones
bib.orden_publico.sesiones,5,n,v3,C,"sesiones (date, num_session) de sus items",2026-09-23,5,sesiones
bib.religiosa.entradas,486,n,v3,C,items de L2-B3,2026-09-23,486,sesiones
bib.religiosa.nombre,Debate · Cuestión religiosa (art. 26),texto,v3,M,L2-B3 › collection.name,2026-09-23,Debate · Cuestión religiosa (art. 26),sesiones
bib.religiosa.sesiones,4,n,v3,C,"sesiones (date, num_session) de sus items",2026-09-23,4,sesiones
bib.sufragio.entradas,770,n,v3,C,items de L2-B2,2026-09-23,770,sesiones
bib.sufragio.n,770,n,v3,C,entradas de «Debate · Sufragio femenino» (L2-B2),2026-09-23,770,explorador
bib.sufragio.nombre,Debate · Sufragio femenino,texto,v3,M,L2-B2 › collection.name,2026-09-23,Debate · Sufragio femenino,sesiones
bib.sufragio.sesiones,2,n,v3,C,"sesiones (date, num_session) de sus items",2026-09-23,2,sesiones
biblioteca.amnistia.entradas,1085,n,v3,M,entradas de la biblioteca «Debate · Amnistía de 1934»,2026-09-23,1.085,cortes
biblioteca.amnistia.sesiones,6,n,v3,M,sesiones de la biblioteca «Debate · Amnistía de 1934»,2026-09-23,6,cortes
biblioteca.casas_viejas.sesiones,9,n,v3,M,sesiones de la biblioteca «Debate · Casas Viejas»,2026-09-23,9,cortes
biblioteca.sufragio.entradas,770,n,v3,M,entradas de la biblioteca «Debate · Sufragio femenino»,2026-09-23,770,cortes
busqueda.amnistia.1933-1935,351,n,v3,C,"FTS5 del explorador (speeches_fts MATCH amnistia), «amnistía» con la faceta Legislatura 1933-1935, todas las filas",2026-09-23,351,cortes
busqueda.casas_viejas.habla,316,n,v3,C,"lo mismo con s.speaker NOT IN ('SUMARIO','COMENTARIOS') («Solo lo que se habla»)",2026-09-23,316,explorador
busqueda.casas_viejas.m1933_02,114,n,v3,C,«casas viejas» en febrero de 1933 (la nota de Tendencia de la captura),2026-09-23,114,explorador
busqueda.casas_viejas.m1933_02_habla,102,n,v3,C,lo mismo con «Solo lo que se habla»,2026-09-23,102,explorador
busqueda.casas_viejas.n,375,n,v3,C,"FTS5 de la v3: count(*) WHERE speeches_fts MATCH '""casas viejas""'",2026-09-23,375,explorador
busqueda.casas_viejas.primera,1933-02-01,fecha,v3,CALC,min(date) de «casas viejas»,2026-09-23,1 de febrero de 1933,explorador
busqueda.catolica.habla,6,n,v3,C,"lo mismo con s.speaker NOT IN ('SUMARIO','COMENTARIOS') («Solo lo que se habla»)",2026-09-23,6,explorador
busqueda.catolica.n,6,n,v3,C,"FTS5 de la v3: count(*) WHERE speeches_fts MATCH '""España ha dejado de ser católica""'",2026-09-23,6,explorador
busqueda.catolica.puesto_azana,4,n,v3,C,"posición de la fila v3 7531 (Azaña, 13-X-1931) con ORDER BY bm25(speeches_fts), el orden «Relevancia»",2026-09-23,4,explorador
busqueda.divorcio.1931-1933,485,n,v3,C,"FTS5 del explorador (speeches_fts MATCH divorcio), «divorcio» con la faceta Legislatura 1931-1933, todas las filas",2026-09-23,485,cortes
busqueda.divorcio.habla,454,n,v3,C,"lo mismo con s.speaker NOT IN ('SUMARIO','COMENTARIOS') («Solo lo que se habla»)",2026-09-23,454,explorador
busqueda.divorcio.n,531,n,v3,C,FTS5 de la v3: count(*) WHERE speeches_fts MATCH 'divorcio',2026-09-23,531,explorador
busqueda.estatuto.habla,493,n,v3,C,"lo mismo con s.speaker NOT IN ('SUMARIO','COMENTARIOS') («Solo lo que se habla»)",2026-09-23,493,explorador
busqueda.estatuto.n,724,n,v3,C,"FTS5 de la v3: count(*) WHERE speeches_fts MATCH '""estatuto de cataluña""'",2026-09-23,724,explorador
busqueda.reforma_agraria.habla,1629,n,v3,C,"lo mismo con s.speaker NOT IN ('SUMARIO','COMENTARIOS') («Solo lo que se habla»)",2026-09-23,1.629,explorador
busqueda.reforma_agraria.n,2028,n,v3,C,"FTS5 de la v3: count(*) WHERE speeches_fts MATCH '""reforma agraria""'",2026-09-23,2.028,explorador
busqueda.reforma_agraria_y.n,2125,n,v3,C,"FTS5: 'reforma agraria' (las dos palabras, sin comillas)",2026-09-23,2.125,explorador
busqueda.ses.barriga.n,2,n,v3,C,"FTS5 MATCH '""tiros a la barriga""'  sobre speeches_fts, como el explorador; todo el corpus",2026-09-23,2,sesiones
busqueda.ses.casas_viejas.m1933_03,126,n,v3,C,"FTS5 MATCH '""casas viejas""' {'desde': '1933-03-01', 'hasta': '1933-03-31'} sobre speeches_fts, como el explorador; marzo de 1933, todas las filas",2026-09-23,126,sesiones
busqueda.ses.casas_viejas.m1933_03_habla,108,n,v3,C,"FTS5 MATCH '""casas viejas""' {'desde': '1933-03-01', 'hasta': '1933-03-31', 'habla': True} sobre speeches_fts, como el explorador; marzo de 1933, «Solo lo que se habla»",2026-09-23,108,sesiones
busqueda.ses.otra_manera.n,2,n,v3,C,"FTS5 MATCH '""vivir de otra manera""'  sobre speeches_fts, como el explorador; consulta: ""vivir de otra manera""",2026-09-23,2,sesiones
busqueda.ses.pistola.dia,3,n,v3,C,"FTS5 MATCH '""pistola""' {'desde': '1934-07-04', 'hasta': '1934-07-04'} sobre speeches_fts, como el explorador; Desde y Hasta 04/07/1934",2026-09-23,3,sesiones
busqueda.ses.pistola.n,164,n,v3,C,"FTS5 MATCH '""pistola""'  sobre speeches_fts, como el explorador; todo el corpus",2026-09-23,164,sesiones
busqueda.ses.presidente_interino.n,6,n,v3,C,"FTS5 MATCH '""presidente interino de la republica""' {'desde': '1945-01-01'} sobre speeches_fts, como el explorador; Desde 01/01/1945",2026-09-23,6,sesiones
busqueda.ses.suprimidas.n,5,n,v3,C,"FTS5 MATCH '""no constan por orden"" OR ""no se consigna por orden"" OR ""no se consignan por orden""'  sobre speeches_fts, como el explorador; acotaciones de palabras suprimidas por la Presidencia",2026-09-23,5,sesiones
busqueda.ses.suprimidas.puerta,3,n,v3,C,"de esas filas, las del 16-VI y el 1-VII-1936",2026-09-23,3,sesiones
busqueda.ses.tenia_que_ocurrir.n,2,n,v3,C,"FTS5 MATCH '""no ha ocurrido sino lo que tenia que ocurrir""'  sobre speeches_fts, como el explorador; consulta: la frase de Azaña",2026-09-23,2,sesiones
busqueda.ses.tierra_catalana.habla,0,n,v3,C,"FTS5 MATCH '""trozo de la tierra catalana""' {'habla': True} sobre speeches_fts, como el explorador; con «Solo lo que se habla»",2026-09-23,0,sesiones
busqueda.ses.tierra_catalana.n,1,n,v3,C,"FTS5 MATCH '""trozo de la tierra catalana""'  sobre speeches_fts, como el explorador; todo el corpus, todas las filas",2026-09-23,1,sesiones
busqueda.ses.voto_union.campoamor,6,n,v3,C,"de las filas de la consulta ""voto femenino"" | ""voto de la mujer"", las de rep_name Clara Campoamor",2026-09-23,6,sesiones
busqueda.ses.voto_union.fechas,15,n,v3,C,fechas distintas de esas filas,2026-09-23,15,sesiones
busqueda.straperlo.1935,11,n,v3,C,"FTS5 del explorador (speeches_fts MATCH straperlo), «straperlo», del 1-X al 31-XII-1935, todas las filas",2026-09-23,11,cortes
busqueda.strauss.1935,32,n,v3,C,"FTS5 del explorador (speeches_fts MATCH strauss), «strauss», del 1-X al 31-XII-1935, todas las filas",2026-09-23,32,cortes
busqueda.voto_ambas.n,8,n,v3,C,"FTS5: '""voto femenino"" AND ""voto de la mujer""'",2026-09-23,8,explorador
busqueda.voto_femenino.habla,20,n,v3,C,"lo mismo con s.speaker NOT IN ('SUMARIO','COMENTARIOS') («Solo lo que se habla»)",2026-09-23,20,explorador
busqueda.voto_femenino.n,20,n,v3,C,"FTS5 de la v3: count(*) WHERE speeches_fts MATCH '""voto femenino""'",2026-09-23,20,explorador
busqueda.voto_mujer.habla,28,n,v3,C,"lo mismo con s.speaker NOT IN ('SUMARIO','COMENTARIOS') («Solo lo que se habla»)",2026-09-23,28,explorador
busqueda.voto_mujer.n,28,n,v3,C,"FTS5 de la v3: count(*) WHERE speeches_fts MATCH '""voto de la mujer""'",2026-09-23,28,explorador
busqueda.voto_union.desde,1931-09-01,fecha,v3,CALC,min(date) de la unión,2026-09-23,1 de septiembre de 1931,explorador
busqueda.voto_union.habla,40,n,v3,C,"lo mismo con s.speaker NOT IN ('SUMARIO','COMENTARIOS') («Solo lo que se habla»)",2026-09-23,40,explorador
busqueda.voto_union.hasta,1933-12-15,fecha,v3,CALC,max(date) de la unión,2026-09-23,15 de diciembre de 1933,explorador
busqueda.voto_union.n,40,n,v3,C,"FTS5 de la v3: count(*) WHERE speeches_fts MATCH '""voto femenino"" OR ""voto de la mujer""'",2026-09-23,40,explorador
busquedas.fecha,2026-09-22,fecha,v3,CALC,"día en que los recuentos se comprobaron en la pantalla del explorador, sobre la v3 3a0d8b2d (se recalculan en cada exportación)",2026-09-23,22 de septiembre de 2026,explorador
cita.antesala.calvo.V2,105356,id,V2,L,"fila V2 donde está, letra a letra, la cita antesala.calvo (citas.md)",2026-09-23,105356,sesiones
cita.antesala.calvo.palabras,1718,n,V2,C,nwords de la fila V2 105356,2026-09-23,1.718,sesiones
cita.antesala.calvo.suprimidas.V2,105310,id,V2,L,"fila V2 donde está, letra a letra, la cita antesala.calvo.suprimidas (citas.md)",2026-09-23,105310,sesiones
cita.antesala.calvo.suprimidas.palabras,240,n,V2,C,nwords de la fila V2 105310,2026-09-23,240,sesiones
cita.antesala.calvo.suprimidas.v3,119084,id,v3,L,"fila v3 donde está, letra a letra, la cita antesala.calvo.suprimidas (citas.md)",2026-09-23,119084,sesiones
cita.antesala.calvo.v3,119131,id,v3,L,"fila v3 donde está, letra a letra, la cita antesala.calvo (citas.md)",2026-09-23,119131,sesiones
cita.antesala.carrillo.suprimidas.V2,105324,id,V2,L,"fila V2 donde está, letra a letra, la cita antesala.carrillo.suprimidas (citas.md)",2026-09-23,105324,sesiones
cita.antesala.carrillo.suprimidas.palabras,25,n,V2,C,nwords de la fila V2 105324,2026-09-23,25,sesiones
cita.antesala.carrillo.suprimidas.v3,119098,id,v3,L,"fila v3 donde está, letra a letra, la cita antesala.carrillo.suprimidas (citas.md)",2026-09-23,119098,sesiones
cita.antesala.casares.V2,105330,id,V2,L,"fila V2 donde está, letra a letra, la cita antesala.casares (citas.md)",2026-09-23,105330,sesiones
cita.antesala.casares.palabras,2783,n,V2,C,nwords de la fila V2 105330,2026-09-23,2.783,sesiones
cita.antesala.casares.v3,119104,id,v3,L,"fila v3 donde está, letra a letra, la cita antesala.casares (citas.md)",2026-09-23,119104,sesiones
cita.antesala.galarza.V2,106289,id,V2,L,"fila V2 donde está, letra a letra, la cita antesala.galarza (citas.md)",2026-09-23,106289,sesiones
cita.antesala.galarza.palabras,3666,n,V2,C,nwords de la fila V2 106289,2026-09-23,3.666,sesiones
cita.antesala.galarza.v3,120221,id,v3,L,"fila v3 donde está, letra a letra, la cita antesala.galarza (citas.md)",2026-09-23,120221,sesiones
cita.antesala.galarza2.V2,106291,id,V2,L,"fila V2 donde está, letra a letra, la cita antesala.galarza2 (citas.md)",2026-09-23,106291,sesiones
cita.antesala.galarza2.palabras,56,n,V2,C,nwords de la fila V2 106291,2026-09-23,56,sesiones
cita.antesala.galarza2.v3,120223,id,v3,L,"fila v3 donde está, letra a letra, la cita antesala.galarza2 (citas.md)",2026-09-23,120223,sesiones
cita.antesala.presidencia.V2,106290,id,V2,L,"fila V2 donde está, letra a letra, la cita antesala.presidencia (citas.md)",2026-09-23,106290,sesiones
cita.antesala.presidencia.palabras,55,n,V2,C,nwords de la fila V2 106290,2026-09-23,55,sesiones
cita.antesala.presidencia.v3,120222,id,v3,L,"fila v3 donde está, letra a letra, la cita antesala.presidencia (citas.md)",2026-09-23,120222,sesiones
cita.casasviejas.azana.V2,44922,id,V2,L,"fila V2 donde está, letra a letra, la cita casasviejas.azana (citas.md)",2026-09-23,44922,sesiones
cita.casasviejas.azana.hurgue.V2,44922,id,V2,L,"fila V2 donde está, letra a letra, la cita casasviejas.azana.hurgue (citas.md)",2026-09-23,44922,sesiones
cita.casasviejas.azana.hurgue.palabras,528,n,V2,C,nwords de la fila V2 44922,2026-09-23,528,sesiones
cita.casasviejas.azana.hurgue.v3,50255,id,v3,L,"fila v3 donde está, letra a letra, la cita casasviejas.azana.hurgue (citas.md)",2026-09-23,50255,sesiones
cita.casasviejas.azana.palabras,528,n,V2,C,nwords de la fila V2 44922,2026-09-23,528,sesiones
cita.casasviejas.azana.v3,50255,id,v3,L,"fila v3 donde está, letra a letra, la cita casasviejas.azana (citas.md)",2026-09-23,50255,sesiones
cita.casasviejas.barriga.V2,70714,id,V2,L,"fila V2 donde está, letra a letra, la cita casasviejas.barriga (citas.md)",2026-09-23,70714,sesiones
cita.casasviejas.barriga.palabras,1586,n,V2,C,nwords de la fila V2 70714,2026-09-23,1.586,sesiones
cita.casasviejas.barriga.v3,79606,id,v3,L,"fila v3 donde está, letra a letra, la cita casasviejas.barriga (citas.md)",2026-09-23,79606,sesiones
cita.casasviejas.martinezbarrio.V2,46426,id,V2,L,"fila V2 donde está, letra a letra, la cita casasviejas.martinezbarrio (citas.md)",2026-09-23,46426,sesiones
cita.casasviejas.martinezbarrio.palabras,2028,n,V2,C,nwords de la fila V2 46426,2026-09-23,2.028,sesiones
cita.casasviejas.martinezbarrio.v3,51919,id,v3,L,"fila v3 donde está, letra a letra, la cita casasviejas.martinezbarrio (citas.md)",2026-09-23,51919,sesiones
cita.diario.alba.reglamento.V2,71331,id,V2,L,"fila V2 donde está, letra a letra, la cita diario.alba.reglamento (citas.md)",2026-09-23,71331,diario
cita.diario.alba.reglamento.v3,80307,id,v3,L,"fila v3 donde está, letra a letra, la cita diario.alba.reglamento (citas.md)",2026-09-23,80307,diario
cita.diario.alba.secreta.V2,71329,id,V2,L,"fila V2 donde está, letra a letra, la cita diario.alba.secreta (citas.md)",2026-09-23,71329,diario
cita.diario.alba.secreta.v3,80305,id,v3,L,"fila v3 donde está, letra a letra, la cita diario.alba.secreta (citas.md)",2026-09-23,80305,diario
cita.diario.besteiro.consten.V2,45115,id,V2,L,"fila V2 donde está, letra a letra, la cita diario.besteiro.consten (citas.md)",2026-09-23,45115,diario
cita.diario.besteiro.consten.v3,50466,id,v3,L,"fila v3 donde está, letra a letra, la cita diario.besteiro.consten (citas.md)",2026-09-23,50466,diario
cita.diario.calvo.peticion.V2,104406,id,V2,L,"fila V2 donde está, letra a letra, la cita diario.calvo.peticion (citas.md)",2026-09-23,104406,diario
cita.diario.calvo.peticion.v3,118058,id,v3,L,"fila v3 donde está, letra a letra, la cita diario.calvo.peticion (citas.md)",2026-09-23,118058,diario
cita.diario.campoamor.lee.V2,5424,id,V2,L,"fila V2 donde está, letra a letra, la cita diario.campoamor.lee (citas.md)",2026-09-23,5424,diario
cita.diario.campoamor.lee.v3,6079,id,v3,L,"fila v3 donde está, letra a letra, la cita diario.campoamor.lee (citas.md)",2026-09-23,6079,diario
cita.diario.cano.tachado.V2,82129,id,V2,L,"fila V2 donde está, letra a letra, la cita diario.cano.tachado (citas.md)",2026-09-23,82129,diario
cita.diario.cano.tachado.v3,92599,id,v3,L,"fila v3 donde está, letra a letra, la cita diario.cano.tachado (citas.md)",2026-09-23,92599,diario
cita.diario.eso_no_basta.V2,102492,id,V2,L,"fila V2 donde está, letra a letra, la cita diario.eso_no_basta (citas.md)",2026-09-23,102492,diario
cita.diario.eso_no_basta.v3,115837,id,v3,L,"fila v3 donde está, letra a letra, la cita diario.eso_no_basta (citas.md)",2026-09-23,115837,diario
cita.diario.grito.V2,71330,id,V2,L,"fila V2 donde está, letra a letra, la cita diario.grito (citas.md)",2026-09-23,71330,diario
cita.diario.grito.palabras,3,n,V2,C,nwords de la fila V2 71330,2026-09-23,3,diario
cita.diario.grito.v3,80306,id,v3,L,"fila v3 donde está, letra a letra, la cita diario.grito (citas.md)",2026-09-23,80306,diario
cita.diario.kent.interrupcion.V2,5419,id,V2,L,"fila V2 donde está, letra a letra, la cita diario.kent.interrupcion (citas.md)",2026-09-23,5419,diario
cita.diario.kent.interrupcion.v3,6074,id,v3,L,"fila v3 donde está, letra a letra, la cita diario.kent.interrupcion (citas.md)",2026-09-23,6074,diario
cita.diario.maura.censura.V2,82369,id,V2,L,"fila V2 donde está, letra a letra, la cita diario.maura.censura (citas.md)",2026-09-23,82369,diario
cita.diario.maura.censura.v3,92880,id,v3,L,"fila v3 donde está, letra a letra, la cita diario.maura.censura (citas.md)",2026-09-23,92880,diario
cita.diario.maurin.V2,106747,id,V2,L,"fila V2 donde está, letra a letra, la cita diario.maurin (citas.md)",2026-09-23,106747,diario
cita.diario.maurin.v3,120751,id,v3,L,"fila v3 donde está, letra a letra, la cita diario.maurin (citas.md)",2026-09-23,120751,diario
cita.diario.nota.liberacion.v3,121110,id,v3,L,"fila v3 donde está, letra a letra, la cita diario.nota.liberacion (citas.md)",2026-09-23,121110,diario
cita.diario.nota.volumen.v3,121110,id,v3,L,"fila v3 donde está, letra a letra, la cita diario.nota.volumen (citas.md)",2026-09-23,121110,diario
cita.diario.perciben.y.constan.V2,103250,id,V2,L,"fila V2 donde está, letra a letra, la cita diario.perciben.y.constan (citas.md)",2026-09-23,103250,diario
cita.diario.perciben.y.constan.v3,116697,id,v3,L,"fila v3 donde está, letra a letra, la cita diario.perciben.y.constan (citas.md)",2026-09-23,116697,diario
cita.diario.prieto.consten.V2,45116,id,V2,L,"fila V2 donde está, letra a letra, la cita diario.prieto.consten (citas.md)",2026-09-23,45116,diario
cita.diario.prieto.consten.v3,50467,id,v3,L,"fila v3 donde está, letra a letra, la cita diario.prieto.consten (citas.md)",2026-09-23,50467,diario
cita.diario.prieto.publica.V2,71332,id,V2,L,"fila V2 donde está, letra a letra, la cita diario.prieto.publica (citas.md)",2026-09-23,71332,diario
cita.diario.prieto.publica.v3,80308,id,v3,L,"fila v3 donde está, letra a letra, la cita diario.prieto.publica (citas.md)",2026-09-23,80308,diario
cita.diario.royo.V2,57506,id,V2,L,"fila V2 donde está, letra a letra, la cita diario.royo (citas.md)",2026-09-23,57506,diario
cita.diario.royo.v3,64595,id,v3,L,"fila v3 donde está, letra a letra, la cita diario.royo (citas.md)",2026-09-23,64595,diario
cita.diario.sainz.V2,77318,id,V2,L,"fila V2 donde está, letra a letra, la cita diario.sainz (citas.md)",2026-09-23,77318,diario
cita.diario.sainz.v3,87096,id,v3,L,"fila v3 donde está, letra a letra, la cita diario.sainz (citas.md)",2026-09-23,87096,diario
cita.estatuto.azana.V2,25979,id,V2,L,"fila V2 donde está, letra a letra, la cita estatuto.azana (citas.md)",2026-09-23,25979,sesiones
cita.estatuto.azana.palabras,17152,n,V2,C,nwords de la fila V2 25979,2026-09-23,17.152,sesiones
cita.estatuto.azana.v3,29042,id,v3,L,"fila v3 donde está, letra a letra, la cita estatuto.azana (citas.md)",2026-09-23,29042,sesiones
cita.estatuto.v2.palabra.V2,25979,id,V2,L,"fila V2 donde está, letra a letra, la cita estatuto.v2.palabra (citas.md)",2026-09-23,25979,sesiones
cita.estatuto.v2.palabra.palabras,17152,n,V2,C,nwords de la fila V2 25979,2026-09-23,17.152,sesiones
cita.estatuto.v2.palabra.v3,29041,id,v3,L,"fila v3 donde está, letra a letra, la cita estatuto.v2.palabra (citas.md)",2026-09-23,29041,sesiones
cita.estatuto.v2.rotulo.V2,25979,id,V2,L,"fila V2 donde está, letra a letra, la cita estatuto.v2.rotulo (citas.md)",2026-09-23,25979,sesiones
cita.estatuto.v2.rotulo.palabras,17152,n,V2,C,nwords de la fila V2 25979,2026-09-23,17.152,sesiones
cita.f27.1.V2,420,id,V2,L,"fila V2 donde está, letra a letra, la cita f27.1 (citas.md)",2026-09-23,420,diario
cita.f27.1.v3,472,id,v3,L,"fila v3 donde está, letra a letra, la cita f27.1 (citas.md)",2026-09-23,472,diario
cita.f27.10.V2,106747,id,V2,L,"fila V2 donde está, letra a letra, la cita f27.10 (citas.md)",2026-09-23,106747,diario
cita.f27.10.v3,120751,id,v3,L,"fila v3 donde está, letra a letra, la cita f27.10 (citas.md)",2026-09-23,120751,diario
cita.f27.2.V2,23898,id,V2,L,"fila V2 donde está, letra a letra, la cita f27.2 (citas.md)",2026-09-23,23898,diario
cita.f27.2.v3,26612,id,v3,L,"fila v3 donde está, letra a letra, la cita f27.2 (citas.md)",2026-09-23,26612,diario
cita.f27.3.V2,24658,id,V2,L,"fila V2 donde está, letra a letra, la cita f27.3 (citas.md)",2026-09-23,24658,diario
cita.f27.3.v3,27477,id,v3,L,"fila v3 donde está, letra a letra, la cita f27.3 (citas.md)",2026-09-23,27477,diario
cita.f27.4.V2,55902,id,V2,L,"fila V2 donde está, letra a letra, la cita f27.4 (citas.md)",2026-09-23,55902,diario
cita.f27.4.v3,62718,id,v3,L,"fila v3 donde está, letra a letra, la cita f27.4 (citas.md)",2026-09-23,62718,diario
cita.f27.5.V2,57506,id,V2,L,"fila V2 donde está, letra a letra, la cita f27.5 (citas.md)",2026-09-23,57506,diario
cita.f27.5.v3,64595,id,v3,L,"fila v3 donde está, letra a letra, la cita f27.5 (citas.md)",2026-09-23,64595,diario
cita.f27.6.V2,71330,id,V2,L,"fila V2 donde está, letra a letra, la cita f27.6 (citas.md)",2026-09-23,71330,diario
cita.f27.6.v3,80306,id,v3,L,"fila v3 donde está, letra a letra, la cita f27.6 (citas.md)",2026-09-23,80306,diario
cita.f27.7.V2,75263,id,V2,L,"fila V2 donde está, letra a letra, la cita f27.7 (citas.md)",2026-09-23,75263,diario
cita.f27.7.v3,84760,id,v3,L,"fila v3 donde está, letra a letra, la cita f27.7 (citas.md)",2026-09-23,84760,diario
cita.f27.8.V2,79803,id,V2,L,"fila V2 donde está, letra a letra, la cita f27.8 (citas.md)",2026-09-23,79803,diario
cita.f27.8.v3,89910,id,v3,L,"fila v3 donde está, letra a letra, la cita f27.8 (citas.md)",2026-09-23,89910,diario
cita.f27.9.V2,99859,id,V2,L,"fila V2 donde está, letra a letra, la cita f27.9 (citas.md)",2026-09-23,99859,diario
cita.f27.9.v3,112827,id,v3,L,"fila v3 donde está, letra a letra, la cita f27.9 (citas.md)",2026-09-23,112827,diario
cita.f28.acotacion.1.V2,103182,id,V2,L,"fila V2 donde está, letra a letra, la cita f28.acotacion.1 (citas.md)",2026-09-23,103182,diario
cita.f28.acotacion.1.v3,116626,id,v3,L,"fila v3 donde está, letra a letra, la cita f28.acotacion.1 (citas.md)",2026-09-23,116626,diario
cita.f28.acotacion.2.V2,103250,id,V2,L,"fila V2 donde está, letra a letra, la cita f28.acotacion.2 (citas.md)",2026-09-23,103250,diario
cita.f28.acotacion.2.v3,116697,id,v3,L,"fila v3 donde está, letra a letra, la cita f28.acotacion.2 (citas.md)",2026-09-23,116697,diario
cita.f28.acotacion.3.V2,105310,id,V2,L,"fila V2 donde está, letra a letra, la cita f28.acotacion.3 (citas.md)",2026-09-23,105310,diario
cita.f28.acotacion.3.v3,119084,id,v3,L,"fila v3 donde está, letra a letra, la cita f28.acotacion.3 (citas.md)",2026-09-23,119084,diario
cita.f28.acotacion.4.V2,105324,id,V2,L,"fila V2 donde está, letra a letra, la cita f28.acotacion.4 (citas.md)",2026-09-23,105324,diario
cita.f28.acotacion.4.v3,119098,id,v3,L,"fila v3 donde está, letra a letra, la cita f28.acotacion.4 (citas.md)",2026-09-23,119098,diario
cita.f28.acotacion.5.V2,106289,id,V2,L,"fila V2 donde está, letra a letra, la cita f28.acotacion.5 (citas.md)",2026-09-23,106289,diario
cita.f28.acotacion.5.v3,120221,id,v3,L,"fila v3 donde está, letra a letra, la cita f28.acotacion.5 (citas.md)",2026-09-23,120221,diario
cita.f28.ajena.V2,64659,id,V2,L,"fila V2 donde está, letra a letra, la cita f28.ajena (citas.md)",2026-09-23,64659,diario
cita.f28.ajena.v3,72690,id,v3,L,"fila v3 donde está, letra a letra, la cita f28.ajena (citas.md)",2026-09-23,72690,diario
cita.f28.orden.1.V2,13605,id,V2,L,"fila V2 donde está, letra a letra, la cita f28.orden.1 (citas.md)",2026-09-23,13605,diario
cita.f28.orden.1.v3,15129,id,v3,L,"fila v3 donde está, letra a letra, la cita f28.orden.1 (citas.md)",2026-09-23,15129,diario
cita.f28.orden.2.V2,45115,id,V2,L,"fila V2 donde está, letra a letra, la cita f28.orden.2 (citas.md)",2026-09-23,45115,diario
cita.f28.orden.2.v3,50466,id,v3,L,"fila v3 donde está, letra a letra, la cita f28.orden.2 (citas.md)",2026-09-23,50466,diario
cita.f28.orden.3.V2,45440,id,V2,L,"fila V2 donde está, letra a letra, la cita f28.orden.3 (citas.md)",2026-09-23,45440,diario
cita.f28.orden.3.v3,50818,id,v3,L,"fila v3 donde está, letra a letra, la cita f28.orden.3 (citas.md)",2026-09-23,50818,diario
cita.f28.orden.4.V2,102484,id,V2,L,"fila V2 donde está, letra a letra, la cita f28.orden.4 (citas.md)",2026-09-23,102484,diario
cita.f28.orden.4.v3,115828,id,v3,L,"fila v3 donde está, letra a letra, la cita f28.orden.4 (citas.md)",2026-09-23,115828,diario
cita.f28.orden.5.V2,102486,id,V2,L,"fila V2 donde está, letra a letra, la cita f28.orden.5 (citas.md)",2026-09-23,102486,diario
cita.f28.orden.5.v3,115830,id,v3,L,"fila v3 donde está, letra a letra, la cita f28.orden.5 (citas.md)",2026-09-23,115830,diario
cita.f28.orden.6.V2,102492,id,V2,L,"fila V2 donde está, letra a letra, la cita f28.orden.6 (citas.md)",2026-09-23,102492,diario
cita.f28.orden.6.v3,115836,id,v3,L,"fila v3 donde está, letra a letra, la cita f28.orden.6 (citas.md)",2026-09-23,115836,diario
cita.f28.orden.7.V2,103251,id,V2,L,"fila V2 donde está, letra a letra, la cita f28.orden.7 (citas.md)",2026-09-23,103251,diario
cita.f28.orden.7.v3,116698,id,v3,L,"fila v3 donde está, letra a letra, la cita f28.orden.7 (citas.md)",2026-09-23,116698,diario
cita.f28.orden.8.V2,106290,id,V2,L,"fila V2 donde está, letra a letra, la cita f28.orden.8 (citas.md)",2026-09-23,106290,diario
cita.f28.orden.8.v3,120222,id,v3,L,"fila v3 donde está, letra a letra, la cita f28.orden.8 (citas.md)",2026-09-23,120222,diario
cita.f28.peticion.V2,104406,id,V2,L,"fila V2 donde está, letra a letra, la cita f28.peticion (citas.md)",2026-09-23,104406,diario
cita.f28.peticion.v3,118058,id,v3,L,"fila v3 donde está, letra a letra, la cita f28.peticion (citas.md)",2026-09-23,118058,diario
cita.figueres.apertura.sumario.v3,121446,id,v3,L,"fila v3 donde está, letra a letra, la cita figueres.apertura.sumario (citas.md)",2026-09-23,121446,sesiones
cita.figueres.apertura.texto.v3,121446,id,v3,L,"fila v3 donde está, letra a letra, la cita figueres.apertura.texto (citas.md)",2026-09-23,121446,sesiones
cita.figueres.castillo.V2,107337,id,V2,L,"fila V2 donde está, letra a letra, la cita figueres.castillo (citas.md)",2026-09-23,107337,sesiones
cita.figueres.castillo.palabras,239,n,V2,C,nwords de la fila V2 107337,2026-09-23,239,sesiones
cita.figueres.castillo.v3,121459,id,v3,L,"fila v3 donde está, letra a letra, la cita figueres.castillo (citas.md)",2026-09-23,121459,sesiones
cita.figueres.fotocopia.V2,107341,id,V2,L,"fila V2 donde está, letra a letra, la cita figueres.fotocopia (citas.md)",2026-09-23,107341,sesiones
cita.figueres.fotocopia.palabras,226,n,V2,C,nwords de la fila V2 107341,2026-09-23,226,sesiones
cita.figueres.fotocopia.v3,121465,id,v3,L,"fila v3 donde está, letra a letra, la cita figueres.fotocopia (citas.md)",2026-09-23,121465,sesiones
cita.figueres.martinezbarrio.v3,121446,id,v3,L,"fila v3 donde está, letra a letra, la cita figueres.martinezbarrio (citas.md)",2026-09-23,121446,sesiones
cita.figueres.negrin.V2,107326,id,V2,L,"fila V2 donde está, letra a letra, la cita figueres.negrin (citas.md)",2026-09-23,107326,sesiones
cita.figueres.negrin.palabras,5291,n,V2,C,nwords de la fila V2 107326,2026-09-23,5.291,sesiones
cita.figueres.negrin.v3,121447,id,v3,L,"fila v3 donde está, letra a letra, la cita figueres.negrin (citas.md)",2026-09-23,121447,sesiones
cita.figueres.nota.v3,121110,id,v3,L,"fila v3 donde está, letra a letra, la cita figueres.nota (citas.md)",2026-09-23,121110,sesiones
cita.figueres.votacion.V2,107341,id,V2,L,"fila V2 donde está, letra a letra, la cita figueres.votacion (citas.md)",2026-09-23,107341,sesiones
cita.figueres.votacion.palabras,226,n,V2,C,nwords de la fila V2 107341,2026-09-23,226,sesiones
cita.figueres.votacion.v3,121464,id,v3,L,"fila v3 donde está, letra a letra, la cita figueres.votacion (citas.md)",2026-09-23,121464,sesiones
cita.mexico.declaracion.v3,121568,id,v3,L,"fila v3 donde está, letra a letra, la cita mexico.declaracion (citas.md)",2026-09-23,121568,sesiones
cita.mexico.editor.v3,121466,id,v3,L,"fila v3 donde está, letra a letra, la cita mexico.editor (citas.md)",2026-09-23,121466,sesiones
cita.mexico.galicia.v3,121601,id,v3,L,"fila v3 donde está, letra a letra, la cita mexico.galicia (citas.md)",2026-09-23,121601,sesiones
cita.mexico.giral.V2,107375,id,V2,L,"fila V2 donde está, letra a letra, la cita mexico.giral (citas.md)",2026-09-23,107375,sesiones
cita.mexico.giral.palabras,7446,n,V2,C,nwords de la fila V2 107375,2026-09-23,7.446,sesiones
cita.mexico.giral.v3,121507,id,v3,L,"fila v3 donde está, letra a letra, la cita mexico.giral (citas.md)",2026-09-23,121507,sesiones
cita.mexico.lugar.v3,121495,id,v3,L,"fila v3 donde está, letra a letra, la cita mexico.lugar (citas.md)",2026-09-23,121495,sesiones
cita.mexico.orden.V2,107371,id,V2,L,"fila V2 donde está, letra a letra, la cita mexico.orden (citas.md)",2026-09-23,107371,sesiones
cita.mexico.orden.palabras,89,n,V2,C,nwords de la fila V2 107371,2026-09-23,89,sesiones
cita.mexico.orden.v3,121500,id,v3,L,"fila v3 donde está, letra a letra, la cita mexico.orden (citas.md)",2026-09-23,121500,sesiones
cita.mexico.permanente.v3,121466,id,v3,L,"fila v3 donde está, letra a letra, la cita mexico.permanente (citas.md)",2026-09-23,121466,sesiones
cita.mexico.promesa.V2,107372,id,V2,L,"fila V2 donde está, letra a letra, la cita mexico.promesa (citas.md)",2026-09-23,107372,sesiones
cita.mexico.promesa.palabras,18,n,V2,C,nwords de la fila V2 107372,2026-09-23,18,sesiones
cita.mexico.promesa.v3,121502,id,v3,L,"fila v3 donde está, letra a letra, la cita mexico.promesa (citas.md)",2026-09-23,121502,sesiones
cita.pistola.oriol.V2,74621,id,V2,L,"fila V2 donde está, letra a letra, la cita pistola.oriol (citas.md)",2026-09-23,74621,sesiones
cita.pistola.oriol.palabras,261,n,V2,C,nwords de la fila V2 74621,2026-09-23,261,sesiones
cita.pistola.oriol.v3,84041,id,v3,L,"fila v3 donde está, letra a letra, la cita pistola.oriol (citas.md)",2026-09-23,84041,sesiones
cita.pistola.prieto.V2,74619,id,V2,L,"fila V2 donde está, letra a letra, la cita pistola.prieto (citas.md)",2026-09-23,74619,sesiones
cita.pistola.prieto.golpes.V2,74619,id,V2,L,"fila V2 donde está, letra a letra, la cita pistola.prieto.golpes (citas.md)",2026-09-23,74619,sesiones
cita.pistola.prieto.golpes.palabras,293,n,V2,C,nwords de la fila V2 74619,2026-09-23,293,sesiones
cita.pistola.prieto.golpes.v3,84039,id,v3,L,"fila v3 donde está, letra a letra, la cita pistola.prieto.golpes (citas.md)",2026-09-23,84039,sesiones
cita.pistola.prieto.palabras,293,n,V2,C,nwords de la fila V2 74619,2026-09-23,293,sesiones
cita.pistola.prieto.v3,84039,id,v3,L,"fila v3 donde está, letra a letra, la cita pistola.prieto (citas.md)",2026-09-23,84039,sesiones
cita.pistola.tumulto.V2,74608,id,V2,L,"fila V2 donde está, letra a letra, la cita pistola.tumulto (citas.md)",2026-09-23,74608,sesiones
cita.pistola.tumulto.palabras,1018,n,V2,C,nwords de la fila V2 74608,2026-09-23,1.018,sesiones
cita.pistola.tumulto.v3,84026,id,v3,L,"fila v3 donde está, letra a letra, la cita pistola.tumulto (citas.md)",2026-09-23,84026,sesiones
cita.religiosa.apertura.v3,7387,id,v3,L,"fila v3 donde está, letra a letra, la cita religiosa.apertura (citas.md)",2026-09-23,7387,sesiones
cita.religiosa.art24.V2,6628,id,V2,L,"fila V2 donde está, letra a letra, la cita religiosa.art24 (citas.md)",2026-09-23,6628,sesiones
cita.religiosa.art24.palabras,199,n,V2,C,nwords de la fila V2 6628,2026-09-23,199,sesiones
cita.religiosa.art24.v3,7398,id,v3,L,"fila v3 donde está, letra a letra, la cita religiosa.art24 (citas.md)",2026-09-23,7398,sesiones
cita.religiosa.azana.V2,6748,id,V2,L,"fila V2 donde está, letra a letra, la cita religiosa.azana (citas.md)",2026-09-23,6748,sesiones
cita.religiosa.azana.palabras,6009,n,V2,C,nwords de la fila V2 6748,2026-09-23,6.009,sesiones
cita.religiosa.azana.v3,7531,id,v3,L,"fila v3 donde está, letra a letra, la cita religiosa.azana (citas.md)",2026-09-23,7531,sesiones
cita.religiosa.cierre.V2,6999,id,V2,L,"fila V2 donde está, letra a letra, la cita religiosa.cierre (citas.md)",2026-09-23,6999,sesiones
cita.religiosa.cierre.palabras,148,n,V2,C,nwords de la fila V2 6999,2026-09-23,148,sesiones
cita.religiosa.cierre.v3,7807,id,v3,L,"fila v3 donde está, letra a letra, la cita religiosa.cierre (citas.md)",2026-09-23,7807,sesiones
cita.religiosa.lista.no.V2,6994,id,V2,L,"fila V2 donde está, letra a letra, la cita religiosa.lista.no (citas.md)",2026-09-23,6994,sesiones
cita.religiosa.lista.no.palabras,227,n,V2,C,nwords de la fila V2 6994,2026-09-23,227,sesiones
cita.religiosa.lista.no.v3,7800,id,v3,L,"fila v3 donde está, letra a letra, la cita religiosa.lista.no (citas.md)",2026-09-23,7800,sesiones
cita.religiosa.resultado.V2,6994,id,V2,L,"fila V2 donde está, letra a letra, la cita religiosa.resultado (citas.md)",2026-09-23,6994,sesiones
cita.religiosa.resultado.palabras,227,n,V2,C,nwords de la fila V2 6994,2026-09-23,227,sesiones
cita.religiosa.resultado.v3,7800,id,v3,L,"fila v3 donde está, letra a letra, la cita religiosa.resultado (citas.md)",2026-09-23,7800,sesiones
cita.sufragio.art34.V2,5453,id,V2,L,"fila V2 donde está, letra a letra, la cita sufragio.art34 (citas.md)",2026-09-23,5453,sesiones
cita.sufragio.art34.palabras,233,n,V2,C,nwords de la fila V2 5453,2026-09-23,233,sesiones
cita.sufragio.art34.texto.V2,12785,id,V2,L,"fila V2 donde está, letra a letra, la cita sufragio.art34.texto (citas.md)",2026-09-23,12785,sesiones
cita.sufragio.art34.texto.palabras,3019,n,V2,C,nwords de la fila V2 12785,2026-09-23,3.019,sesiones
cita.sufragio.art34.texto.v3,14216,id,v3,L,"fila v3 donde está, letra a letra, la cita sufragio.art34.texto (citas.md)",2026-09-23,14216,sesiones
cita.sufragio.art34.v3,6110,id,v3,L,"fila v3 donde está, letra a letra, la cita sufragio.art34 (citas.md)",2026-09-23,6110,sesiones
cita.sufragio.campoamor.antes.V2,5422,id,V2,L,"fila V2 donde está, letra a letra, la cita sufragio.campoamor.antes (citas.md)",2026-09-23,5422,sesiones
cita.sufragio.campoamor.antes.palabras,780,n,V2,C,nwords de la fila V2 5422,2026-09-23,780,sesiones
cita.sufragio.campoamor.antes.v3,6077,id,v3,L,"fila v3 donde está, letra a letra, la cita sufragio.campoamor.antes (citas.md)",2026-09-23,6077,sesiones
cita.sufragio.campoamor.ciudadana.V2,5424,id,V2,L,"fila V2 donde está, letra a letra, la cita sufragio.campoamor.ciudadana (citas.md)",2026-09-23,5424,sesiones
cita.sufragio.campoamor.ciudadana.palabras,1460,n,V2,C,nwords de la fila V2 5424,2026-09-23,1.460,sesiones
cita.sufragio.campoamor.ciudadana.v3,6079,id,v3,L,"fila v3 donde está, letra a letra, la cita sufragio.campoamor.ciudadana (citas.md)",2026-09-23,6079,sesiones
cita.sufragio.campoamor.silencio.V2,5424,id,V2,L,"fila V2 donde está, letra a letra, la cita sufragio.campoamor.silencio (citas.md)",2026-09-23,5424,sesiones
cita.sufragio.campoamor.silencio.palabras,1460,n,V2,C,nwords de la fila V2 5424,2026-09-23,1.460,sesiones
cita.sufragio.campoamor.silencio.v3,6079,id,v3,L,"fila v3 donde está, letra a letra, la cita sufragio.campoamor.silencio (citas.md)",2026-09-23,6079,sesiones
cita.sufragio.final.V2,5792,id,V2,L,"fila V2 donde está, letra a letra, la cita sufragio.final (citas.md)",2026-09-23,5792,sesiones
cita.sufragio.final.palabras,6,n,V2,C,nwords de la fila V2 5792,2026-09-23,6,sesiones
cita.sufragio.final.v3,6464,id,v3,L,"fila v3 donde está, letra a letra, la cita sufragio.final (citas.md)",2026-09-23,6464,sesiones
cita.sufragio.kent.V2,5419,id,V2,L,"fila V2 donde está, letra a letra, la cita sufragio.kent (citas.md)",2026-09-23,5419,sesiones
cita.sufragio.kent.palabras,1053,n,V2,C,nwords de la fila V2 5419,2026-09-23,1.053,sesiones
cita.sufragio.kent.v3,6074,id,v3,L,"fila v3 donde está, letra a letra, la cita sufragio.kent (citas.md)",2026-09-23,6074,sesiones
cita.sufragio.lista.campoamor.V2,5453,id,V2,L,"fila V2 donde está, letra a letra, la cita sufragio.lista.campoamor (citas.md)",2026-09-23,5453,sesiones
cita.sufragio.lista.campoamor.palabras,233,n,V2,C,nwords de la fila V2 5453,2026-09-23,233,sesiones
cita.sufragio.lista.campoamor.v3,6110,id,v3,L,"fila v3 donde está, letra a letra, la cita sufragio.lista.campoamor (citas.md)",2026-09-23,6110,sesiones
cita.sufragio.lista.kent.V2,5453,id,V2,L,"fila V2 donde está, letra a letra, la cita sufragio.lista.kent (citas.md)",2026-09-23,5453,sesiones
cita.sufragio.lista.kent.palabras,233,n,V2,C,nwords de la fila V2 5453,2026-09-23,233,sesiones
cita.sufragio.lista.kent.v3,6110,id,v3,L,"fila v3 donde está, letra a letra, la cita sufragio.lista.kent (citas.md)",2026-09-23,6110,sesiones
cita.sufragio.ordinaria.V2,5453,id,V2,L,"fila V2 donde está, letra a letra, la cita sufragio.ordinaria (citas.md)",2026-09-23,5453,sesiones
cita.sufragio.ordinaria.palabras,233,n,V2,C,nwords de la fila V2 5453,2026-09-23,233,sesiones
cita.sufragio.ordinaria.v3,6110,id,v3,L,"fila v3 donde está, letra a letra, la cita sufragio.ordinaria (citas.md)",2026-09-23,6110,sesiones
cita.sufragio.presidencia.V2,5423,id,V2,L,"fila V2 donde está, letra a letra, la cita sufragio.presidencia (citas.md)",2026-09-23,5423,sesiones
cita.sufragio.presidencia.palabras,7,n,V2,C,nwords de la fila V2 5423,2026-09-23,7,sesiones
cita.sufragio.presidencia.v3,6078,id,v3,L,"fila v3 donde está, letra a letra, la cita sufragio.presidencia (citas.md)",2026-09-23,6078,sesiones
cita.sufragio.resultado.V2,5453,id,V2,L,"fila V2 donde está, letra a letra, la cita sufragio.resultado (citas.md)",2026-09-23,5453,sesiones
cita.sufragio.resultado.palabras,233,n,V2,C,nwords de la fila V2 5453,2026-09-23,233,sesiones
cita.sufragio.resultado.v3,6110,id,v3,L,"fila v3 donde está, letra a letra, la cita sufragio.resultado (citas.md)",2026-09-23,6110,sesiones
columnas.V2,14,n,V2,C,columnas de 2REP_Diaries.csv (THQCMI V2.0),2026-09-23,14,base
correcciones.fechas.I,6,n,V2,M,"de ellas, en la legislatura 1931-1933 (erratas_fechas_V1.csv)",2026-09-23,6,cortes
correcciones.fechas.n,7,n,V2,M,sesiones con fecha corregida (erratas_fechas_V1.csv del changelog de la V2),2026-09-23,7,cortes
correcciones.sesion77.filas,91,n,V2,M,filas de la sesión 77 con fecha corregida (ids 68678–68768),2026-09-23,91,cortes
cortes.1936.biblioteca.actas.n,371,n,v3,M,entradas de la biblioteca «Debate · Comisión de Actas (Cuenca y Granada)»,2026-09-23,371,cortes
cortes.1936.consulta.orden_publico.n,160,n,v3,C,"FTS5 del explorador (speeches_fts MATCH ""orden publico""), «""orden público""», del 16-III al 10-VII-1936, todas las filas",2026-09-23,160,cortes
cortes.1936.consulta.orden_publico.sesiones,44,n,v3,C,"FTS5 del explorador (speeches_fts MATCH ""orden publico""), «""orden público""», del 16-III al 10-VII-1936, todas las filas; sesiones distintas",2026-09-23,44,cortes
cortes.1936.listas.en_presidencia,27,n,V2,C,"de las 81 filas de la etapa III con una lista «señores que dijeron|han dicho» + «sí|no», las de la Presidencia (parse_speaker)",2026-09-23,27,cortes
cortes.1936.prieto_7abril.palabras,4796,n,V2,L,nwords de la fila V2 102323 (igual en la v3 115638),2026-09-23,4.796,cortes
cortes.1936.voto_3abril.no,88,n,V2,L,texto de la fila V2 102287: votos en contra,2026-09-23,88,cortes
cortes.1936.voto_3abril.si,181,n,V2,L,texto de la fila V2 102287: votos a favor,2026-09-23,181,cortes
cortes.1936.votos.presidente_interino,386,n,V2,L,texto de la fila V2 101701: votos de Martínez Barrio,2026-09-23,386,cortes
cortes.fichas.recuento.fecha,2026-09-23,fecha,v3,C,"fecha de los recuentos de «Hoy puede» (la de esta exportación, sobre la v3 del sello)",2026-09-23,23 de septiembre de 2026,cortes
cortes.guerra.consulta.confianza.n,55,n,v3,C,"FTS5 del explorador (speeches_fts MATCH confianza), «confianza», del 1-X-1936 al 1-II-1939, todas las filas",2026-09-23,55,cortes
cortes.guerra.consulta.confianza.sesiones,9,n,v3,C,"FTS5 del explorador (speeches_fts MATCH confianza), «confianza», del 1-X-1936 al 1-II-1939, todas las filas; sesiones distintas",2026-09-23,9,cortes
cortes.guerra.voto_convalidacion.si,168,n,V2,L,"texto de la fila V2 107312: votos a favor, ninguno en contra",2026-09-23,168,cortes
cortes.mexico.consulta.diputacion_permanente.n,16,n,v3,C,"FTS5 del explorador (speeches_fts MATCH ""diputacion permanente""), «""diputación permanente""», del 10-I al 9-XI-1945, todas las filas",2026-09-23,16,cortes
cortes.mexico.consulta.diputacion_permanente.sesiones,3,n,v3,C,"FTS5 del explorador (speeches_fts MATCH ""diputacion permanente""), «""diputación permanente""», del 10-I al 9-XI-1945, todas las filas; sesiones distintas",2026-09-23,3,cortes
cortes.mexico.dp.acuerdos,32,n,v3,L,"acuerdos numerados «N.—ACUERDO» de la relación leída el 10-I-1945 (v3 121466, solo en la v3)",2026-09-23,32,cortes
cortes.mexico.fallecidos.n,127,n,V2,L,líneas «APELLIDOS (D. Nombre).» de la lista de fallecidos (V2 107342; igual en la v3 121467),2026-09-23,127,cortes
cortes.mexico.giral.palabras,7446,n,V2,L,nwords de la fila V2 107375 (igual en la v3 121507),2026-09-23,7.446,cortes
cortes.mexico.prieto_8nov.palabras,5622,n,V2,L,nwords de la fila V2 107446 (la v3 la parte en 121586 y 121588),2026-09-23,5.622,cortes
cortes.mexico.voto_8nov.si,106,n,V2,L,"texto de la fila V2 107442: votos a favor, ninguno en contra",2026-09-23,106,cortes
csv.celdas_largas,289,n,V2,C,filas con len(speech) > 32.767 (máximo de una celda de Excel),2026-09-23,289,datos
csv.fila_mas_larga.caracteres,170413,n,V2,C,len(speech) máximo (fila 55221),2026-09-23,170.413,datos
diputados.V2,773,n,V2,C,"rep_id distintos (con alguna fila, incluida la Presidencia)",2026-09-23,773,base
diputados.comparten_apellido,317,n,proyecto,C,diputados que intervienen (rep_id de la V2) cuyo primer apellido (diputados_21_06_encode.csv) comparte otro; 538 apellidos distintos entre 773,2026-09-23,317,metodo
diputados.v3,773,n,v3,C,rep_id distintos,2026-09-23,773,base
distritos.V2,54,n,V2,C,valores distintos de district,2026-09-23,54,datos
distritos.agrarios.filas,8,n,V2,C,"filas con district = ""Agrarios""",2026-09-23,8,datos
dv.cgocus.archivos,8,n,dv,M,"API de Harvard Dataverse, doi:10.7910/DVN/CGOCUS, consultada el 2026-09-22 › files",2026-09-22,8,base
dv.cgocus.autores,"Rodrigues-Silveira, Rodrigo; García-Díez, Fátima; Llamazares, Iván; Martínez-Barahona, Elena; Barreto Martín, Eduardo",texto,dv,M,"API de Harvard Dataverse, doi:10.7910/DVN/CGOCUS, consultada el 2026-09-22 › author, unidos con «; »",2026-09-22,"Rodrigues-Silveira, Rodrigo; García-Díez, Fátima; Llamazares, Iván; Martínez-Barahona, Elena; Barreto Martín, Eduardo",base
dv.cgocus.bytes,40280131,peso,dv,CALC,"API de Harvard Dataverse, doi:10.7910/DVN/CGOCUS, consultada el 2026-09-22 › suma de filesize de los 8 archivos",2026-09-22,"38,4 MB",base
dv.cgocus.cita,"Rodrigues-Silveira, Rodrigo; García-Díez, Fátima; Llamazares, Iván; Martínez-Barahona, Elena; Barreto Martín, Eduardo, 2026, ""Afinidades Elegidas: Parliamentary Cosponsorship Networks of the Spanish Second Republic (1931-1939)"", https://doi.org/10.7910/DVN/CGOCUS, Harvard Dataverse, V1, UNF:6:CMFrKjuOq5l9fBChyzsMsQ== [fileUNF]",texto,dv,M,"API de Harvard Dataverse, versions/:latest-published/citation, 2026-09-22",2026-09-22,"Rodrigues-Silveira, Rodrigo; García-Díez, Fátima; Llamazares, Iván; Martínez-Barahona, Elena; Barreto Martín, Eduardo, 2026, ""Afinidades Elegidas: Parliamentary Cosponsorship Networks of the Spanish Second Republic (1931-1939)"", https://doi.org/10.7910/DVN/CGOCUS, Harvard Dataverse, V1, UNF:6:CMFrKjuOq5l9fBChyzsMsQ== [fileUNF]",base
dv.cgocus.codebook.bytes,31236,peso,dv,M,"API de Harvard Dataverse, doi:10.7910/DVN/CGOCUS, consultada el 2026-09-22 › files › CODEBOOK.md › filesize (el tamaño que enseña Dataverse)",2026-09-22,"30,5 KB",base
dv.cgocus.codebook.md5,7df1fe5a8717b1272c89046ee4fb567b,texto,dv,M,"API de Harvard Dataverse, doi:10.7910/DVN/CGOCUS, consultada el 2026-09-22 › files › md5 (del archivo servido)",2026-09-22,7df1fe5a8717b1272c89046ee4fb567b,base
dv.cgocus.codebook.nombre,CODEBOOK.md,texto,dv,M,"API de Harvard Dataverse, doi:10.7910/DVN/CGOCUS, consultada el 2026-09-22 › files › filename (el nombre que enseña Dataverse)",2026-09-22,CODEBOOK.md,base
dv.cgocus.cosponsorship.bytes,16650794,peso,dv,M,"API de Harvard Dataverse, doi:10.7910/DVN/CGOCUS, consultada el 2026-09-22 › files › 2REP_cosponsorship.tab › filesize (el tamaño que enseña Dataverse)",2026-09-22,"15,9 MB",base
dv.cgocus.cosponsorship.md5,30732c9d4415f6cb6d734004c03ee657,texto,dv,M,"API de Harvard Dataverse, doi:10.7910/DVN/CGOCUS, consultada el 2026-09-22 › files › md5 (del archivo servido)",2026-09-22,30732c9d4415f6cb6d734004c03ee657,base
dv.cgocus.cosponsorship.nombre,2REP_cosponsorship.tab,texto,dv,M,"API de Harvard Dataverse, doi:10.7910/DVN/CGOCUS, consultada el 2026-09-22 › files › filename (el nombre que enseña Dataverse)",2026-09-22,2REP_cosponsorship.tab,base
dv.cgocus.cosponsorship.original.bytes,16287135,peso,dv,M,"API de Harvard Dataverse, doi:10.7910/DVN/CGOCUS, consultada el 2026-09-22 › files › 2REP_cosponsorship.tab › originalFileSize (2REP_cosponsorship.csv, tal como se depositó)",2026-09-22,"15,5 MB",base
dv.cgocus.cosponsorship.original.nombre,2REP_cosponsorship.csv,texto,dv,M,"API de Harvard Dataverse, doi:10.7910/DVN/CGOCUS, consultada el 2026-09-22 › files › originalFileName",2026-09-22,2REP_cosponsorship.csv,base
dv.cgocus.descargas,32,n,dv,M,"API de Harvard Dataverse, makeDataCount, consultada el 2026-09-22 › downloadsTotal (cambia cada día; el plan no lo publica)",2026-09-22,32,base
dv.cgocus.descargas_unicas,3,n,dv,M,"API de Harvard Dataverse, makeDataCount, consultada el 2026-09-22 › downloadsUnique (cambia cada día; el plan no lo publica)",2026-09-22,3,base
dv.cgocus.doi,10.7910/DVN/CGOCUS,texto,dv,M,"API de Harvard Dataverse, doi:10.7910/DVN/CGOCUS, consultada el 2026-09-22",2026-09-22,10.7910/DVN/CGOCUS,base
dv.cgocus.edgelist.bytes,5515047,peso,dv,M,"API de Harvard Dataverse, doi:10.7910/DVN/CGOCUS, consultada el 2026-09-22 › files › 2REP_coauthor_edgelist.tab › filesize (el tamaño que enseña Dataverse)",2026-09-22,"5,3 MB",base
dv.cgocus.edgelist.md5,b70d64da33a723973851ebbb18a32f85,texto,dv,M,"API de Harvard Dataverse, doi:10.7910/DVN/CGOCUS, consultada el 2026-09-22 › files › md5 (del archivo servido)",2026-09-22,b70d64da33a723973851ebbb18a32f85,base
dv.cgocus.edgelist.nombre,2REP_coauthor_edgelist.tab,texto,dv,M,"API de Harvard Dataverse, doi:10.7910/DVN/CGOCUS, consultada el 2026-09-22 › files › filename (el nombre que enseña Dataverse)",2026-09-22,2REP_coauthor_edgelist.tab,base
dv.cgocus.edgelist.original.bytes,4943485,peso,dv,M,"API de Harvard Dataverse, doi:10.7910/DVN/CGOCUS, consultada el 2026-09-22 › files › 2REP_coauthor_edgelist.tab › originalFileSize (2REP_coauthor_edgelist.csv, tal como se depositó)",2026-09-22,"4,7 MB",base
dv.cgocus.edgelist.original.nombre,2REP_coauthor_edgelist.csv,texto,dv,M,"API de Harvard Dataverse, doi:10.7910/DVN/CGOCUS, consultada el 2026-09-22 › files › originalFileName",2026-09-22,2REP_coauthor_edgelist.csv,base
dv.cgocus.licencia,CC BY 4.0,texto,dv,M,"API de Harvard Dataverse, doi:10.7910/DVN/CGOCUS, consultada el 2026-09-22 › license",2026-09-22,CC BY 4.0,base
dv.cgocus.metadata.bytes,156736,peso,dv,M,"API de Harvard Dataverse, doi:10.7910/DVN/CGOCUS, consultada el 2026-09-22 › files › representative_metadata.tab › filesize (el tamaño que enseña Dataverse)",2026-09-22,"153,1 KB",base
dv.cgocus.metadata.md5,c9e660131cbfbe0ac96e56e59c94837d,texto,dv,M,"API de Harvard Dataverse, doi:10.7910/DVN/CGOCUS, consultada el 2026-09-22 › files › md5 (del archivo servido)",2026-09-22,c9e660131cbfbe0ac96e56e59c94837d,base
dv.cgocus.metadata.nombre,representative_metadata.tab,texto,dv,M,"API de Harvard Dataverse, doi:10.7910/DVN/CGOCUS, consultada el 2026-09-22 › files › filename (el nombre que enseña Dataverse)",2026-09-22,representative_metadata.tab,base
dv.cgocus.metadata.original.bytes,135045,peso,dv,M,"API de Harvard Dataverse, doi:10.7910/DVN/CGOCUS, consultada el 2026-09-22 › files › representative_metadata.tab › originalFileSize (representative_metadata.csv, tal como se depositó)",2026-09-22,"131,9 KB",base
dv.cgocus.metadata.original.nombre,representative_metadata.csv,texto,dv,M,"API de Harvard Dataverse, doi:10.7910/DVN/CGOCUS, consultada el 2026-09-22 › files › originalFileName",2026-09-22,representative_metadata.csv,base
dv.cgocus.methodology.bytes,78085,peso,dv,M,"API de Harvard Dataverse, doi:10.7910/DVN/CGOCUS, consultada el 2026-09-22 › files › METHODOLOGY.md › filesize (el tamaño que enseña Dataverse)",2026-09-22,"76,3 KB",base
dv.cgocus.methodology.md5,1a364c2375f4bdfd5f56481ebc0f8241,texto,dv,M,"API de Harvard Dataverse, doi:10.7910/DVN/CGOCUS, consultada el 2026-09-22 › files › md5 (del archivo servido)",2026-09-22,1a364c2375f4bdfd5f56481ebc0f8241,base
dv.cgocus.methodology.nombre,METHODOLOGY.md,texto,dv,M,"API de Harvard Dataverse, doi:10.7910/DVN/CGOCUS, consultada el 2026-09-22 › files › filename (el nombre que enseña Dataverse)",2026-09-22,METHODOLOGY.md,base
dv.cgocus.metrics.bytes,17748967,peso,dv,M,"API de Harvard Dataverse, doi:10.7910/DVN/CGOCUS, consultada el 2026-09-22 › files › representatives_metrics.json › filesize (el tamaño que enseña Dataverse)",2026-09-22,"16,9 MB",base
dv.cgocus.metrics.md5,5c24a3b8f9eb9d6d2b251a88a51e8ea9,texto,dv,M,"API de Harvard Dataverse, doi:10.7910/DVN/CGOCUS, consultada el 2026-09-22 › files › md5 (del archivo servido)",2026-09-22,5c24a3b8f9eb9d6d2b251a88a51e8ea9,base
dv.cgocus.metrics.nombre,representatives_metrics.json,texto,dv,M,"API de Harvard Dataverse, doi:10.7910/DVN/CGOCUS, consultada el 2026-09-22 › files › filename (el nombre que enseña Dataverse)",2026-09-22,representatives_metrics.json,base
dv.cgocus.publicacion.fecha,2026-05-06,fecha,dv,M,"API de Harvard Dataverse, doi:10.7910/DVN/CGOCUS, consultada el 2026-09-22 › publicationDate",2026-09-22,6 de mayo de 2026,base
dv.cgocus.readme.bytes,14919,peso,dv,M,"API de Harvard Dataverse, doi:10.7910/DVN/CGOCUS, consultada el 2026-09-22 › files › 00_README.txt › filesize (el tamaño que enseña Dataverse)",2026-09-22,"14,6 KB",base
dv.cgocus.readme.md5,078c50a660d9becaec4b50e376ce56ae,texto,dv,M,"API de Harvard Dataverse, doi:10.7910/DVN/CGOCUS, consultada el 2026-09-22 › files › md5 (del archivo servido)",2026-09-22,078c50a660d9becaec4b50e376ce56ae,base
dv.cgocus.readme.nombre,00_README.txt,texto,dv,M,"API de Harvard Dataverse, doi:10.7910/DVN/CGOCUS, consultada el 2026-09-22 › files › filename (el nombre que enseña Dataverse)",2026-09-22,00_README.txt,base
dv.cgocus.roles.bytes,84347,peso,dv,M,"API de Harvard Dataverse, doi:10.7910/DVN/CGOCUS, consultada el 2026-09-22 › files › representatives_roles.json › filesize (el tamaño que enseña Dataverse)",2026-09-22,"82,4 KB",base
dv.cgocus.roles.md5,1c9d30f94c56cc7a2ae9e27313094b59,texto,dv,M,"API de Harvard Dataverse, doi:10.7910/DVN/CGOCUS, consultada el 2026-09-22 › files › md5 (del archivo servido)",2026-09-22,1c9d30f94c56cc7a2ae9e27313094b59,base
dv.cgocus.roles.nombre,representatives_roles.json,texto,dv,M,"API de Harvard Dataverse, doi:10.7910/DVN/CGOCUS, consultada el 2026-09-22 › files › filename (el nombre que enseña Dataverse)",2026-09-22,representatives_roles.json,base
dv.cgocus.titulo,Afinidades Elegidas: Parliamentary Cosponsorship Networks of the Spanish Second Republic (1931-1939),texto,dv,M,"API de Harvard Dataverse, doi:10.7910/DVN/CGOCUS, consultada el 2026-09-22 › title",2026-09-22,Afinidades Elegidas: Parliamentary Cosponsorship Networks of the Spanish Second Republic (1931-1939),base
dv.cgocus.unf,UNF:6:CMFrKjuOq5l9fBChyzsMsQ==,texto,dv,M,"API de Harvard Dataverse, doi:10.7910/DVN/CGOCUS, consultada el 2026-09-22 › latestVersion.UNF",2026-09-22,UNF:6:CMFrKjuOq5l9fBChyzsMsQ==,base
dv.cgocus.v1_0.fecha,2026-05-06,fecha,dv,M,"API de Harvard Dataverse, doi:10.7910/DVN/CGOCUS, consultada el 2026-09-22 › versions › releaseTime",2026-09-22,6 de mayo de 2026,base
dv.cgocus.v1_1.fecha,2026-05-06,fecha,dv,M,"API de Harvard Dataverse, doi:10.7910/DVN/CGOCUS, consultada el 2026-09-22 › versions › releaseTime",2026-09-22,6 de mayo de 2026,base
dv.cgocus.version,V1.1,texto,dv,M,"API de Harvard Dataverse, doi:10.7910/DVN/CGOCUS, consultada el 2026-09-22 › latestVersion",2026-09-22,V1.1,base
dv.cgocus.version.fecha,2026-05-06,fecha,dv,M,"API de Harvard Dataverse, doi:10.7910/DVN/CGOCUS, consultada el 2026-09-22 › latestVersion.releaseTime",2026-09-22,6 de mayo de 2026,base
dv.cgocus.versiones,2,n,dv,M,"API de Harvard Dataverse, doi:10.7910/DVN/CGOCUS, consultada el 2026-09-22 › versions",2026-09-22,2,base
dv.cgocus.visitas,111,n,dv,M,"API de Harvard Dataverse, makeDataCount, consultada el 2026-09-22 › viewsTotal (cambia cada día; el plan no lo publica)",2026-09-22,111,base
dv.cgocus.visitas_unicas,62,n,dv,M,"API de Harvard Dataverse, makeDataCount, consultada el 2026-09-22 › viewsUnique (cambia cada día; el plan no lo publica)",2026-09-22,62,base
dv.cita,"Rodrigues-Silveira, Rodrigo; García-Díez, Fátima; Llamazares, Iván; Martínez-Barahona, Elena; Barreto Martín, Eduardo, 2026, ""Luz y Taquígrafos: Parliamentary Debates in the Second Spanish Republic, 1931–1945"", https://doi.org/10.7910/DVN/THQCMI, Harvard Dataverse, V2",texto,dv,M,"API de Harvard Dataverse, versions/:latest-published/citation, 2026-09-22",2026-09-22,"Rodrigues-Silveira, Rodrigo; García-Díez, Fátima; Llamazares, Iván; Martínez-Barahona, Elena; Barreto Martín, Eduardo, 2026, ""Luz y Taquígrafos: Parliamentary Debates in the Second Spanish Republic, 1931–1945"", https://doi.org/10.7910/DVN/THQCMI, Harvard Dataverse, V2",base
dv.csv.bytes,165785782,peso,dv,M,"API de Harvard Dataverse, doi:10.7910/DVN/THQCMI, consultada el 2026-09-22 › files › 2REP_Diaries.csv",2026-09-22,"158,1 MB",base
dv.csv.md5,360332a0ff1327671530f15eed46ac0c,texto,dv,M,"API de Harvard Dataverse, doi:10.7910/DVN/THQCMI, consultada el 2026-09-22 › files › 2REP_Diaries.csv › md5",2026-09-22,360332a0ff1327671530f15eed46ac0c,base
dv.guestbook,690,id,dv,M,"API de Harvard Dataverse, doi:10.7910/DVN/THQCMI, consultada el 2026-09-22 › guestbookId",2026-09-22,690,base
dv.thqcmi.archivos,4,n,dv,M,"API de Harvard Dataverse, doi:10.7910/DVN/THQCMI, consultada el 2026-09-22 › files",2026-09-22,4,base
dv.thqcmi.autores,"Rodrigues-Silveira, Rodrigo; García-Díez, Fátima; Llamazares, Iván; Martínez-Barahona, Elena; Barreto Martín, Eduardo",texto,dv,M,"API de Harvard Dataverse, doi:10.7910/DVN/THQCMI, consultada el 2026-09-22 › author, unidos con «; »",2026-09-22,"Rodrigues-Silveira, Rodrigo; García-Díez, Fátima; Llamazares, Iván; Martínez-Barahona, Elena; Barreto Martín, Eduardo",base
dv.thqcmi.changelog_en.bytes,680,peso,dv,M,"API de Harvard Dataverse, doi:10.7910/DVN/THQCMI, consultada el 2026-09-22 › files › changelog_en_09_2026.txt › filesize (el tamaño que enseña Dataverse)",2026-09-22,"0,7 KB",base
dv.thqcmi.changelog_en.md5,235b312ad40d98067ca5c885e513ce16,texto,dv,M,"API de Harvard Dataverse, doi:10.7910/DVN/THQCMI, consultada el 2026-09-22 › files › md5 (del archivo servido)",2026-09-22,235b312ad40d98067ca5c885e513ce16,base
dv.thqcmi.changelog_en.nombre,changelog_en_09_2026.txt,texto,dv,M,"API de Harvard Dataverse, doi:10.7910/DVN/THQCMI, consultada el 2026-09-22 › files › filename (el nombre que enseña Dataverse)",2026-09-22,changelog_en_09_2026.txt,base
dv.thqcmi.changelog_es.bytes,704,peso,dv,M,"API de Harvard Dataverse, doi:10.7910/DVN/THQCMI, consultada el 2026-09-22 › files › changelog_es_09_2026.txt › filesize (el tamaño que enseña Dataverse)",2026-09-22,"0,7 KB",base
dv.thqcmi.changelog_es.md5,096580562ab5c7fac1c602e99086174e,texto,dv,M,"API de Harvard Dataverse, doi:10.7910/DVN/THQCMI, consultada el 2026-09-22 › files › md5 (del archivo servido)",2026-09-22,096580562ab5c7fac1c602e99086174e,base
dv.thqcmi.changelog_es.nombre,changelog_es_09_2026.txt,texto,dv,M,"API de Harvard Dataverse, doi:10.7910/DVN/THQCMI, consultada el 2026-09-22 › files › filename (el nombre que enseña Dataverse)",2026-09-22,changelog_es_09_2026.txt,base
dv.thqcmi.cita,"Rodrigues-Silveira, Rodrigo; García-Díez, Fátima; Llamazares, Iván; Martínez-Barahona, Elena; Barreto Martín, Eduardo, 2026, ""Luz y Taquígrafos: Parliamentary Debates in the Second Spanish Republic, 1931–1945"", https://doi.org/10.7910/DVN/THQCMI, Harvard Dataverse, V2",texto,dv,M,"API de Harvard Dataverse, versions/:latest-published/citation, 2026-09-22",2026-09-22,"Rodrigues-Silveira, Rodrigo; García-Díez, Fátima; Llamazares, Iván; Martínez-Barahona, Elena; Barreto Martín, Eduardo, 2026, ""Luz y Taquígrafos: Parliamentary Debates in the Second Spanish Republic, 1931–1945"", https://doi.org/10.7910/DVN/THQCMI, Harvard Dataverse, V2",base
dv.thqcmi.csv.bytes,165785782,peso,dv,M,"API de Harvard Dataverse, doi:10.7910/DVN/THQCMI, consultada el 2026-09-22 › files › 2REP_Diaries.csv › filesize (el tamaño que enseña Dataverse)",2026-09-22,"158,1 MB",base
dv.thqcmi.csv.md5,360332a0ff1327671530f15eed46ac0c,texto,dv,M,"API de Harvard Dataverse, doi:10.7910/DVN/THQCMI, consultada el 2026-09-22 › files › md5 (del archivo servido)",2026-09-22,360332a0ff1327671530f15eed46ac0c,base
dv.thqcmi.csv.nombre,2REP_Diaries.csv,texto,dv,M,"API de Harvard Dataverse, doi:10.7910/DVN/THQCMI, consultada el 2026-09-22 › files › filename (el nombre que enseña Dataverse)",2026-09-22,2REP_Diaries.csv,base
dv.thqcmi.descargas,373,n,dv,M,"API de Harvard Dataverse, makeDataCount, consultada el 2026-09-22 › downloadsTotal (cambia cada día; el plan no lo publica)",2026-09-22,373,base
dv.thqcmi.descargas_unicas,110,n,dv,M,"API de Harvard Dataverse, makeDataCount, consultada el 2026-09-22 › downloadsUnique (cambia cada día; el plan no lo publica)",2026-09-22,110,base
dv.thqcmi.doi,10.7910/DVN/THQCMI,texto,dv,M,"API de Harvard Dataverse, doi:10.7910/DVN/THQCMI, consultada el 2026-09-22",2026-09-22,10.7910/DVN/THQCMI,base
dv.thqcmi.licencia,CC BY 4.0,texto,dv,M,"API de Harvard Dataverse, doi:10.7910/DVN/THQCMI, consultada el 2026-09-22 › license",2026-09-22,CC BY 4.0,base
dv.thqcmi.publicacion.fecha,2026-03-23,fecha,dv,M,"API de Harvard Dataverse, doi:10.7910/DVN/THQCMI, consultada el 2026-09-22 › publicationDate",2026-09-22,23 de marzo de 2026,base
dv.thqcmi.readme.bytes,8340,peso,dv,M,"API de Harvard Dataverse, doi:10.7910/DVN/THQCMI, consultada el 2026-09-22 › files › Luz_y_Taquigrafos_README.txt › filesize (el tamaño que enseña Dataverse)",2026-09-22,"8,1 KB",base
dv.thqcmi.readme.md5,f2638800977f78a7d8273440c9c806b3,texto,dv,M,"API de Harvard Dataverse, doi:10.7910/DVN/THQCMI, consultada el 2026-09-22 › files › md5 (del archivo servido)",2026-09-22,f2638800977f78a7d8273440c9c806b3,base
dv.thqcmi.readme.nombre,Luz_y_Taquigrafos_README.txt,texto,dv,M,"API de Harvard Dataverse, doi:10.7910/DVN/THQCMI, consultada el 2026-09-22 › files › filename (el nombre que enseña Dataverse)",2026-09-22,Luz_y_Taquigrafos_README.txt,base
dv.thqcmi.titulo,"Luz y Taquígrafos: Parliamentary Debates in the Second Spanish Republic, 1931–1945",texto,dv,M,"API de Harvard Dataverse, doi:10.7910/DVN/THQCMI, consultada el 2026-09-22 › title",2026-09-22,"Luz y Taquígrafos: Parliamentary Debates in the Second Spanish Republic, 1931–1945",base
dv.thqcmi.v1_0.fecha,2026-03-23,fecha,dv,M,"API de Harvard Dataverse, doi:10.7910/DVN/THQCMI, consultada el 2026-09-22 › versions › releaseTime",2026-09-22,23 de marzo de 2026,base
dv.thqcmi.v1_1.fecha,2026-05-06,fecha,dv,M,"API de Harvard Dataverse, doi:10.7910/DVN/THQCMI, consultada el 2026-09-22 › versions › releaseTime",2026-09-22,6 de mayo de 2026,base
dv.thqcmi.v2_0.fecha,2026-09-15,fecha,dv,M,"API de Harvard Dataverse, doi:10.7910/DVN/THQCMI, consultada el 2026-09-22 › versions › releaseTime",2026-09-22,15 de septiembre de 2026,base
dv.thqcmi.version,V2.0,texto,dv,M,"API de Harvard Dataverse, doi:10.7910/DVN/THQCMI, consultada el 2026-09-22 › latestVersion",2026-09-22,V2.0,base
dv.thqcmi.version.fecha,2026-09-15,fecha,dv,M,"API de Harvard Dataverse, doi:10.7910/DVN/THQCMI, consultada el 2026-09-22 › latestVersion.releaseTime",2026-09-22,15 de septiembre de 2026,base
dv.thqcmi.versiones,3,n,dv,M,"API de Harvard Dataverse, doi:10.7910/DVN/THQCMI, consultada el 2026-09-22 › versions",2026-09-22,3,base
dv.thqcmi.visitas,1820,n,dv,M,"API de Harvard Dataverse, makeDataCount, consultada el 2026-09-22 › viewsTotal (cambia cada día; el plan no lo publica)",2026-09-22,1.820,base
dv.thqcmi.visitas_unicas,462,n,dv,M,"API de Harvard Dataverse, makeDataCount, consultada el 2026-09-22 › viewsUnique (cambia cada día; el plan no lo publica)",2026-09-22,462,base
dv.version,V2.0,texto,dv,M,"API de Harvard Dataverse, doi:10.7910/DVN/THQCMI, consultada el 2026-09-22 › latestVersion",2026-09-22,V2.0,base
dv.versiones,3,n,dv,M,"API de Harvard Dataverse, doi:10.7910/DVN/THQCMI, consultada el 2026-09-22 › versions",2026-09-22,3,base
eleccion.alba1933.votantes,248,n,V2,L,texto de la fila V2 61358: votantes,2026-09-23,248,cortes
eleccion.alba1933.votos,234,n,V2,L,texto de la fila V2 61358: votos de Alba,2026-09-23,234,cortes
eleccion.besteiro1931.votantes,371,n,V2,L,texto de la fila V2 5: votantes,2026-09-23,371,cortes
eleccion.besteiro1931.votos,363,n,V2,L,texto de la fila V2 5: votos de Besteiro,2026-09-23,363,cortes
eleccion.presidente1931.votantes,410,n,V2,L,texto de la fila V2 13613: suma total,2026-09-23,410,cortes
eleccion.presidente1931.votos,362,n,V2,L,texto de la fila V2 13613: votos de Alcalá-Zamora,2026-09-23,362,cortes
etapa.I.debates,13,n,v3,C,debates preparados del explorador (bibliotecas L2) con todas sus sesiones en la etapa,2026-09-23,13,base
etapa.I.desde,1931-07-14,fecha,V2,C,primera fecha de la etapa,2026-09-23,14 de julio de 1931,base
etapa.I.dias,405,n,V2,C,fechas distintas con sesión en la etapa,2026-09-23,405,base
etapa.I.diputados,417,n,V2,C,"rep_id distintos en la etapa, incluido el de quien preside",2026-09-23,417,base
etapa.I.diputados_sp,416,n,V2,C,rep_id distintos en la etapa fuera de la Presidencia,2026-09-23,416,base
etapa.I.dobles,0,n,V2,C,fechas de la etapa con dos sesiones,2026-09-23,0,base
etapa.I.fecha.desde,1931-07-14,fecha,V2,C,primera fecha de la etapa,2026-09-23,14 de julio de 1931,base
etapa.I.fecha.hasta,1933-10-03,fecha,V2,C,última fecha de la etapa,2026-09-23,3 de octubre de 1933,base
etapa.I.filas,61355,n,V2,C,filas con legislature = 1931-1933,2026-09-23,61.355,base
etapa.I.filas.v3,68943,n,v3,C,filas v3 de las sesiones de la etapa,2026-09-23,68.943,base
etapa.I.filas_v3,68943,n,v3,C,filas v3 de las sesiones de la etapa (tabla speeches),2026-09-23,68.943,cortes
etapa.I.gob.azana_1,35,n,proyecto,C,sesiones de la etapa bajo el Gobierno Azaña I (sessions.json del proyecto),2026-09-23,35,base
etapa.I.gob.azana_2,262,n,proyecto,C,sesiones de la etapa bajo el Gobierno Azaña II (sessions.json del proyecto),2026-09-23,262,base
etapa.I.gob.azana_3,51,n,proyecto,C,sesiones de la etapa bajo el Gobierno Azaña III (sessions.json del proyecto),2026-09-23,51,base
etapa.I.gob.lerroux_1,2,n,proyecto,C,sesiones de la etapa bajo el Gobierno Lerroux I (sessions.json del proyecto),2026-09-23,2,base
etapa.I.gob.provisional,55,n,proyecto,C,sesiones de la etapa bajo el Gobierno Provisional (Alcalá-Zamora) (sessions.json del proyecto),2026-09-23,55,base
etapa.I.gobiernos,5,n,proyecto,C,Gobiernos distintos por fecha de sesión (sessions.json del proyecto),2026-09-23,5,base
etapa.I.habla.v3,61750,n,v3,C,"filas de habla v3 (role ∉ {summary, remark}) de la etapa",2026-09-23,61.750,base
etapa.I.hasta,1933-10-03,fecha,V2,C,última fecha de la etapa,2026-09-23,3 de octubre de 1933,base
etapa.I.listas_nominales.filas,532,n,V2,C,filas de la etapa I con lista nominal (definición común),2026-09-23,532,sesiones
etapa.I.listas_nominales.sesiones,206,n,V2,C,sesiones de la etapa I con alguna de esas filas,2026-09-23,206,sesiones
etapa.I.meses,28,n,V2,C,meses de 1931-07 a 1933-10,2026-09-23,28,base
etapa.I.meses.con_sesion,27,n,V2,C,meses de la etapa con al menos una sesión,2026-09-23,27,cortes
etapa.I.meses.sin_sesion,1,n,V2,C,meses de la etapa sin ninguna sesión en el corpus,2026-09-23,1,cortes
etapa.I.meses_con,27,n,V2,C,meses de la etapa con al menos una sesión,2026-09-23,27,base
etapa.I.meses_con_sesion,27,n,V2,C,meses de la etapa con al menos una sesión,2026-09-23,27,base
etapa.I.meses_sin,1,n,V2,C,meses de la etapa sin sesión,2026-09-23,1,base
etapa.I.meses_sin_sesion,1,n,V2,C,meses de la etapa sin sesión,2026-09-23,1,base
etapa.I.num.desde,1,id,V2,C,primer num_session de la etapa (sin huecos hasta el último),2026-09-23,1,cortes
etapa.I.num.hasta,405,id,V2,C,último num_session de la etapa,2026-09-23,405,cortes
etapa.I.num_desde,1,id,V2,R,primer número de sesión de la etapa,2026-09-23,1,base
etapa.I.num_hasta,405,id,V2,R,último número de sesión de la etapa,2026-09-23,405,base
etapa.I.paginas,15272,n,proyecto,C,suma de pdf_pages de sus sesiones (sessions.json del proyecto; recuento de los archivos del proyecto),2026-09-23,15.272,base
etapa.I.paginas.verificadas,405,n,proyecto,C,"sesiones con page_status contiguous, verso_blank o corrected (sessions.json del proyecto)",2026-09-23,405,base
etapa.I.palabras,12966290,n,V2,C,suma de nwords con legislature = 1931-1933,2026-09-23,12.966.290,base
etapa.I.palabras.pct,0.5328051204689567,pct,V2,CALC,palabras de la etapa / palabras,2026-09-23,"53,28 %",base
etapa.I.pres.barnes,3,n,proyecto,C,sesiones de la etapa con Francisco Barnés como presidente titular (sessions.json del proyecto),2026-09-23,3,base
etapa.I.pres.besteiro,401,n,proyecto,C,sesiones de la etapa con Julián Besteiro Fernández como presidente titular (sessions.json del proyecto),2026-09-23,401,base
etapa.I.pres.lara,1,n,proyecto,C,sesiones de la etapa con Antonio Lara y Zárate como presidente titular (sessions.json del proyecto),2026-09-23,1,base
etapa.I.presidencia.filas.pct,0.4431749653654959,pct,V2,CALC,filas de la Presidencia (parse_speaker) / filas de la etapa,2026-09-23,"44,32 %",base
etapa.I.presidencia.pct,0.09157631057148961,pct,V2,CALC,palabras de la Presidencia (parse_speaker) / palabras de la etapa,2026-09-23,"9,16 %",base
etapa.I.presidentes,3,n,proyecto,C,presidentes titulares distintos (sessions.json del proyecto),2026-09-23,3,base
etapa.I.serie,Diario de Sesiones de las Cortes Constituyentes de la República Española,texto,proyecto,M,título del Diario de sus sesiones (sessions.json del proyecto),2026-09-23,Diario de Sesiones de las Cortes Constituyentes de la República Española,base
etapa.I.sesiones,405,n,V2,C,claves de sesión con legislature = 1931-1933,2026-09-23,405,base
etapa.I.sigla,DSCCRE,texto,proyecto,M,sigla del Diario de sus sesiones (sessions.json del proyecto),2026-09-23,DSCCRE,base
etapa.I.vice_ses,322,n,V2,C,sesiones de la etapa con alguna fila de un vicepresidente (role vicechair de parse_speaker),2026-09-23,322,base
etapa.II.debates,7,n,v3,C,debates preparados del explorador (bibliotecas L2) con todas sus sesiones en la etapa,2026-09-23,7,base
etapa.II.desde,1933-12-08,fecha,V2,C,primera fecha de la etapa,2026-09-23,8 de diciembre de 1933,base
etapa.II.dias,273,n,V2,C,fechas distintas con sesión en la etapa,2026-09-23,273,base
etapa.II.diputados,390,n,V2,C,"rep_id distintos en la etapa, incluido el de quien preside",2026-09-23,390,base
etapa.II.diputados_sp,390,n,V2,C,rep_id distintos en la etapa fuera de la Presidencia,2026-09-23,390,base
etapa.II.dobles,3,n,V2,C,fechas de la etapa con dos sesiones,2026-09-23,3,base
etapa.II.fecha.desde,1933-12-08,fecha,V2,C,primera fecha de la etapa,2026-09-23,8 de diciembre de 1933,base
etapa.II.fecha.hasta,1935-12-10,fecha,V2,C,última fecha de la etapa,2026-09-23,10 de diciembre de 1935,base
etapa.II.filas,40342,n,V2,C,filas con legislature = 1933-1935,2026-09-23,40.342,base
etapa.II.filas.v3,45930,n,v3,C,filas v3 de las sesiones de la etapa,2026-09-23,45.930,base
etapa.II.filas_v3,45930,n,v3,C,filas v3 de las sesiones de la etapa (tabla speeches),2026-09-23,45.930,cortes
etapa.II.gob.chapaprieta_1,18,n,proyecto,C,sesiones de la etapa bajo el Gobierno Chapaprieta I (sessions.json del proyecto),2026-09-23,18,base
etapa.II.gob.chapaprieta_2,26,n,proyecto,C,sesiones de la etapa bajo el Gobierno Chapaprieta II (sessions.json del proyecto),2026-09-23,26,base
etapa.II.gob.lerroux_2,39,n,proyecto,C,sesiones de la etapa bajo el Gobierno Lerroux II (sessions.json del proyecto),2026-09-23,39,base
etapa.II.gob.lerroux_3,30,n,proyecto,C,sesiones de la etapa bajo el Gobierno Lerroux III (sessions.json del proyecto),2026-09-23,30,base
etapa.II.gob.lerroux_4,67,n,proyecto,C,sesiones de la etapa bajo el Gobierno Lerroux IV (sessions.json del proyecto),2026-09-23,67,base
etapa.II.gob.lerroux_6,52,n,proyecto,C,sesiones de la etapa bajo el Gobierno Lerroux VI (sessions.json del proyecto),2026-09-23,52,base
etapa.II.gob.martinez_barrio_1,5,n,proyecto,C,sesiones de la etapa bajo el Gobierno Martínez Barrio (sessions.json del proyecto),2026-09-23,5,base
etapa.II.gob.samper,39,n,proyecto,C,sesiones de la etapa bajo el Gobierno Samper (sessions.json del proyecto),2026-09-23,39,base
etapa.II.gobiernos,8,n,proyecto,C,Gobiernos distintos por fecha de sesión (sessions.json del proyecto),2026-09-23,8,base
etapa.II.habla.v3,40653,n,v3,C,"filas de habla v3 (role ∉ {summary, remark}) de la etapa",2026-09-23,40.653,base
etapa.II.hasta,1935-12-10,fecha,V2,C,última fecha de la etapa,2026-09-23,10 de diciembre de 1935,base
etapa.II.listas_nominales.filas,408,n,V2,C,filas de la etapa II con lista nominal (definición común),2026-09-23,408,sesiones
etapa.II.listas_nominales.sesiones,165,n,V2,C,sesiones de la etapa II con alguna de esas filas,2026-09-23,165,sesiones
etapa.II.meses,25,n,V2,C,meses de 1933-12 a 1935-12,2026-09-23,25,base
etapa.II.meses.con_sesion,21,n,V2,C,meses de la etapa con al menos una sesión,2026-09-23,21,cortes
etapa.II.meses.sin_sesion,4,n,V2,C,meses de la etapa sin ninguna sesión en el corpus,2026-09-23,4,cortes
etapa.II.meses_con,21,n,V2,C,meses de la etapa con al menos una sesión,2026-09-23,21,base
etapa.II.meses_con_sesion,21,n,V2,C,meses de la etapa con al menos una sesión,2026-09-23,21,base
etapa.II.meses_sin,4,n,V2,C,meses de la etapa sin sesión,2026-09-23,4,base
etapa.II.meses_sin_sesion,4,n,V2,C,meses de la etapa sin sesión,2026-09-23,4,base
etapa.II.num.desde,1,id,V2,C,primer num_session de la etapa (sin huecos hasta el último),2026-09-23,1,cortes
etapa.II.num.hasta,276,id,V2,C,último num_session de la etapa,2026-09-23,276,cortes
etapa.II.num_desde,1,id,V2,R,primer número de sesión de la etapa,2026-09-23,1,base
etapa.II.num_hasta,276,id,V2,R,último número de sesión de la etapa,2026-09-23,276,base
etapa.II.paginas,11177,n,proyecto,C,suma de pdf_pages de sus sesiones (sessions.json del proyecto; recuento de los archivos del proyecto),2026-09-23,11.177,base
etapa.II.paginas.verificadas,276,n,proyecto,C,"sesiones con page_status contiguous, verso_blank o corrected (sessions.json del proyecto)",2026-09-23,276,base
etapa.II.palabras,9476120,n,V2,C,suma de nwords con legislature = 1933-1935,2026-09-23,9.476.120,base
etapa.II.palabras.pct,0.3893885805560642,pct,V2,CALC,palabras de la etapa / palabras,2026-09-23,"38,94 %",base
etapa.II.pres.alba,274,n,proyecto,C,sesiones de la etapa con Santiago Alba Bonifaz como presidente titular (sessions.json del proyecto),2026-09-23,274,base
etapa.II.pres.casanueva,1,n,proyecto,C,sesiones de la etapa con Cándido Casanueva como presidente titular (sessions.json del proyecto),2026-09-23,1,base
etapa.II.pres.gimenez_fernandez,1,n,proyecto,C,sesiones de la etapa con Manuel Giménez Fernández como presidente titular (sessions.json del proyecto),2026-09-23,1,base
etapa.II.presidencia.filas.pct,0.45468742253730604,pct,V2,CALC,filas de la Presidencia (parse_speaker) / filas de la etapa,2026-09-23,"45,47 %",base
etapa.II.presidencia.pct,0.11706774502644542,pct,V2,CALC,palabras de la Presidencia (parse_speaker) / palabras de la etapa,2026-09-23,"11,71 %",base
etapa.II.presidentes,3,n,proyecto,C,presidentes titulares distintos (sessions.json del proyecto),2026-09-23,3,base
etapa.II.serie,Diario de las Sesiones de Cortes. Congreso de los Diputados,texto,proyecto,M,título del Diario de sus sesiones (sessions.json del proyecto),2026-09-23,Diario de las Sesiones de Cortes. Congreso de los Diputados,base
etapa.II.sesiones,276,n,V2,C,claves de sesión con legislature = 1933-1935,2026-09-23,276,base
etapa.II.sigla,DSC,texto,proyecto,M,sigla del Diario de sus sesiones (sessions.json del proyecto),2026-09-23,DSC,base
etapa.II.vice_ses,218,n,V2,C,sesiones de la etapa con alguna fila de un vicepresidente (role vicechair de parse_speaker),2026-09-23,218,base
etapa.III.debates,4,n,v3,C,debates preparados del explorador (bibliotecas L2) con todas sus sesiones en la etapa,2026-09-23,4,base
etapa.III.desde,1936-03-16,fecha,V2,C,primera fecha de la etapa,2026-09-23,16 de marzo de 1936,base
etapa.III.dias,60,n,V2,C,fechas distintas con sesión en la etapa,2026-09-23,60,base
etapa.III.diputados,243,n,V2,C,"rep_id distintos en la etapa, incluido el de quien preside",2026-09-23,243,base
etapa.III.diputados_sp,243,n,V2,C,rep_id distintos en la etapa fuera de la Presidencia,2026-09-23,243,base
etapa.III.dobles,0,n,V2,C,fechas de la etapa con dos sesiones,2026-09-23,0,base
etapa.III.fecha.desde,1936-03-16,fecha,V2,C,primera fecha de la etapa,2026-09-23,16 de marzo de 1936,base
etapa.III.fecha.hasta,1936-07-10,fecha,V2,C,última fecha de la etapa,2026-09-23,10 de julio de 1936,base
etapa.III.filas,5368,n,V2,C,filas con legislature = 1936-1939 y num_session 1–60,2026-09-23,5.368,base
etapa.III.filas.v3,6236,n,v3,C,filas v3 de las sesiones de la etapa,2026-09-23,6.236,base
etapa.III.filas_v3,6236,n,v3,C,filas v3 de las sesiones de la etapa (tabla speeches),2026-09-23,6.236,cortes
etapa.III.gob.azana_4,27,n,proyecto,C,sesiones de la etapa bajo el Gobierno Azaña (1936) (sessions.json del proyecto),2026-09-23,27,base
etapa.III.gob.barcia,1,n,proyecto,C,sesiones de la etapa bajo el Gobierno Barcia (interino) (sessions.json del proyecto),2026-09-23,1,base
etapa.III.gob.casares_quiroga,32,n,proyecto,C,sesiones de la etapa bajo el Gobierno Casares Quiroga (sessions.json del proyecto),2026-09-23,32,base
etapa.III.gobiernos,3,n,proyecto,C,Gobiernos distintos por fecha de sesión (sessions.json del proyecto),2026-09-23,3,base
etapa.III.habla.v3,5397,n,v3,C,"filas de habla v3 (role ∉ {summary, remark}) de la etapa",2026-09-23,5.397,base
etapa.III.hasta,1936-07-10,fecha,V2,C,última fecha de la etapa,2026-09-23,10 de julio de 1936,base
etapa.III.listas_nominales.filas,81,n,V2,C,filas de la etapa III con lista nominal (definición común),2026-09-23,81,sesiones
etapa.III.listas_nominales.sesiones,32,n,V2,C,sesiones de la etapa III con alguna de esas filas,2026-09-23,32,sesiones
etapa.III.meses,5,n,V2,C,meses de 1936-03 a 1936-07,2026-09-23,5,base
etapa.III.meses.con_sesion,5,n,V2,C,meses de la etapa con al menos una sesión,2026-09-23,5,cortes
etapa.III.meses.sin_sesion,0,n,V2,C,meses de la etapa sin ninguna sesión en el corpus,2026-09-23,0,cortes
etapa.III.meses_con,5,n,V2,C,meses de la etapa con al menos una sesión,2026-09-23,5,base
etapa.III.meses_con_sesion,5,n,V2,C,meses de la etapa con al menos una sesión,2026-09-23,5,base
etapa.III.meses_sin,0,n,V2,C,meses de la etapa sin sesión,2026-09-23,0,base
etapa.III.meses_sin_sesion,0,n,V2,C,meses de la etapa sin sesión,2026-09-23,0,base
etapa.III.num.desde,1,id,V2,C,primer num_session de la etapa (sin huecos hasta el último),2026-09-23,1,cortes
etapa.III.num.hasta,60,id,V2,C,último num_session de la etapa,2026-09-23,60,cortes
etapa.III.num_desde,1,id,V2,R,primer número de sesión de la etapa,2026-09-23,1,base
etapa.III.num_hasta,60,id,V2,R,último número de sesión de la etapa,2026-09-23,60,base
etapa.III.paginas,2045,n,proyecto,C,suma de pdf_pages de sus sesiones (sessions.json del proyecto; recuento de los archivos del proyecto),2026-09-23,2.045,base
etapa.III.paginas.verificadas,60,n,proyecto,C,"sesiones con page_status contiguous, verso_blank o corrected (sessions.json del proyecto)",2026-09-23,60,base
etapa.III.palabras,1690319,n,V2,C,suma de nwords con legislature = 1936-1939 y num_session 1–60,2026-09-23,1.690.319,base
etapa.III.palabras.pct,0.06945784942539202,pct,V2,CALC,palabras de la etapa / palabras,2026-09-23,"6,95 %",base
etapa.III.pres.jimenez_de_asua,11,n,proyecto,C,sesiones de la etapa con Luis Jiménez de Asúa como presidente titular (sessions.json del proyecto),2026-09-23,11,base
etapa.III.pres.martinez_barrio,49,n,proyecto,C,sesiones de la etapa con Diego Martínez Barrio como presidente titular (sessions.json del proyecto),2026-09-23,49,base
etapa.III.presidencia.filas.pct,0.4562220566318927,pct,V2,CALC,filas de la Presidencia (parse_speaker) / filas de la etapa,2026-09-23,"45,62 %",base
etapa.III.presidencia.pct,0.08926066618194554,pct,V2,CALC,palabras de la Presidencia (parse_speaker) / palabras de la etapa,2026-09-23,"8,93 %",base
etapa.III.presidentes,2,n,proyecto,C,presidentes titulares distintos (sessions.json del proyecto),2026-09-23,2,base
etapa.III.serie,Diario de las Sesiones de Cortes. Congreso de los Diputados,texto,proyecto,M,título del Diario de sus sesiones (sessions.json del proyecto),2026-09-23,Diario de las Sesiones de Cortes. Congreso de los Diputados,base
etapa.III.sesiones,60,n,V2,C,claves de sesión con legislature = 1936-1939 y num_session 1–60,2026-09-23,60,base
etapa.III.sigla,DSC,texto,proyecto,M,sigla del Diario de sus sesiones (sessions.json del proyecto),2026-09-23,DSC,base
etapa.III.vice_ses,44,n,V2,C,sesiones de la etapa con alguna fila de un vicepresidente (role vicechair de parse_speaker),2026-09-23,44,base
etapa.IV.debates,1,n,v3,C,debates preparados del explorador (bibliotecas L2) con todas sus sesiones en la etapa,2026-09-23,1,base
etapa.IV.desde,1936-10-01,fecha,V2,C,primera fecha de la etapa,2026-09-23,1 de octubre de 1936,base
etapa.IV.dias,9,n,V2,C,fechas distintas con sesión en la etapa,2026-09-23,9,base
etapa.IV.diputados,44,n,V2,C,"rep_id distintos en la etapa, incluido el de quien preside",2026-09-23,44,base
etapa.IV.diputados_sp,43,n,V2,C,rep_id distintos en la etapa fuera de la Presidencia,2026-09-23,43,base
etapa.IV.dobles,0,n,V2,C,fechas de la etapa con dos sesiones,2026-09-23,0,base
etapa.IV.fecha.desde,1936-10-01,fecha,V2,C,primera fecha de la etapa,2026-09-23,1 de octubre de 1936,base
etapa.IV.fecha.hasta,1939-02-01,fecha,V2,C,última fecha de la etapa,2026-09-23,1 de febrero de 1939,base
etapa.IV.filas,276,n,V2,C,filas con legislature = 1936-1939 y num_session 61–69,2026-09-23,276,base
etapa.IV.filas.v3,356,n,v3,C,filas v3 de las sesiones de la etapa,2026-09-23,356,base
etapa.IV.filas_v3,356,n,v3,C,filas v3 de las sesiones de la etapa (tabla speeches),2026-09-23,356,cortes
etapa.IV.gob.largo_caballero_1,1,n,proyecto,C,sesiones de la etapa bajo el Gobierno Largo Caballero I (sessions.json del proyecto),2026-09-23,1,base
etapa.IV.gob.largo_caballero_2,2,n,proyecto,C,sesiones de la etapa bajo el Gobierno Largo Caballero II (sessions.json del proyecto),2026-09-23,2,base
etapa.IV.gob.negrin_1,3,n,proyecto,C,sesiones de la etapa bajo el Gobierno Negrín I (sessions.json del proyecto),2026-09-23,3,base
etapa.IV.gob.negrin_2,3,n,proyecto,C,sesiones de la etapa bajo el Gobierno Negrín II (sessions.json del proyecto),2026-09-23,3,base
etapa.IV.gobiernos,4,n,proyecto,C,Gobiernos distintos por fecha de sesión (sessions.json del proyecto),2026-09-23,4,base
etapa.IV.habla.v3,280,n,v3,C,"filas de habla v3 (role ∉ {summary, remark}) de la etapa",2026-09-23,280,base
etapa.IV.hasta,1939-02-01,fecha,V2,C,última fecha de la etapa,2026-09-23,1 de febrero de 1939,base
etapa.IV.listas_nominales.filas,2,n,V2,C,filas de la etapa IV con lista nominal (definición común),2026-09-23,2,sesiones
etapa.IV.listas_nominales.sesiones,2,n,V2,C,sesiones de la etapa IV con alguna de esas filas,2026-09-23,2,sesiones
etapa.IV.meses,29,n,V2,C,meses de 1936-10 a 1939-02,2026-09-23,29,base
etapa.IV.meses.con_sesion,8,n,V2,C,meses de la etapa con al menos una sesión,2026-09-23,8,cortes
etapa.IV.meses.sin_sesion,21,n,V2,C,meses de la etapa sin ninguna sesión en el corpus,2026-09-23,21,cortes
etapa.IV.meses_con,8,n,V2,C,meses de la etapa con al menos una sesión,2026-09-23,8,base
etapa.IV.meses_con_sesion,8,n,V2,C,meses de la etapa con al menos una sesión,2026-09-23,8,base
etapa.IV.meses_sin,21,n,V2,C,meses de la etapa sin sesión,2026-09-23,21,base
etapa.IV.meses_sin_sesion,21,n,V2,C,meses de la etapa sin sesión,2026-09-23,21,base
etapa.IV.num.desde,61,id,V2,C,primer num_session de la etapa (sin huecos hasta el último),2026-09-23,61,cortes
etapa.IV.num.hasta,69,id,V2,C,último num_session de la etapa,2026-09-23,69,cortes
etapa.IV.num_desde,61,id,V2,R,primer número de sesión de la etapa,2026-09-23,61,base
etapa.IV.num_hasta,69,id,V2,R,último número de sesión de la etapa,2026-09-23,69,base
etapa.IV.paginas,189,n,proyecto,C,suma de pdf_pages de sus sesiones (sessions.json del proyecto; recuento de los archivos del proyecto),2026-09-23,189,base
etapa.IV.paginas.verificadas,0,n,proyecto,C,"sesiones con page_status contiguous, verso_blank o corrected (sessions.json del proyecto)",2026-09-23,0,base
etapa.IV.palabras,127709,n,V2,C,suma de nwords con legislature = 1936-1939 y num_session 61–69,2026-09-23,127.709,base
etapa.IV.palabras.pct,0.005247762400036555,pct,V2,CALC,palabras de la etapa / palabras,2026-09-23,"0,52 %",base
etapa.IV.pres.martinez_barrio,9,n,proyecto,C,sesiones de la etapa con Diego Martínez Barrio como presidente titular (sessions.json del proyecto),2026-09-23,9,base
etapa.IV.presidencia.filas.pct,0.5471014492753623,pct,V2,CALC,filas de la Presidencia (parse_speaker) / filas de la etapa,2026-09-23,"54,71 %",base
etapa.IV.presidencia.pct,0.2609996163152166,pct,V2,CALC,palabras de la Presidencia (parse_speaker) / palabras de la etapa,2026-09-23,"26,10 %",base
etapa.IV.presidentes,1,n,proyecto,C,presidentes titulares distintos (sessions.json del proyecto),2026-09-23,1,base
etapa.IV.serie,Extracto oficial de las sesiones. Congreso de los Diputados,texto,proyecto,M,título del Diario de sus sesiones (sessions.json del proyecto),2026-09-23,Extracto oficial de las sesiones. Congreso de los Diputados,base
etapa.IV.sesiones,9,n,V2,C,claves de sesión con legislature = 1936-1939 y num_session 61–69,2026-09-23,9,base
etapa.IV.sigla,DSC,texto,proyecto,M,sigla del Diario de sus sesiones (sessions.json del proyecto),2026-09-23,DSC,base
etapa.IV.vice_ses,2,n,V2,C,sesiones de la etapa con alguna fila de un vicepresidente (role vicechair de parse_speaker),2026-09-23,2,base
etapa.V.debates,1,n,v3,C,debates preparados del explorador (bibliotecas L2) con todas sus sesiones en la etapa,2026-09-23,1,base
etapa.V.desde,1945-01-10,fecha,V2,C,primera fecha de la etapa,2026-09-23,10 de enero de 1945,base
etapa.V.dias,5,n,V2,C,fechas distintas con sesión en la etapa,2026-09-23,5,base
etapa.V.diputados,29,n,V2,C,"rep_id distintos en la etapa, incluido el de quien preside",2026-09-23,29,base
etapa.V.diputados_sp,27,n,V2,C,rep_id distintos en la etapa fuera de la Presidencia,2026-09-23,27,base
etapa.V.dobles,0,n,V2,C,fechas de la etapa con dos sesiones,2026-09-23,0,base
etapa.V.fecha.desde,1945-01-10,fecha,V2,C,primera fecha de la etapa,2026-09-23,10 de enero de 1945,base
etapa.V.fecha.hasta,1945-11-09,fecha,V2,C,última fecha de la etapa,2026-09-23,9 de noviembre de 1945,base
etapa.V.filas,210,n,V2,C,filas con legislature = 1936-1939 y num_session 70–74,2026-09-23,210,base
etapa.V.filas.v3,235,n,v3,C,filas v3 de las sesiones de la etapa,2026-09-23,235,base
etapa.V.filas_v3,235,n,v3,C,filas v3 de las sesiones de la etapa (tabla speeches),2026-09-23,235,cortes
etapa.V.gob.giral_exilio,3,n,proyecto,C,sesiones de la etapa bajo el Gobierno Giral (en el exilio) (sessions.json del proyecto),2026-09-23,3,base
etapa.V.gob.negrin_exilio,2,n,proyecto,C,sesiones de la etapa bajo el Gobierno Negrín (en el exilio) (sessions.json del proyecto),2026-09-23,2,base
etapa.V.gobiernos,2,n,proyecto,C,Gobiernos distintos por fecha de sesión (sessions.json del proyecto),2026-09-23,2,base
etapa.V.habla.v3,211,n,v3,C,"filas de habla v3 (role ∉ {summary, remark}) de la etapa",2026-09-23,211,base
etapa.V.hasta,1945-11-09,fecha,V2,C,última fecha de la etapa,2026-09-23,9 de noviembre de 1945,base
etapa.V.listas_nominales.filas,0,n,V2,C,filas de la etapa V con lista nominal (definición común),2026-09-23,0,sesiones
etapa.V.listas_nominales.sesiones,0,n,V2,C,sesiones de la etapa V con alguna de esas filas,2026-09-23,0,sesiones
etapa.V.meses,11,n,V2,C,meses de 1945-01 a 1945-11,2026-09-23,11,base
etapa.V.meses.con_sesion,3,n,V2,C,meses de la etapa con al menos una sesión,2026-09-23,3,cortes
etapa.V.meses.sin_sesion,8,n,V2,C,meses de la etapa sin ninguna sesión en el corpus,2026-09-23,8,cortes
etapa.V.meses_con,3,n,V2,C,meses de la etapa con al menos una sesión,2026-09-23,3,base
etapa.V.meses_con_sesion,3,n,V2,C,meses de la etapa con al menos una sesión,2026-09-23,3,base
etapa.V.meses_sin,8,n,V2,C,meses de la etapa sin sesión,2026-09-23,8,base
etapa.V.meses_sin_sesion,8,n,V2,C,meses de la etapa sin sesión,2026-09-23,8,base
etapa.V.num.desde,70,id,V2,C,primer num_session de la etapa (sin huecos hasta el último),2026-09-23,70,cortes
etapa.V.num.hasta,74,id,V2,C,último num_session de la etapa,2026-09-23,74,cortes
etapa.V.num_desde,70,id,V2,R,primer número de sesión de la etapa,2026-09-23,70,base
etapa.V.num_hasta,74,id,V2,R,último número de sesión de la etapa,2026-09-23,74,base
etapa.V.paginas,97,n,proyecto,C,suma de pdf_pages de sus sesiones (sessions.json del proyecto; recuento de los archivos del proyecto),2026-09-23,97,base
etapa.V.paginas.verificadas,0,n,proyecto,C,"sesiones con page_status contiguous, verso_blank o corrected (sessions.json del proyecto)",2026-09-23,0,base
etapa.V.palabras,75458,n,V2,C,suma de nwords con legislature = 1936-1939 y num_session 70–74,2026-09-23,75.458,base
etapa.V.palabras.pct,0.0031006871495506062,pct,V2,CALC,palabras de la etapa / palabras,2026-09-23,"0,31 %",base
etapa.V.pres.fernandez_clerigo,1,n,proyecto,C,sesiones de la etapa con Luis Fernández Clérigo como presidente titular (sessions.json del proyecto),2026-09-23,1,base
etapa.V.pres.jimenez_de_asua,3,n,proyecto,C,sesiones de la etapa con Luis Jiménez de Asúa como presidente titular (sessions.json del proyecto),2026-09-23,3,base
etapa.V.pres.martinez_barrio,1,n,proyecto,C,sesiones de la etapa con Diego Martínez Barrio como presidente titular (sessions.json del proyecto),2026-09-23,1,base
etapa.V.presidencia.filas.pct,0.5095238095238095,pct,V2,CALC,filas de la Presidencia (parse_speaker) / filas de la etapa,2026-09-23,"50,95 %",base
etapa.V.presidencia.pct,0.13921651779798033,pct,V2,CALC,palabras de la Presidencia (parse_speaker) / palabras de la etapa,2026-09-23,"13,92 %",base
etapa.V.presidentes,3,n,proyecto,C,presidentes titulares distintos (sessions.json del proyecto),2026-09-23,3,base
etapa.V.serie,Extracto oficial de las sesiones de Cortes celebradas en México (exilio),texto,proyecto,M,título del Diario de sus sesiones (sessions.json del proyecto),2026-09-23,Extracto oficial de las sesiones de Cortes celebradas en México (exilio),base
etapa.V.sesiones,5,n,V2,C,claves de sesión con legislature = 1936-1939 y num_session 70–74,2026-09-23,5,base
etapa.V.sigla,DSC,texto,proyecto,M,sigla del Diario de sus sesiones (sessions.json del proyecto),2026-09-23,DSC,base
etapa.V.vice_ses,0,n,V2,C,sesiones de la etapa con alguna fila de un vicepresidente (role vicechair de parse_speaker),2026-09-23,0,base
etapas.n,5,n,V2,R,etapas del sitio (D-8): dos legislaturas enteras y la tercera partida por su numeración,2026-09-23,5,base
etiquetas.diferencia,5,n,V2,CALC,etiquetas.n − filas.V2 (sin documentar),2026-09-23,5,metodo
etiquetas.falsos_positivos,1532,n,V2,M,"README depositado, SECTION 4 («filtering 1,532 false positives»)",2026-09-23,1.532,metodo
etiquetas.filtro.letras,3,n,V2,M,"README SECTION 4 («3-character all-capitals word»); tag_speakers.py [A-ZÁÉÍÓÚÜÑ]{3,}",2026-09-23,3,metodo
etiquetas.n,107556,n,V2,M,"README depositado, SECTION 4 («107,556 tags retained»)",2026-09-23,107.556,metodo
explorador.build,1857031ae8c04b3d,texto,explorador,M,build_id de https://rodrodr.github.io/luz_explorer/,2026-09-22,1857031ae8c04b3d,base
explorador.capturas.fecha,2026-09-22,fecha,explorador,M,fecha de las capturas del explorador publicado (src/assets/explorador/LEEME.md),2026-09-23,22 de septiembre de 2026,explorador
explorador.cita,"Rodrigues-Silveira, Rodrigo; García-Díez, Fátima; Llamazares, Iván; Martínez-Barahona, Elena; Barreto Martín, Eduardo, 2026, ""Luz y Taquígrafos: Parliamentary Debates in the Second Spanish Republic, 1931–1945"", https://doi.org/10.7910/DVN/THQCMI, Harvard Dataverse, V2",texto,explorador,M,"manifiesto embebido en https://rodrodr.github.io/luz_explorer/ (md5 155b10fd…), consultado el 2026-09-22 › fuente.cita (la cita que da el explorador)",2026-09-22,"Rodrigues-Silveira, Rodrigo; García-Díez, Fátima; Llamazares, Iván; Martínez-Barahona, Elena; Barreto Martín, Eduardo, 2026, ""Luz y Taquígrafos: Parliamentary Debates in the Second Spanish Republic, 1931–1945"", https://doi.org/10.7910/DVN/THQCMI, Harvard Dataverse, V2",base
explorador.cita.version,V2,texto,explorador,M,"manifiesto embebido en https://rodrodr.github.io/luz_explorer/ (md5 155b10fd…), consultado el 2026-09-22 › fuente.version_cita",2026-09-22,V2,base
explorador.construido,2026-09-16,fecha,explorador,M,"manifiesto embebido en https://rodrodr.github.io/luz_explorer/ (md5 155b10fd…), consultado el 2026-09-22 › corpus_servido.construido_en",2026-09-22,16 de septiembre de 2026,base
explorador.db.bytes,282316800,peso,explorador,M,"manifiesto embebido en https://rodrodr.github.io/luz_explorer/ (md5 155b10fd…), consultado el 2026-09-22 › corpus_servido.bytes (la base descomprimida)",2026-09-22,"269,2 MB",base
explorador.gz.bytes,111733652,peso,explorador,M,"manifiesto embebido en https://rodrodr.github.io/luz_explorer/ (md5 155b10fd…), consultado el 2026-09-22 › corpus_servido.bytes_gz (los 3 trozos)",2026-09-22,"106,6 MB",base
explorador.gz.mb,107,n,explorador,CALC,"round(corpus_servido.bytes_gz / 1.024²), manifiesto embebido en https://rodrodr.github.io/luz_explorer/ (md5 155b10fd…), consultado el 2026-09-22",2026-09-22,107,base
explorador.pagina.fecha,2026-09-21,fecha,explorador,M,cabecera last-modified de https://rodrodr.github.io/luz_explorer/,2026-09-22,21 de septiembre de 2026,base
explorador.trozos,3,n,explorador,M,"manifiesto embebido en https://rodrodr.github.io/luz_explorer/ (md5 155b10fd…), consultado el 2026-09-22 › corpus_servido.partes",2026-09-22,3,base
f01.clase.0.desde,1473,n,V2,C,"clase 1 de 5 del tono de F01: palabras del mes, desde (cuantiles sin interpolar)",2026-09-23,1.473,cortes
f01.clase.0.hasta,53132,n,V2,C,"clase 1 de 5 del tono de F01: palabras del mes, hasta (cuantiles sin interpolar)",2026-09-23,53.132,cortes
f01.clase.0.meses,13,n,V2,C,meses con sesión en la clase 1 del tono de F01,2026-09-23,13,cortes
f01.clase.1.desde,53133,n,V2,C,"clase 2 de 5 del tono de F01: palabras del mes, desde (cuantiles sin interpolar)",2026-09-23,53.133,cortes
f01.clase.1.hasta,315121,n,V2,C,"clase 2 de 5 del tono de F01: palabras del mes, hasta (cuantiles sin interpolar)",2026-09-23,315.121,cortes
f01.clase.1.meses,13,n,V2,C,meses con sesión en la clase 2 del tono de F01,2026-09-23,13,cortes
f01.clase.2.desde,315122,n,V2,C,"clase 3 de 5 del tono de F01: palabras del mes, desde (cuantiles sin interpolar)",2026-09-23,315.122,cortes
f01.clase.2.hasta,512213,n,V2,C,"clase 3 de 5 del tono de F01: palabras del mes, hasta (cuantiles sin interpolar)",2026-09-23,512.213,cortes
f01.clase.2.meses,13,n,V2,C,meses con sesión en la clase 3 del tono de F01,2026-09-23,13,cortes
f01.clase.3.desde,512214,n,V2,C,"clase 4 de 5 del tono de F01: palabras del mes, desde (cuantiles sin interpolar)",2026-09-23,512.214,cortes
f01.clase.3.hasta,606144,n,V2,C,"clase 4 de 5 del tono de F01: palabras del mes, hasta (cuantiles sin interpolar)",2026-09-23,606.144,cortes
f01.clase.3.meses,13,n,V2,C,meses con sesión en la clase 4 del tono de F01,2026-09-23,13,cortes
f01.clase.4.desde,606145,n,V2,C,"clase 5 de 5 del tono de F01: palabras del mes, desde (cuantiles sin interpolar)",2026-09-23,606.145,cortes
f01.clase.4.hasta,870822,n,V2,C,"clase 5 de 5 del tono de F01: palabras del mes, hasta (cuantiles sin interpolar)",2026-09-23,870.822,cortes
f01.clase.4.meses,12,n,V2,C,meses con sesión en la clase 5 del tono de F01,2026-09-23,12,cortes
f01.mes_max,1934-06,fecha,V2,C,mes con más palabras (suma de nwords por mes),2026-09-23,1 de junio de 1934,cortes
f01.mes_max.filas,3511,n,V2,C,filas del mes con más palabras,2026-09-23,3.511,cortes
f01.mes_max.palabras,870822,n,V2,C,palabras del mes con más palabras,2026-09-23,870.822,cortes
f01.mes_max.sesiones,19,n,V2,C,sesiones del mes con más palabras,2026-09-23,19,cortes
f01.sesion_max.diputados,61,n,V2,C,"diputados que intervienen en la sesión con más (1931-09-25-45), con quien preside",2026-09-23,61,cortes
f01.sesion_max.palabras,97055,n,V2,C,palabras de la sesión con más palabras (1936-07-01-54): la barra más alta de F01,2026-09-23,97.055,cortes
f16.tramos.gobierno,22,n,proyecto,M,tramos de sesiones consecutivas con el mismo Gobierno (sessions.json del proyecto),2026-09-23,22,cortes
f16.tramos.presidente,17,n,proyecto,M,tramos de sesiones consecutivas con el mismo presidente titular (sessions.json del proyecto),2026-09-23,17,cortes
f16.verificar.gobierno,3,n,proyecto,M,sesiones con Gobierno marcado «verificar» (sessions.json del proyecto),2026-09-23,3,cortes
f16.verificar.presidente,15,n,proyecto,M,sesiones con presidente titular marcado «verificar» (sessions.json del proyecto),2026-09-23,15,cortes
f27.1.fecha,1931-07-20,fecha,V2,C,date de la fila,2026-09-23,20 de julio de 1931,diario
f27.10.fecha,1936-07-08,fecha,V2,C,date de la fila,2026-09-23,8 de julio de 1936,diario
f27.2.fecha,1932-04-09,fecha,V2,C,date de la fila,2026-09-23,9 de abril de 1932,diario
f27.3.fecha,1932-05-03,fecha,V2,C,date de la fila,2026-09-23,3 de mayo de 1932,diario
f27.4.fecha,1933-07-19,fecha,V2,C,date de la fila,2026-09-23,19 de julio de 1933,diario
f27.5.fecha,1933-08-03,fecha,V2,C,date de la fila,2026-09-23,3 de agosto de 1933,diario
f27.6.fecha,1934-06-08,fecha,V2,C,date de la fila,2026-09-23,8 de junio de 1934,diario
f27.7.fecha,1934-11-13,fecha,V2,C,date de la fila,2026-09-23,13 de noviembre de 1934,diario
f27.8.fecha,1935-01-29,fecha,V2,C,date de la fila,2026-09-23,29 de enero de 1935,diario
f27.9.fecha,1935-11-22,fecha,V2,C,date de la fila,2026-09-23,22 de noviembre de 1935,diario
f27.balbontin,3,n,V2,C,"de las diez filas de F27, las de José Antonio Balbontín (rep_id 98)",2026-09-23,3,diario
f27.desde,1931-07-20,fecha,V2,C,primera fila,2026-09-23,20 de julio de 1931,diario
f27.hasta,1936-07-08,fecha,V2,C,última fila,2026-09-23,8 de julio de 1936,diario
f27.n,10,n,V2,C,filas V2 con «luz y taquígrafos» (texto plegado); las mismas diez en v3 por FTS5,2026-09-23,10,diario
f28.15abril.ordenes,3,n,V2,L,"órdenes del 15-IV-1936: V2 102484, 102486 y 102492 (v3 115828, 115830, 115836)",2026-09-23,3,diario
f28.acotacion.1.fecha,1936-05-06,fecha,V2,C,fecha,2026-09-23,6 de mayo de 1936,diario
f28.acotacion.2.fecha,1936-05-06,fecha,V2,C,fecha,2026-09-23,6 de mayo de 1936,diario
f28.acotacion.3.fecha,1936-06-16,fecha,V2,C,fecha,2026-09-23,16 de junio de 1936,diario
f28.acotacion.4.fecha,1936-06-16,fecha,V2,C,fecha,2026-09-23,16 de junio de 1936,diario
f28.acotacion.5.fecha,1936-07-01,fecha,V2,C,fecha,2026-09-23,1 de julio de 1936,diario
f28.acotaciones,5,n,V2,C,acotaciones «no se consigna(n) por orden» y «no constan por orden»,2026-09-23,5,diario
f28.acotaciones.consigna,3,n,V2,C,acotaciones «no se consigna(n) por orden»,2026-09-23,3,diario
f28.acotaciones.constan,2,n,V2,C,acotaciones «no constan por orden»,2026-09-23,2,diario
f28.ajena,1,n,V2,L,fila con la fórmula en otro sentido (V2 64659),2026-09-23,1,diario
f28.ajena.fecha,1934-02-21,fecha,V2,C,fecha de la fila ajena,2026-09-23,21 de febrero de 1934,diario
f28.formula.filas,10,n,V2,C,"filas V2 cuyo texto plegado dice «no constará(n)» y, a menos de 60 caracteres, «diario»; las mismas diez en v3 (FTS5 NEAR)",2026-09-23,10,diario
f28.fts_plural,7,n,v3,C,FTS5 exacta «no constarán en el Diario» en v3,2026-09-23,7,diario
f28.marcas,13,n,V2,CALC,marcas de F28: órdenes + acotaciones,2026-09-23,13,diario
f28.orden.1.fecha,1931-12-10,fecha,V2,C,fecha,2026-09-23,10 de diciembre de 1931,diario
f28.orden.2.fecha,1933-02-07,fecha,V2,C,fecha,2026-09-23,7 de febrero de 1933,diario
f28.orden.3.fecha,1933-02-09,fecha,V2,C,fecha,2026-09-23,9 de febrero de 1933,diario
f28.orden.4.fecha,1936-04-15,fecha,V2,C,fecha,2026-09-23,15 de abril de 1936,diario
f28.orden.5.fecha,1936-04-15,fecha,V2,C,fecha,2026-09-23,15 de abril de 1936,diario
f28.orden.6.fecha,1936-04-15,fecha,V2,C,fecha,2026-09-23,15 de abril de 1936,diario
f28.orden.7.fecha,1936-05-06,fecha,V2,C,fecha,2026-09-23,6 de mayo de 1936,diario
f28.orden.8.fecha,1936-07-01,fecha,V2,C,fecha,2026-09-23,1 de julio de 1936,diario
f28.ordenes,8,n,V2,L,"de esas diez, órdenes de la Presidencia, leídas una a una",2026-09-23,8,diario
f28.ordenes.1936,5,n,V2,L,órdenes entre abril y julio de 1936,2026-09-23,5,diario
f28.peticion,1,n,V2,L,"petición de un diputado (Calvo Sotelo, V2 104406)",2026-09-23,1,diario
f28.peticion.fecha,1936-06-03,fecha,V2,C,fecha de la petición,2026-09-23,3 de junio de 1936,diario
familias.V2,33,n,V2,C,"valores distintos de party_family, en bruto",2026-09-23,33,datos
familias.etapa.I.agrarios.filas.pct,0.008166491043203371,pct,V2,CALC,filas de «Agrarios» / filas sin Presidencia de la etapa I,2026-09-23,"0,8 %",cortes
familias.etapa.I.agrarios.pct,0.007159251491121613,pct,V2,CALC,palabras de «Agrarios» / palabras sin Presidencia de la etapa I,2026-09-23,"0,7 %",cortes
familias.etapa.I.carlistas.filas.pct,0.020987003863716193,pct,V2,CALC,filas de «Carlistas» / filas sin Presidencia de la etapa I,2026-09-23,"2,1 %",cortes
familias.etapa.I.carlistas.pct,0.03238455931949416,pct,V2,CALC,palabras de «Carlistas» / palabras sin Presidencia de la etapa I,2026-09-23,"3,2 %",cortes
familias.etapa.I.catalanista_de_derecha.filas.pct,0.004478398314014752,pct,V2,CALC,filas de «Catalanista de derecha» / filas sin Presidencia de la etapa I,2026-09-23,"0,4 %",cortes
familias.etapa.I.catalanista_de_derecha.pct,0.008277948209868762,pct,V2,CALC,palabras de «Catalanista de derecha» / palabras sin Presidencia de la etapa I,2026-09-23,"0,8 %",cortes
familias.etapa.I.catalanista_de_izquierda.filas.pct,0.030587753190492915,pct,V2,CALC,filas de «Catalanista de izquierda» / filas sin Presidencia de la etapa I,2026-09-23,"3,1 %",cortes
familias.etapa.I.catalanista_de_izquierda.pct,0.032143959296656685,pct,V2,CALC,palabras de «Catalanista de izquierda» / palabras sin Presidencia de la etapa I,2026-09-23,"3,2 %",cortes
familias.etapa.I.conservadores.filas.pct,0.0986125746399719,pct,V2,CALC,filas de «Conservadores» / filas sin Presidencia de la etapa I,2026-09-23,"9,9 %",cortes
familias.etapa.I.conservadores.pct,0.11738725694325057,pct,V2,CALC,palabras de «Conservadores» / palabras sin Presidencia de la etapa I,2026-09-23,"11,7 %",cortes
familias.etapa.I.den,11778885,n,V2,C,palabras V2 sin la Presidencia de la etapa I,2026-09-23,11.778.885,cortes
familias.etapa.I.den_filas,34164,n,V2,C,filas V2 sin la Presidencia de la etapa I,2026-09-23,34.164,cortes
familias.etapa.I.derecha_autoritaria.filas.pct,0.00023416461772626156,pct,V2,CALC,filas de «Derecha autoritaria» / filas sin Presidencia de la etapa I,2026-09-23,"0,0 %",cortes
familias.etapa.I.derecha_autoritaria.pct,0.00047822862690314065,pct,V2,CALC,palabras de «Derecha autoritaria» / palabras sin Presidencia de la etapa I,2026-09-23,"0,0 %",cortes
familias.etapa.I.galleguista.filas.pct,0.0046247512000936655,pct,V2,CALC,filas de «Galleguista» / filas sin Presidencia de la etapa I,2026-09-23,"0,5 %",cortes
familias.etapa.I.galleguista.pct,0.009103747935394564,pct,V2,CALC,palabras de «Galleguista» / palabras sin Presidencia de la etapa I,2026-09-23,"0,9 %",cortes
familias.etapa.I.leonesista.filas.pct,0.00023416461772626156,pct,V2,CALC,filas de «Leonesista» / filas sin Presidencia de la etapa I,2026-09-23,"0,0 %",cortes
familias.etapa.I.leonesista.pct,0.00032159240878911713,pct,V2,CALC,palabras de «Leonesista» / palabras sin Presidencia de la etapa I,2026-09-23,"0,0 %",cortes
familias.etapa.I.liberales.filas.pct,0.11974593138976701,pct,V2,CALC,filas de «Liberales» / filas sin Presidencia de la etapa I,2026-09-23,"12,0 %",cortes
familias.etapa.I.liberales.pct,0.12220902063310746,pct,V2,CALC,palabras de «Liberales» / palabras sin Presidencia de la etapa I,2026-09-23,"12,2 %",cortes
familias.etapa.I.nacionalista_gallego.filas.pct,0.000585411544315654,pct,V2,CALC,filas de «Nacionalista Gallego» / filas sin Presidencia de la etapa I,2026-09-23,"0,1 %",cortes
familias.etapa.I.nacionalista_gallego.pct,0.00142780916869466,pct,V2,CALC,palabras de «Nacionalista Gallego» / palabras sin Presidencia de la etapa I,2026-09-23,"0,1 %",cortes
familias.etapa.I.nacionalista_vasco.filas.pct,0.01486945322561761,pct,V2,CALC,filas de «Nacionalista Vasco» / filas sin Presidencia de la etapa I,2026-09-23,"1,5 %",cortes
familias.etapa.I.nacionalista_vasco.pct,0.015902693676014327,pct,V2,CALC,palabras de «Nacionalista Vasco» / palabras sin Presidencia de la etapa I,2026-09-23,"1,6 %",cortes
familias.etapa.I.primera,Republicanos,texto,V2,C,familia con más palabras sin Presidencia en la etapa I,2026-09-23,Republicanos,cortes
familias.etapa.I.radical_izquierda_republicana.filas.pct,8.781173164734808e-05,pct,V2,CALC,filas de «Radical Izquierda Republicana» / filas sin Presidencia de la etapa I,2026-09-23,"0,0 %",cortes
familias.etapa.I.radical_izquierda_republicana.pct,2.3771350174485954e-06,pct,V2,CALC,palabras de «Radical Izquierda Republicana» / palabras sin Presidencia de la etapa I,2026-09-23,"0,0 %",cortes
familias.etapa.I.republicanos.filas.pct,0.5469207352768997,pct,V2,CALC,filas de «Republicanos» / filas sin Presidencia de la etapa I,2026-09-23,"54,7 %",cortes
familias.etapa.I.republicanos.pct,0.5126109135117628,pct,V2,CALC,palabras de «Republicanos» / palabras sin Presidencia de la etapa I,2026-09-23,"51,3 %",cortes
familias.etapa.I.sin_identificar.filas.pct,0.0010830113569839598,pct,V2,CALC,filas de «Sin identificar» / filas sin Presidencia de la etapa I,2026-09-23,"0,1 %",cortes
familias.etapa.I.sin_identificar.pct,0.0006884352805889522,pct,V2,CALC,palabras de «Sin identificar» / palabras sin Presidencia de la etapa I,2026-09-23,"0,1 %",cortes
familias.etapa.I.socialista.filas.pct,0.14878234398782345,pct,V2,CALC,filas de «Socialista» / filas sin Presidencia de la etapa I,2026-09-23,"14,9 %",cortes
familias.etapa.I.socialista.pct,0.13990220636333575,pct,V2,CALC,palabras de «Socialista» / palabras sin Presidencia de la etapa I,2026-09-23,"14,0 %",cortes
familias.etapa.II.agrarios.filas.pct,0.026183008318559936,pct,V2,CALC,filas de «Agrarios» / filas sin Presidencia de la etapa II,2026-09-23,"2,6 %",cortes
familias.etapa.II.agrarios.pct,0.02454662323773135,pct,V2,CALC,palabras de «Agrarios» / palabras sin Presidencia de la etapa II,2026-09-23,"2,5 %",cortes
familias.etapa.II.carlistas.filas.pct,0.044138369925905724,pct,V2,CALC,filas de «Carlistas» / filas sin Presidencia de la etapa II,2026-09-23,"4,4 %",cortes
familias.etapa.II.carlistas.pct,0.05166209859668699,pct,V2,CALC,palabras de «Carlistas» / palabras sin Presidencia de la etapa II,2026-09-23,"5,2 %",cortes
familias.etapa.II.catalanista_de_derecha.filas.pct,0.039229055866175734,pct,V2,CALC,filas de «Catalanista de derecha» / filas sin Presidencia de la etapa II,2026-09-23,"3,9 %",cortes
familias.etapa.II.catalanista_de_derecha.pct,0.0571737821946146,pct,V2,CALC,palabras de «Catalanista de derecha» / palabras sin Presidencia de la etapa II,2026-09-23,"5,7 %",cortes
familias.etapa.II.catalanista_de_izquierda.filas.pct,0.030819582708304923,pct,V2,CALC,filas de «Catalanista de izquierda» / filas sin Presidencia de la etapa II,2026-09-23,"3,1 %",cortes
familias.etapa.II.catalanista_de_izquierda.pct,0.03079969192419729,pct,V2,CALC,palabras de «Catalanista de izquierda» / palabras sin Presidencia de la etapa II,2026-09-23,"3,1 %",cortes
familias.etapa.II.centro.filas.pct,0.001818264466566662,pct,V2,CALC,filas de «Centro» / filas sin Presidencia de la etapa II,2026-09-23,"0,2 %",cortes
familias.etapa.II.centro.pct,0.0031574901288095336,pct,V2,CALC,palabras de «Centro» / palabras sin Presidencia de la etapa II,2026-09-23,"0,3 %",cortes
familias.etapa.II.comunista.filas.pct,0.006545752079639984,pct,V2,CALC,filas de «Comunista» / filas sin Presidencia de la etapa II,2026-09-23,"0,7 %",cortes
familias.etapa.II.comunista.pct,0.00609757263613733,pct,V2,CALC,palabras de «Comunista» / palabras sin Presidencia de la etapa II,2026-09-23,"0,6 %",cortes
familias.etapa.II.conservadores.filas.pct,0.30378653575162506,pct,V2,CALC,filas de «Conservadores» / filas sin Presidencia de la etapa II,2026-09-23,"30,4 %",cortes
familias.etapa.II.conservadores.pct,0.2768301801459392,pct,V2,CALC,palabras de «Conservadores» / palabras sin Presidencia de la etapa II,2026-09-23,"27,7 %",cortes
familias.etapa.II.conservadores_agraria.filas.pct,0.00018182644665666622,pct,V2,CALC,filas de «Conservadores Agraria» / filas sin Presidencia de la etapa II,2026-09-23,"0,0 %",cortes
familias.etapa.II.conservadores_agraria.pct,6.991943846444005e-05,pct,V2,CALC,palabras de «Conservadores Agraria» / palabras sin Presidencia de la etapa II,2026-09-23,"0,0 %",cortes
familias.etapa.II.den,8366772,n,V2,C,palabras V2 sin la Presidencia de la etapa II,2026-09-23,8.366.772,cortes
familias.etapa.II.den_filas,21999,n,V2,C,filas V2 sin la Presidencia de la etapa II,2026-09-23,21.999,cortes
familias.etapa.II.derecha_autoritaria.filas.pct,0.0513659711805082,pct,V2,CALC,filas de «Derecha autoritaria» / filas sin Presidencia de la etapa II,2026-09-23,"5,1 %",cortes
familias.etapa.II.derecha_autoritaria.pct,0.07308708782789826,pct,V2,CALC,palabras de «Derecha autoritaria» / palabras sin Presidencia de la etapa II,2026-09-23,"7,3 %",cortes
familias.etapa.II.fascista.filas.pct,0.007909450429564981,pct,V2,CALC,filas de «Fascista» / filas sin Presidencia de la etapa II,2026-09-23,"0,8 %",cortes
familias.etapa.II.fascista.pct,0.010491381861487322,pct,V2,CALC,palabras de «Fascista» / palabras sin Presidencia de la etapa II,2026-09-23,"1,0 %",cortes
familias.etapa.II.galleguista.filas.pct,0.0040456384381108235,pct,V2,CALC,filas de «Galleguista» / filas sin Presidencia de la etapa II,2026-09-23,"0,4 %",cortes
familias.etapa.II.galleguista.pct,0.0038141352483371128,pct,V2,CALC,palabras de «Galleguista» / palabras sin Presidencia de la etapa II,2026-09-23,"0,4 %",cortes
familias.etapa.II.independiente.filas.pct,4.5456611664166555e-05,pct,V2,CALC,filas de «Independiente» / filas sin Presidencia de la etapa II,2026-09-23,"0,0 %",cortes
familias.etapa.II.independiente.pct,9.800673425784759e-06,pct,V2,CALC,palabras de «Independiente» / palabras sin Presidencia de la etapa II,2026-09-23,"0,0 %",cortes
familias.etapa.II.liberales.filas.pct,0.059457248056729854,pct,V2,CALC,filas de «Liberales» / filas sin Presidencia de la etapa II,2026-09-23,"5,9 %",cortes
familias.etapa.II.liberales.pct,0.06108819506495456,pct,V2,CALC,palabras de «Liberales» / palabras sin Presidencia de la etapa II,2026-09-23,"6,1 %",cortes
familias.etapa.II.nacionalista.filas.pct,0.0011818719032683303,pct,V2,CALC,filas de «Nacionalista» / filas sin Presidencia de la etapa II,2026-09-23,"0,1 %",cortes
familias.etapa.II.nacionalista.pct,0.0007828586699864655,pct,V2,CALC,palabras de «Nacionalista» / palabras sin Presidencia de la etapa II,2026-09-23,"0,1 %",cortes
familias.etapa.II.nacionalista_vasco.filas.pct,0.020410018637210783,pct,V2,CALC,filas de «Nacionalista Vasco» / filas sin Presidencia de la etapa II,2026-09-23,"2,0 %",cortes
familias.etapa.II.nacionalista_vasco.pct,0.01573175413409138,pct,V2,CALC,palabras de «Nacionalista Vasco» / palabras sin Presidencia de la etapa II,2026-09-23,"1,6 %",cortes
familias.etapa.II.primera,Conservadores,texto,V2,C,familia con más palabras sin Presidencia en la etapa II,2026-09-23,Conservadores,cortes
familias.etapa.II.renovacion_espanola.filas.pct,0.0002727396699849993,pct,V2,CALC,filas de «Renovación Española» / filas sin Presidencia de la etapa II,2026-09-23,"0,0 %",cortes
familias.etapa.II.renovacion_espanola.pct,0.00018824464201964628,pct,V2,CALC,palabras de «Renovación Española» / palabras sin Presidencia de la etapa II,2026-09-23,"0,0 %",cortes
familias.etapa.II.republicano_independiente.filas.pct,0.0050456838947224875,pct,V2,CALC,filas de «Republicano Independiente» / filas sin Presidencia de la etapa II,2026-09-23,"0,5 %",cortes
familias.etapa.II.republicano_independiente.pct,0.003611667677809315,pct,V2,CALC,palabras de «Republicano Independiente» / palabras sin Presidencia de la etapa II,2026-09-23,"0,4 %",cortes
familias.etapa.II.republicanos.filas.pct,0.2989681349152234,pct,V2,CALC,filas de «Republicanos» / filas sin Presidencia de la etapa II,2026-09-23,"29,9 %",cortes
familias.etapa.II.republicanos.pct,0.24979968379680956,pct,V2,CALC,palabras de «Republicanos» / palabras sin Presidencia de la etapa II,2026-09-23,"25,0 %",cortes
familias.etapa.II.republicanos_autonomista.filas.pct,0.011909632256011637,pct,V2,CALC,filas de «Republicanos Autonomista» / filas sin Presidencia de la etapa II,2026-09-23,"1,2 %",cortes
familias.etapa.II.republicanos_autonomista.pct,0.014475355609068825,pct,V2,CALC,palabras de «Republicanos Autonomista» / palabras sin Presidencia de la etapa II,2026-09-23,"1,4 %",cortes
familias.etapa.II.sin_identificar.filas.pct,0.004182008273103323,pct,V2,CALC,filas de «Sin identificar» / filas sin Presidencia de la etapa II,2026-09-23,"0,4 %",cortes
familias.etapa.II.sin_identificar.pct,0.003943934411024945,pct,V2,CALC,palabras de «Sin identificar» / palabras sin Presidencia de la etapa II,2026-09-23,"0,4 %",cortes
familias.etapa.II.socialista.filas.pct,0.0825037501704623,pct,V2,CALC,filas de «Socialista» / filas sin Presidencia de la etapa II,2026-09-23,"8,3 %",cortes
familias.etapa.II.socialista.pct,0.11263854208050608,pct,V2,CALC,palabras de «Socialista» / palabras sin Presidencia de la etapa II,2026-09-23,"11,3 %",cortes
familias.etapa.III.agrarios.filas.pct,0.044535799931483384,pct,V2,CALC,filas de «Agrarios» / filas sin Presidencia de la etapa III,2026-09-23,"4,5 %",cortes
familias.etapa.III.agrarios.pct,0.04171451956555631,pct,V2,CALC,palabras de «Agrarios» / palabras sin Presidencia de la etapa III,2026-09-23,"4,2 %",cortes
familias.etapa.III.anarcosindicalista.filas.pct,0.006166495375128468,pct,V2,CALC,filas de «Anarcosindicalista» / filas sin Presidencia de la etapa III,2026-09-23,"0,6 %",cortes
familias.etapa.III.anarcosindicalista.pct,0.007559242321883282,pct,V2,CALC,palabras de «Anarcosindicalista» / palabras sin Presidencia de la etapa III,2026-09-23,"0,8 %",cortes
familias.etapa.III.carlistas.filas.pct,0.015416238437821172,pct,V2,CALC,filas de «Carlistas» / filas sin Presidencia de la etapa III,2026-09-23,"1,5 %",cortes
familias.etapa.III.carlistas.pct,0.018379410694798107,pct,V2,CALC,palabras de «Carlistas» / palabras sin Presidencia de la etapa III,2026-09-23,"1,8 %",cortes
familias.etapa.III.catalanista_de_derecha.filas.pct,0.049674546077423776,pct,V2,CALC,filas de «Catalanista de derecha» / filas sin Presidencia de la etapa III,2026-09-23,"5,0 %",cortes
familias.etapa.III.catalanista_de_derecha.pct,0.06689120719222574,pct,V2,CALC,palabras de «Catalanista de derecha» / palabras sin Presidencia de la etapa III,2026-09-23,"6,7 %",cortes
familias.etapa.III.catalanista_de_izquierda.filas.pct,0.022953066118533743,pct,V2,CALC,filas de «Catalanista de izquierda» / filas sin Presidencia de la etapa III,2026-09-23,"2,3 %",cortes
familias.etapa.III.catalanista_de_izquierda.pct,0.02306033362781271,pct,V2,CALC,palabras de «Catalanista de izquierda» / palabras sin Presidencia de la etapa III,2026-09-23,"2,3 %",cortes
familias.etapa.III.centro.filas.pct,0.0020554984583761563,pct,V2,CALC,filas de «Centro» / filas sin Presidencia de la etapa III,2026-09-23,"0,2 %",cortes
familias.etapa.III.centro.pct,0.0008438133347191186,pct,V2,CALC,palabras de «Centro» / palabras sin Presidencia de la etapa III,2026-09-23,"0,1 %",cortes
familias.etapa.III.comunista.filas.pct,0.016786570743405275,pct,V2,CALC,filas de «Comunista» / filas sin Presidencia de la etapa III,2026-09-23,"1,7 %",cortes
familias.etapa.III.comunista.pct,0.024184768487242114,pct,V2,CALC,palabras de «Comunista» / palabras sin Presidencia de la etapa III,2026-09-23,"2,4 %",cortes
familias.etapa.III.conservadores.filas.pct,0.22576224734498115,pct,V2,CALC,filas de «Conservadores» / filas sin Presidencia de la etapa III,2026-09-23,"22,6 %",cortes
familias.etapa.III.conservadores.pct,0.2609150080548771,pct,V2,CALC,palabras de «Conservadores» / palabras sin Presidencia de la etapa III,2026-09-23,"26,1 %",cortes
familias.etapa.III.den,1539440,n,V2,C,palabras V2 sin la Presidencia de la etapa III,2026-09-23,1.539.440,cortes
familias.etapa.III.den_filas,2919,n,V2,C,filas V2 sin la Presidencia de la etapa III,2026-09-23,2.919,cortes
familias.etapa.III.derecha_autoritaria.filas.pct,0.06509078451524494,pct,V2,CALC,filas de «Derecha autoritaria» / filas sin Presidencia de la etapa III,2026-09-23,"6,5 %",cortes
familias.etapa.III.derecha_autoritaria.pct,0.07441861975783402,pct,V2,CALC,palabras de «Derecha autoritaria» / palabras sin Presidencia de la etapa III,2026-09-23,"7,4 %",cortes
familias.etapa.III.fascista.filas.pct,0.002398081534772182,pct,V2,CALC,filas de «Fascista» / filas sin Presidencia de la etapa III,2026-09-23,"0,2 %",cortes
familias.etapa.III.fascista.pct,0.003425921114171387,pct,V2,CALC,palabras de «Fascista» / palabras sin Presidencia de la etapa III,2026-09-23,"0,3 %",cortes
familias.etapa.III.galleguista.filas.pct,0.006851661527920521,pct,V2,CALC,filas de «Galleguista» / filas sin Presidencia de la etapa III,2026-09-23,"0,7 %",cortes
familias.etapa.III.galleguista.pct,0.006910954632853505,pct,V2,CALC,palabras de «Galleguista» / palabras sin Presidencia de la etapa III,2026-09-23,"0,7 %",cortes
familias.etapa.III.independiente.filas.pct,0.0013703323055841042,pct,V2,CALC,filas de «Independiente» / filas sin Presidencia de la etapa III,2026-09-23,"0,1 %",cortes
familias.etapa.III.independiente.pct,6.30099256872629e-05,pct,V2,CALC,palabras de «Independiente» / palabras sin Presidencia de la etapa III,2026-09-23,"0,0 %",cortes
familias.etapa.III.liberales.filas.pct,0.05173004453579993,pct,V2,CALC,filas de «Liberales» / filas sin Presidencia de la etapa III,2026-09-23,"5,2 %",cortes
familias.etapa.III.liberales.pct,0.06948435794834486,pct,V2,CALC,palabras de «Liberales» / palabras sin Presidencia de la etapa III,2026-09-23,"6,9 %",cortes
familias.etapa.III.nacionalista_vasco.filas.pct,0.0020554984583761563,pct,V2,CALC,filas de «Nacionalista Vasco» / filas sin Presidencia de la etapa III,2026-09-23,"0,2 %",cortes
familias.etapa.III.nacionalista_vasco.pct,0.00040729096294756537,pct,V2,CALC,palabras de «Nacionalista Vasco» / palabras sin Presidencia de la etapa III,2026-09-23,"0,0 %",cortes
familias.etapa.III.primera,Republicanos,texto,V2,C,familia con más palabras sin Presidencia en la etapa III,2026-09-23,Republicanos,cortes
familias.etapa.III.republicanos.filas.pct,0.3460089071599863,pct,V2,CALC,filas de «Republicanos» / filas sin Presidencia de la etapa III,2026-09-23,"34,6 %",cortes
familias.etapa.III.republicanos.pct,0.28429169048485164,pct,V2,CALC,palabras de «Republicanos» / palabras sin Presidencia de la etapa III,2026-09-23,"28,4 %",cortes
familias.etapa.III.sin_identificar.filas.pct,0.0051387461459403904,pct,V2,CALC,filas de «Sin identificar» / filas sin Presidencia de la etapa III,2026-09-23,"0,5 %",cortes
familias.etapa.III.sin_identificar.pct,0.002224185418074105,pct,V2,CALC,palabras de «Sin identificar» / palabras sin Presidencia de la etapa III,2026-09-23,"0,2 %",cortes
familias.etapa.III.socialista.filas.pct,0.13600548132922233,pct,V2,CALC,filas de «Socialista» / filas sin Presidencia de la etapa III,2026-09-23,"13,6 %",cortes
familias.etapa.III.socialista.pct,0.11522566647612119,pct,V2,CALC,palabras de «Socialista» / palabras sin Presidencia de la etapa III,2026-09-23,"11,5 %",cortes
familias.etapa.IV.anarcosindicalista.filas.pct,0.056,pct,V2,CALC,filas de «Anarcosindicalista» / filas sin Presidencia de la etapa IV,2026-09-23,"5,6 %",cortes
familias.etapa.IV.anarcosindicalista.pct,0.06800385687190735,pct,V2,CALC,palabras de «Anarcosindicalista» / palabras sin Presidencia de la etapa IV,2026-09-23,"6,8 %",cortes
familias.etapa.IV.catalanista_de_izquierda.filas.pct,0.216,pct,V2,CALC,filas de «Catalanista de izquierda» / filas sin Presidencia de la etapa IV,2026-09-23,"21,6 %",cortes
familias.etapa.IV.catalanista_de_izquierda.pct,0.10781228477277302,pct,V2,CALC,palabras de «Catalanista de izquierda» / palabras sin Presidencia de la etapa IV,2026-09-23,"10,8 %",cortes
familias.etapa.IV.comunista.filas.pct,0.056,pct,V2,CALC,filas de «Comunista» / filas sin Presidencia de la etapa IV,2026-09-23,"5,6 %",cortes
familias.etapa.IV.comunista.pct,0.11804782944997193,pct,V2,CALC,palabras de «Comunista» / palabras sin Presidencia de la etapa IV,2026-09-23,"11,8 %",cortes
familias.etapa.IV.den,94377,n,V2,C,palabras V2 sin la Presidencia de la etapa IV,2026-09-23,94.377,cortes
familias.etapa.IV.den_filas,125,n,V2,C,filas V2 sin la Presidencia de la etapa IV,2026-09-23,125,cortes
familias.etapa.IV.independiente.filas.pct,0.04,pct,V2,CALC,filas de «Independiente» / filas sin Presidencia de la etapa IV,2026-09-23,"4,0 %",cortes
familias.etapa.IV.independiente.pct,0.014346715831187684,pct,V2,CALC,palabras de «Independiente» / palabras sin Presidencia de la etapa IV,2026-09-23,"1,4 %",cortes
familias.etapa.IV.liberales.filas.pct,0.024,pct,V2,CALC,filas de «Liberales» / filas sin Presidencia de la etapa IV,2026-09-23,"2,4 %",cortes
familias.etapa.IV.liberales.pct,0.02608686438433093,pct,V2,CALC,palabras de «Liberales» / palabras sin Presidencia de la etapa IV,2026-09-23,"2,6 %",cortes
familias.etapa.IV.nacionalista_vasco.filas.pct,0.056,pct,V2,CALC,filas de «Nacionalista Vasco» / filas sin Presidencia de la etapa IV,2026-09-23,"5,6 %",cortes
familias.etapa.IV.nacionalista_vasco.pct,0.08475581974421734,pct,V2,CALC,palabras de «Nacionalista Vasco» / palabras sin Presidencia de la etapa IV,2026-09-23,"8,5 %",cortes
familias.etapa.IV.primera,Socialista,texto,V2,C,familia con más palabras sin Presidencia en la etapa IV,2026-09-23,Socialista,cortes
familias.etapa.IV.republicanos.filas.pct,0.28,pct,V2,CALC,filas de «Republicanos» / filas sin Presidencia de la etapa IV,2026-09-23,"28,0 %",cortes
familias.etapa.IV.republicanos.pct,0.16657660235014887,pct,V2,CALC,palabras de «Republicanos» / palabras sin Presidencia de la etapa IV,2026-09-23,"16,7 %",cortes
familias.etapa.IV.socialista.filas.pct,0.272,pct,V2,CALC,filas de «Socialista» / filas sin Presidencia de la etapa IV,2026-09-23,"27,2 %",cortes
familias.etapa.IV.socialista.pct,0.4143700265954629,pct,V2,CALC,palabras de «Socialista» / palabras sin Presidencia de la etapa IV,2026-09-23,"41,4 %",cortes
familias.etapa.V.catalanista_de_izquierda.filas.pct,0.02912621359223301,pct,V2,CALC,filas de «Catalanista de izquierda» / filas sin Presidencia de la etapa V,2026-09-23,"2,9 %",cortes
familias.etapa.V.catalanista_de_izquierda.pct,0.023339953504841963,pct,V2,CALC,palabras de «Catalanista de izquierda» / palabras sin Presidencia de la etapa V,2026-09-23,"2,3 %",cortes
familias.etapa.V.centro.filas.pct,0.038834951456310676,pct,V2,CALC,filas de «Centro» / filas sin Presidencia de la etapa V,2026-09-23,"3,9 %",cortes
familias.etapa.V.centro.pct,0.006096716087016766,pct,V2,CALC,palabras de «Centro» / palabras sin Presidencia de la etapa V,2026-09-23,"0,6 %",cortes
familias.etapa.V.comunista.filas.pct,0.009708737864077669,pct,V2,CALC,filas de «Comunista» / filas sin Presidencia de la etapa V,2026-09-23,"1,0 %",cortes
familias.etapa.V.comunista.pct,0.034609640817206286,pct,V2,CALC,palabras de «Comunista» / palabras sin Presidencia de la etapa V,2026-09-23,"3,5 %",cortes
familias.etapa.V.den,64953,n,V2,C,palabras V2 sin la Presidencia de la etapa V,2026-09-23,64.953,cortes
familias.etapa.V.den_filas,103,n,V2,C,filas V2 sin la Presidencia de la etapa V,2026-09-23,103,cortes
familias.etapa.V.galleguista.filas.pct,0.05825242718446602,pct,V2,CALC,filas de «Galleguista» / filas sin Presidencia de la etapa V,2026-09-23,"5,8 %",cortes
familias.etapa.V.galleguista.pct,0.04815789878835466,pct,V2,CALC,palabras de «Galleguista» / palabras sin Presidencia de la etapa V,2026-09-23,"4,8 %",cortes
familias.etapa.V.nacionalista_gallego.filas.pct,0.009708737864077669,pct,V2,CALC,filas de «Nacionalista Gallego» / filas sin Presidencia de la etapa V,2026-09-23,"1,0 %",cortes
familias.etapa.V.nacionalista_gallego.pct,0.018382522747217217,pct,V2,CALC,palabras de «Nacionalista Gallego» / palabras sin Presidencia de la etapa V,2026-09-23,"1,8 %",cortes
familias.etapa.V.nacionalista_vasco.filas.pct,0.04854368932038835,pct,V2,CALC,filas de «Nacionalista Vasco» / filas sin Presidencia de la etapa V,2026-09-23,"4,9 %",cortes
familias.etapa.V.nacionalista_vasco.pct,0.06624790232937662,pct,V2,CALC,palabras de «Nacionalista Vasco» / palabras sin Presidencia de la etapa V,2026-09-23,"6,6 %",cortes
familias.etapa.V.primera,Republicanos,texto,V2,C,familia con más palabras sin Presidencia en la etapa V,2026-09-23,Republicanos,cortes
familias.etapa.V.republicanos.filas.pct,0.46601941747572817,pct,V2,CALC,filas de «Republicanos» / filas sin Presidencia de la etapa V,2026-09-23,"46,6 %",cortes
familias.etapa.V.republicanos.pct,0.45925515372654074,pct,V2,CALC,palabras de «Republicanos» / palabras sin Presidencia de la etapa V,2026-09-23,"45,9 %",cortes
familias.etapa.V.socialista.filas.pct,0.33980582524271846,pct,V2,CALC,filas de «Socialista» / filas sin Presidencia de la etapa V,2026-09-23,"34,0 %",cortes
familias.etapa.V.socialista.pct,0.34391021199944577,pct,V2,CALC,palabras de «Socialista» / palabras sin Presidencia de la etapa V,2026-09-23,"34,4 %",cortes
familias.liberal.filas,15364,n,V2,C,"filas con party_family = ""Liberal""",2026-09-23,15.364,metodo
familias.umbral.pct,0.01,pct,V2,R,"regla del plan (F09): en el gráfico, las familias por debajo de este umbral se agrupan en «Otras»; la tabla las da todas",2026-09-23,1 %,cortes
familias.v3,24,n,v3,C,"valores distintos de party_family normalizada, sin «Sin identificar»",2026-09-23,24,datos
familias.vacias,151,n,V2,C,filas con party_family vacía,2026-09-23,151,datos
fechas.filas,894,n,V2,C,filas con otra date o legislature entre la V1 (MD5 0a9adafe…) y la V2,2026-09-23,894,datos
fechas.filas.legislatura,91,n,V2,C,"filas con otra legislature entre la V1 y la V2 (todas de la sesión 77, 1931-1933 → 1933-1935)",2026-09-23,91,datos
fechas.sesiones,7,n,V2,C,sesiones con la fecha cambiada entre la V1 y la V2 (= changelog),2026-09-23,7,datos
fila.1936.acta_solemne.v3,116860,id,v3,L,fila de 1936-05-12 con «ocupó la silla de la Presidencia el Vicepresidente en funcio»; solo en la v3 (fila del sumario o del acta),2026-09-23,116860,cortes
fila.1936.actas_fin.V2,102250,id,V2,L,fila de 1936-04-03 con «la Cámara ha decidido sobre la totalidad de las actas presen»; fragmento comprobado letra a letra en cada exportación,2026-09-23,102250,cortes
fila.1936.actas_fin.v3,115551,id,v3,L,fila de 1936-04-03 con «la Cámara ha decidido sobre la totalidad de las actas presen»; misma fila en la v3,2026-09-23,115551,cortes
fila.1936.articulo_81.V2,102249,id,V2,L,fila de 1936-04-03 con «el primer acto de las nuevas Cortes será examinar y resolver»; fragmento comprobado letra a letra en cada exportación,2026-09-23,102249,cortes
fila.1936.articulo_81.v3,115549,id,v3,L,fila de 1936-04-03 con «el primer acto de las nuevas Cortes será examinar y resolver»; misma fila en la v3,2026-09-23,115549,cortes
fila.1936.calvo_pide.V2,104406,id,V2,L,fila de 1936-06-03 con «no constarán en el Diario de Sesiones»; fragmento comprobado letra a letra en cada exportación,2026-09-23,104406,cortes
fila.1936.calvo_pide.v3,118058,id,v3,L,fila de 1936-06-03 con «no constarán en el Diario de Sesiones»; misma fila en la v3,2026-09-23,118058,cortes
fila.1936.cierre_10julio.V2,107065,id,V2,L,fila de 1936-07-10 con «Orden del día para el martes»; fragmento comprobado letra a letra en cada exportación,2026-09-23,107065,cortes
fila.1936.cierre_10julio.v3,121108,id,v3,L,fila de 1936-07-10 con «Orden del día para el martes»; misma fila en la v3,2026-09-23,121108,cortes
fila.1936.convocatoria.v3,114890,id,v3,L,fila de 1936-03-17 con «Las elecciones generales para Diputados a Cortes se celebrar»; solo en la v3 (fila del sumario o del acta),2026-09-23,114890,cortes
fila.1936.crisis.V2,103383,id,V2,L,fila de 1936-05-12 con «Encontrándose el Gobierno en crisis se suspenden las sesione»; fragmento comprobado letra a letra en cada exportación,2026-09-23,103383,cortes
fila.1936.crisis.v3,116863,id,v3,L,fila de 1936-05-12 con «Encontrándose el Gobierno en crisis se suspenden las sesione»; misma fila en la v3,2026-09-23,116863,cortes
fila.1936.descansando.V2,102365,id,V2,L,fila de 1936-04-07 con «se hallaba descansando»; fragmento comprobado letra a letra en cada exportación,2026-09-23,102365,cortes
fila.1936.descansando.v3,115686,id,v3,L,fila de 1936-04-07 con «se hallaba descansando»; misma fila en la v3,2026-09-23,115686,cortes
fila.1936.galarza.V2,106289,id,V2,L,fila de 1936-07-01 con «no se consigna por orden del Sr. Presidente»; fragmento comprobado letra a letra en cada exportación,2026-09-23,106289,cortes
fila.1936.galarza.v3,120221,id,v3,L,fila de 1936-07-01 con «no se consigna por orden del Sr. Presidente»; misma fila en la v3,2026-09-23,120221,cortes
fila.1936.incitacion.V2,102483,id,V2,L,fila de 1936-04-15 con «Se acaba de hacer una incitación al asesinato»; fragmento comprobado letra a letra en cada exportación,2026-09-23,102483,cortes
fila.1936.incitacion.v3,115827,id,v3,L,fila de 1936-04-15 con «Se acaba de hacer una incitación al asesinato»; misma fila en la v3,2026-09-23,115827,cortes
fila.1936.junta_viva.v3,114890,id,v3,L,"fila de 1936-03-17 con «solicitó de la Presidencia un viva a la República, negándose»; solo en la v3 (fila del sumario o del acta)",2026-09-23,114890,cortes
fila.1936.no_constara_6mayo.V2,103251,id,V2,L,fila de 1936-05-06 con «No constará en el Diario de Sesiones»; fragmento comprobado letra a letra en cada exportación,2026-09-23,103251,cortes
fila.1936.no_constara_6mayo.v3,116698,id,v3,L,fila de 1936-05-06 con «No constará en el Diario de Sesiones»; misma fila en la v3,2026-09-23,116698,cortes
fila.1936.no_constaran_15abril.V2,102484,id,V2,L,fila de 1936-04-15 con «Esas palabras no constarán en el Diario de Sesiones»; fragmento comprobado letra a letra en cada exportación,2026-09-23,102484,cortes
fila.1936.no_constaran_15abril.v3,115828,id,v3,L,fila de 1936-04-15 con «Esas palabras no constarán en el Diario de Sesiones»; misma fila en la v3,2026-09-23,115828,cortes
fila.1936.no_constaran_1julio.V2,106290,id,V2,L,fila de 1936-07-01 con «no constarán en el Diario de Sesiones»; fragmento comprobado letra a letra en cada exportación,2026-09-23,106290,cortes
fila.1936.no_constaran_1julio.v3,120222,id,v3,L,fila de 1936-07-01 con «no constarán en el Diario de Sesiones»; misma fila en la v3,2026-09-23,120222,cortes
fila.1936.no_se_consignan_16junio.V2,105324,id,V2,L,fila de 1936-06-16 con «no se consignan por orden»; fragmento comprobado letra a letra en cada exportación,2026-09-23,105324,cortes
fila.1936.no_se_consignan_16junio.v3,119098,id,v3,L,fila de 1936-06-16 con «no se consignan por orden»; misma fila en la v3,2026-09-23,119098,cortes
fila.1936.no_se_consignan_6mayo.V2,103182,id,V2,L,fila de 1936-05-06 con «no se consignan por orden»; fragmento comprobado letra a letra en cada exportación,2026-09-23,103182,cortes
fila.1936.no_se_consignan_6mayo.v3,116626,id,v3,L,fila de 1936-05-06 con «no se consignan por orden»; misma fila en la v3,2026-09-23,116626,cortes
fila.1936.pasa_a_ser.V2,102368,id,V2,L,fila de 1936-04-07 con «pasa a ser Presidente de la República»; fragmento comprobado letra a letra en cada exportación,2026-09-23,102368,cortes
fila.1936.pasa_a_ser.v3,115690,id,v3,L,fila de 1936-04-07 con «pasa a ser Presidente de la República»; misma fila en la v3,2026-09-23,115690,cortes
fila.1936.presidente_interino.V2,101701,id,V2,L,fila de 1936-03-16 con «Queda proclamado Presidente interino del Congreso D. Diego M»; fragmento comprobado letra a letra en cada exportación,2026-09-23,101701,cortes
fila.1936.presidente_interino.v3,114881,id,v3,L,fila de 1936-03-16 con «Queda proclamado Presidente interino del Congreso D. Diego M»; misma fila en la v3,2026-09-23,114881,cortes
fila.1936.prieto_7abril.V2,102323,id,V2,L,"fila de 1936-04-07 con «Señores Diputados, son más sagrados los deberes cuanto más p»; fragmento comprobado letra a letra en cada exportación",2026-09-23,102323,cortes
fila.1936.prieto_7abril.v3,115638,id,v3,L,"fila de 1936-04-07 con «Señores Diputados, son más sagrados los deberes cuanto más p»; misma fila en la v3",2026-09-23,115638,cortes
fila.1936.propuesta_81.V2,102247,id,V2,L,"fila de 1936-04-03 con «procede, con arreglo a lo dispuesto en el art. 81 de la Cons»; fragmento comprobado letra a letra en cada exportación",2026-09-23,102247,cortes
fila.1936.propuesta_81.v3,115547,id,v3,L,"fila de 1936-04-03 con «procede, con arreglo a lo dispuesto en el art. 81 de la Cons»; misma fila en la v3",2026-09-23,115547,cortes
fila.1936.propuesta_destitucion.V2,102304,id,V2,L,fila de 1936-04-07 con «no era necesario el decreto de disolución de Cortes de 7 de »; fragmento comprobado letra a letra en cada exportación,2026-09-23,102304,cortes
fila.1936.propuesta_destitucion.v3,115618,id,v3,L,fila de 1936-04-07 con «no era necesario el decreto de disolución de Cortes de 7 de »; misma fila en la v3,2026-09-23,115618,cortes
fila.1936.retirada.V2,101915,id,V2,L,"fila de 1936-03-31 con «dejamos en vuestras manos, señores de la mayoría, la suerte »; fragmento comprobado letra a letra en cada exportación",2026-09-23,101915,cortes
fila.1936.retirada.v3,115160,id,v3,L,"fila de 1936-03-31 con «dejamos en vuestras manos, señores de la mayoría, la suerte »; misma fila en la v3",2026-09-23,115160,cortes
fila.1936.retirada_ct.V2,101931,id,V2,L,fila de 1936-03-31 con «una retirada del Parlamento»; fragmento comprobado letra a letra en cada exportación,2026-09-23,101931,cortes
fila.1936.retirada_ct.v3,115177,id,v3,L,fila de 1936-03-31 con «una retirada del Parlamento»; misma fila en la v3,2026-09-23,115177,cortes
fila.1936.retirada_re.V2,101921,id,V2,L,fila de 1936-03-31 con «la retirada de este salón»; fragmento comprobado letra a letra en cada exportación,2026-09-23,101921,cortes
fila.1936.retirada_re.v3,115167,id,v3,L,fila de 1936-03-31 con «la retirada de este salón»; misma fila en la v3,2026-09-23,115167,cortes
fila.1936.sedicioso.V2,107066,id,V2,L,fila de 1936-10-01 con «ese movimiento sedicioso»; fragmento comprobado letra a letra en cada exportación,2026-09-23,107066,cortes
fila.1936.sedicioso.v3,121111,id,v3,L,fila de 1936-10-01 con «ese movimiento sedicioso»; misma fila en la v3,2026-09-23,121111,cortes
fila.1936.solemne.V2,103342,id,V2,L,fila de 1936-05-08 con «para que el Presidente electo preste la promesa»; fragmento comprobado letra a letra en cada exportación,2026-09-23,103342,cortes
fila.1936.solemne.v3,116810,id,v3,L,fila de 1936-05-08 con «para que el Presidente electo preste la promesa»; misma fila en la v3,2026-09-23,116810,cortes
fila.1936.viva_cierre.V2,101705,id,V2,L,fila de 1936-03-16 con «¡Viva la República! ¡Viva España!»; fragmento comprobado letra a letra en cada exportación,2026-09-23,101705,cortes
fila.1936.viva_cierre.v3,114888,id,v3,L,fila de 1936-03-16 con «¡Viva la República! ¡Viva España!»; misma fila en la v3,2026-09-23,114888,cortes
fila.1936.voto_3abril.V2,102287,id,V2,L,fila de 1936-04-03 con «quedó aprobada la proposición por 181 votos contra 88»; fragmento comprobado letra a letra en cada exportación,2026-09-23,102287,cortes
fila.1936.voto_3abril.v3,115595,id,v3,L,fila de 1936-04-03 con «quedó aprobada la proposición por 181 votos contra 88»; misma fila en la v3,2026-09-23,115595,cortes
fila.1936.voto_destitucion.V2,102358,id,V2,L,fila de 1936-04-07 con «El Reglamento dispone que se haga nominalmente»; fragmento comprobado letra a letra en cada exportación,2026-09-23,102358,cortes
fila.1936.voto_destitucion.v3,115674,id,v3,L,fila de 1936-04-07 con «El Reglamento dispone que se haga nominalmente»; misma fila en la v3,2026-09-23,115674,cortes
fila.I.agraria.V2,37177,id,V2,L,fila de 1932-09-09 (sesión 233) con «votaron en pro del proyecto de Reforma agraria 318 Sres. Dip»; fragmento comprobado letra a letra en cada exportación,2026-09-23,37177,cortes
fila.I.agraria.v3,41627,id,v3,L,fila de 1932-09-09 (sesión 233) con «votaron en pro del proyecto de Reforma agraria 318 Sres. Dip»; misma fila en la v3,2026-09-23,41627,cortes
fila.I.alcala_resigna.V2,2,id,V2,L,fila de 1931-07-14 (sesión 1) con «resignar sus Poderes en fecha próxima»; fragmento comprobado letra a letra en cada exportación,2026-09-23,2,cortes
fila.I.alcala_resigna.palabras,3715,n,V2,L,nwords de la fila V2 2 (igual en la v3 3),2026-09-23,3.715,cortes
fila.I.alcala_resigna.v3,3,id,v3,L,fila de 1931-07-14 (sesión 1) con «resignar sus Poderes en fecha próxima»; misma fila en la v3,2026-09-23,3,cortes
fila.I.art24.V2,6994,id,V2,L,fila de 1931-10-13 (sesión 55) con «quedó aprobado el artículo 24 por 178 votos contra 59»; fragmento comprobado letra a letra en cada exportación,2026-09-23,6994,cortes
fila.I.art24.v3,7800,id,v3,L,fila de 1931-10-13 (sesión 55) con «quedó aprobado el artículo 24 por 178 votos contra 59»; misma fila en la v3,2026-09-23,7800,cortes
fila.I.asua_proyecto.V2,2725,id,V2,L,fila de 1931-08-27 (sesión 28) con «es una Constitución de izquierda»; fragmento comprobado letra a letra en cada exportación,2026-09-23,2725,cortes
fila.I.asua_proyecto.palabras,5188,n,V2,L,nwords de la fila V2 2725 (igual en la v3 3006),2026-09-23,5.188,cortes
fila.I.asua_proyecto.v3,3006,id,v3,L,fila de 1931-08-27 (sesión 28) con «es una Constitución de izquierda»; misma fila en la v3,2026-09-23,3006,cortes
fila.I.azana_1933.V2,61237,id,V2,L,fila de 1933-10-02 (sesión 404) con «a ninguno de vosotros se os ocultará»; fragmento comprobado letra a letra en cada exportación,2026-09-23,61237,cortes
fila.I.azana_1933.palabras,12127,n,V2,L,nwords de la fila V2 61237 (igual en la v3 68809),2026-09-23,12.127,cortes
fila.I.azana_1933.v3,68809,id,v3,L,fila de 1933-10-02 (sesión 404) con «a ninguno de vosotros se os ocultará»; misma fila en la v3,2026-09-23,68809,cortes
fila.I.azana_baja.V2,7022,id,V2,L,fila de 1931-10-14 (sesión 56) con «la sensible baja que nos ha forzado hoy a este cambio minist»; fragmento comprobado letra a letra en cada exportación,2026-09-23,7022,cortes
fila.I.azana_baja.v3,7833,id,v3,L,fila de 1931-10-14 (sesión 56) con «la sensible baja que nos ha forzado hoy a este cambio minist»; misma fila en la v3,2026-09-23,7833,cortes
fila.I.besteiro_elegido.V2,5,id,V2,L,"fila de 1931-07-14 (sesión 1) con «D. Julián Besteiro, 363»; fragmento comprobado letra a letra en cada exportación",2026-09-23,5,cortes
fila.I.besteiro_elegido.v3,9,id,v3,L,"fila de 1931-07-14 (sesión 1) con «D. Julián Besteiro, 363»; misma fila en la v3",2026-09-23,9,cortes
fila.I.besteiro_ovacion.V2,10,id,V2,L,fila de 1931-07-14 (sesión 1); fragmento comprobado letra a letra en cada exportación,2026-09-23,10,cortes
fila.I.besteiro_ovacion.v3,18,id,v3,L,fila de 1931-07-14 (sesión 1); misma fila en la v3,2026-09-23,18,cortes
fila.I.bucle9.V2,976,id,V2,L,"fila de 1931-07-27 (sesión 9) con «Sánchez Guerra, Ossorio y Gallardo, Sánchez Guerra»; fragmento comprobado letra a letra en cada exportación",2026-09-23,976,cortes
fila.I.bucle9.v3,1081,id,v3,L,"fila de 1931-07-27 (sesión 9) con «Sánchez Guerra, Ossorio y Gallardo, Sánchez Guerra»; misma fila en la v3",2026-09-23,1081,cortes
fila.I.campalans.V2,25529,id,V2,L,fila de 1932-05-13 (sesión 165) con «después de hacerlo el ilustre maestro de todos»; fragmento comprobado letra a letra en cada exportación,2026-09-23,25529,cortes
fila.I.campalans.v3,28502,id,v3,L,fila de 1932-05-13 (sesión 165) con «después de hacerlo el ilustre maestro de todos»; misma fila en la v3,2026-09-23,28502,cortes
fila.I.centro_gravedad.V2,20689,id,V2,L,fila de 1932-03-09 (sesión 132) con «El centro de gravedad de la política de la República español»; fragmento comprobado letra a letra en cada exportación,2026-09-23,20689,cortes
fila.I.centro_gravedad.v3,23023,id,v3,L,fila de 1932-03-09 (sesión 132) con «El centro de gravedad de la política de la República español»; misma fila en la v3,2026-09-23,23023,cortes
fila.I.conllevar.V2,25527,id,V2,L,"fila de 1932-05-13 (sesión 165) con «es un problema que no se puede resolver, que sólo se puede c»; fragmento comprobado letra a letra en cada exportación",2026-09-23,25527,cortes
fila.I.conllevar.v3,28500,id,v3,L,"fila de 1932-05-13 (sesión 165) con «es un problema que no se puede resolver, que sólo se puede c»; misma fila en la v3",2026-09-23,28500,cortes
fila.I.constitucion.V2,13531,id,V2,L,fila de 1931-12-09 (sesión 88) con «Han tomado parte en la votación 368 señores Diputados y este»; fragmento comprobado letra a letra en cada exportación,2026-09-23,13531,cortes
fila.I.constitucion.v3,15043,id,v3,L,fila de 1931-12-09 (sesión 88) con «Han tomado parte en la votación 368 señores Diputados y este»; misma fila en la v3,2026-09-23,15043,cortes
fila.I.estatuto_presidencia.V2,25979,id,V2,L,fila de 1932-05-27 (sesión 173); fragmento comprobado letra a letra en cada exportación,2026-09-23,25979,cortes
fila.I.estatuto_presidencia.v3,29042,id,v3,L,fila de 1932-05-27 (sesión 173); misma fila en la v3,2026-09-23,29042,cortes
fila.I.estatuto_voto.V2,37178,id,V2,L,"fila de 1932-09-09 (sesión 233) con «Total, 314.»; fragmento comprobado letra a letra en cada exportación",2026-09-23,37178,cortes
fila.I.estatuto_voto.v3,41629,id,v3,L,"fila de 1932-09-09 (sesión 233) con «Total, 314.»; misma fila en la v3",2026-09-23,41629,cortes
fila.I.gobierno_se_retira.V2,61309,id,V2,L,fila de 1933-10-03 (sesión 405) con «el Gobierno se retira»; fragmento comprobado letra a letra en cada exportación,2026-09-23,61309,cortes
fila.I.gobierno_se_retira.v3,68887,id,v3,L,fila de 1933-10-03 (sesión 405) con «el Gobierno se retira»; misma fila en la v3,2026-09-23,68887,cortes
fila.I.lerroux_gobierno.V2,61223,id,V2,L,fila de 1933-10-02 (sesión 404) con «el mejor acto de acatamiento»; fragmento comprobado letra a letra en cada exportación,2026-09-23,61223,cortes
fila.I.lerroux_gobierno.v3,68793,id,v3,L,fila de 1933-10-02 (sesión 404) con «el mejor acto de acatamiento»; misma fila en la v3,2026-09-23,68793,cortes
fila.I.mesa_edad.V2,1,id,V2,L,fila de 1931-07-14 (sesión 1) con «Abrese la sesión»; fragmento comprobado letra a letra en cada exportación,2026-09-23,1,cortes
fila.I.mesa_edad.v3,2,id,v3,L,fila de 1931-07-14 (sesión 1) con «Abrese la sesión»; misma fila en la v3,2026-09-23,2,cortes
fila.I.presidente_republica.V2,13613,id,V2,L,fila de 1931-12-10 (sesión 89) con «D. Niceto Alcalá-Zamora queda elegido Presidente de la Repúb»; fragmento comprobado letra a letra en cada exportación,2026-09-23,13613,cortes
fila.I.presidente_republica.v3,15140,id,v3,L,fila de 1931-12-10 (sesión 89) con «D. Niceto Alcalá-Zamora queda elegido Presidente de la Repúb»; misma fila en la v3,2026-09-23,15140,cortes
fila.I.sanjurjo.V2,32910,id,V2,L,fila de 1932-08-10 (sesión 215) con «los sucesos acaecidos esta madrugada en Madrid»; fragmento comprobado letra a letra en cada exportación,2026-09-23,32910,cortes
fila.I.sanjurjo.v3,36780,id,v3,L,fila de 1932-08-10 (sesión 215) con «los sucesos acaecidos esta madrugada en Madrid»; misma fila en la v3,2026-09-23,36780,cortes
fila.I.suspenden.V2,61355,id,V2,L,"fila de 1933-10-03 (sesión 405) con «En vista de la declaración del Gobierno, se suspenden las se»; fragmento comprobado letra a letra en cada exportación",2026-09-23,61355,cortes
fila.I.suspenden.v3,68942,id,v3,L,"fila de 1933-10-03 (sesión 405) con «En vista de la declaración del Gobierno, se suspenden las se»; misma fila en la v3",2026-09-23,68942,cortes
fila.I.van_a_morir.V2,61277,id,V2,L,"fila de 1933-10-03 (sesión 405) con «Señores Diputados, los que van a morir os saludan.»; fragmento comprobado letra a letra en cada exportación",2026-09-23,61277,cortes
fila.I.van_a_morir.v3,68855,id,v3,L,"fila de 1933-10-03 (sesión 405) con «Señores Diputados, los que van a morir os saludan.»; misma fila en la v3",2026-09-23,68855,cortes
fila.I.voto_187.V2,61320,id,V2,L,fila de 1933-10-03 (sesión 405) con «fue aprobada la proposición por 187 votos contra 91»; fragmento comprobado letra a letra en cada exportación,2026-09-23,61320,cortes
fila.I.voto_187.v3,68900,id,v3,L,fila de 1933-10-03 (sesión 405) con «fue aprobada la proposición por 187 votos contra 91»; misma fila en la v3,2026-09-23,68900,cortes
fila.II.alba_interino.V2,61358,id,V2,L,"fila de 1933-12-08 (sesión 1) con «D. Santiago Alba Bonifaz, 234»; fragmento comprobado letra a letra en cada exportación",2026-09-23,61358,cortes
fila.II.alba_interino.v3,68949,id,v3,L,"fila de 1933-12-08 (sesión 1) con «D. Santiago Alba Bonifaz, 234»; misma fila en la v3",2026-09-23,68949,cortes
fila.II.alba_proclamado.V2,62053,id,V2,L,fila de 1933-12-28 (sesión 12) con «Queda proclamado Presidente de la Cámara D. Santiago Alba Bo»; fragmento comprobado letra a letra en cada exportación,2026-09-23,62053,cortes
fila.II.alba_proclamado.v3,69744,id,v3,L,fila de 1933-12-28 (sesión 12) con «Queda proclamado Presidente de la Cámara D. Santiago Alba Bo»; misma fila en la v3,2026-09-23,69744,cortes
fila.II.alba_reglamento.V2,71331,id,V2,L,fila de 1934-06-08 (sesión 96) con «no he visto quién ha interrumpido»; fragmento comprobado letra a letra en cada exportación,2026-09-23,71331,cortes
fila.II.alba_reglamento.v3,80307,id,v3,L,fila de 1934-06-08 (sesión 96) con «no he visto quién ha interrumpido»; misma fila en la v3,2026-09-23,80307,cortes
fila.II.amnistia_voto.V2,68299,id,V2,L,"fila de 1934-04-20 (sesión 72) con «quedó aprobado el artículo y con él el dictamen, por 265 vot»; fragmento comprobado letra a letra en cada exportación",2026-09-23,68299,cortes
fila.II.amnistia_voto.v3,76829,id,v3,L,"fila de 1934-04-20 (sesión 72) con «quedó aprobado el artículo y con él el dictamen, por 265 vot»; misma fila en la v3",2026-09-23,76829,cortes
fila.II.asturias.V2,74673,id,V2,L,fila de 1934-10-09 (sesión 114) con «nuestros compañeros Diputados por Asturias»; fragmento comprobado letra a letra en cada exportación,2026-09-23,74673,cortes
fila.II.asturias.v3,84113,id,v3,L,fila de 1934-10-09 (sesión 114) con «nuestros compañeros Diputados por Asturias»; misma fila en la v3,2026-09-23,84113,cortes
fila.II.azana_1935.V2,85330,id,V2,L,fila de 1935-03-20 (sesión 173) con «un presunto acusado y culpable»; fragmento comprobado letra a letra en cada exportación,2026-09-23,85330,cortes
fila.II.azana_1935.palabras,14131,n,V2,L,nwords de la fila V2 85330 (igual en la v3 96282),2026-09-23,14.131,cortes
fila.II.azana_1935.v3,96282,id,v3,L,fila de 1935-03-20 (sesión 173) con «un presunto acusado y culpable»; misma fila en la v3,2026-09-23,96282,cortes
fila.II.cuatro_julio.V2,74646,id,V2,L,fila de 1934-10-01 (sesión 113) con «dijerase que acaba de transcurrir la noche del 4 de Julio en»; fragmento comprobado letra a letra en cada exportación,2026-09-23,74646,cortes
fila.II.cuatro_julio.v3,84075,id,v3,L,fila de 1934-10-01 (sesión 113) con «dijerase que acaba de transcurrir la noche del 4 de Julio en»; misma fila en la v3,2026-09-23,84075,cortes
fila.II.ese_camino.V2,74648,id,V2,L,fila de 1934-10-01 (sesión 113) con «ha puesto de relieve que no es posible seguir por ese camino»; fragmento comprobado letra a letra en cada exportación,2026-09-23,74648,cortes
fila.II.ese_camino.v3,84079,id,v3,L,fila de 1934-10-01 (sesión 113) con «ha puesto de relieve que no es posible seguir por ese camino»; misma fila en la v3,2026-09-23,84079,cortes
fila.II.esquerra.V2,71609,id,V2,L,"fila de 1934-06-12 (sesión 97) con «esta minoría catalana, integrada por la Esquerra, federales »; fragmento comprobado letra a letra en cada exportación",2026-09-23,71609,cortes
fila.II.esquerra.v3,80615,id,v3,L,"fila de 1934-06-12 (sesión 97) con «esta minoría catalana, integrada por la Esquerra, federales »; misma fila en la v3",2026-09-23,80615,cortes
fila.II.gil_robles_fraccion.V2,61598,id,V2,L,fila de 1933-12-19 (sesión 6) con «la fracción numéricamente más importante de la Cámara»; fragmento comprobado letra a letra en cada exportación,2026-09-23,61598,cortes
fila.II.gil_robles_fraccion.v3,69230,id,v3,L,fila de 1933-12-19 (sesión 6) con «la fracción numéricamente más importante de la Cámara»; misma fila en la v3,2026-09-23,69230,cortes
fila.II.huelga.V2,74669,id,V2,L,"fila de 1934-10-09 (sesión 114) con «hasta completar la pacificación y el imperio de la Ley, inte»; fragmento comprobado letra a letra en cada exportación",2026-09-23,74669,cortes
fila.II.huelga.v3,84109,id,v3,L,"fila de 1934-10-09 (sesión 114) con «hasta completar la pacificación y el imperio de la Ley, inte»; misma fila en la v3",2026-09-23,84109,cortes
fila.II.inicuo.V2,68270,id,V2,L,fila de 1934-04-20 (sesión 72) con «¿Por qué es inicuo el acto que van a realizar las Cortes al »; fragmento comprobado letra a letra en cada exportación,2026-09-23,68270,cortes
fila.II.inicuo.v3,76798,id,v3,L,fila de 1934-04-20 (sesión 72) con «¿Por qué es inicuo el acto que van a realizar las Cortes al »; misma fila en la v3,2026-09-23,76798,cortes
fila.II.lerroux_declaracion.V2,61596,id,V2,L,fila de 1933-12-19 (sesión 6) con «cumplimos el grato deber de comparecer a vuestra presencia»; fragmento comprobado letra a letra en cada exportación,2026-09-23,61596,cortes
fila.II.lerroux_declaracion.v3,69228,id,v3,L,fila de 1933-12-19 (sesión 6) con «cumplimos el grato deber de comparecer a vuestra presencia»; misma fila en la v3,2026-09-23,69228,cortes
fila.II.luz.V2,71330,id,V2,L,fila de 1934-06-08 (sesión 96) con «Luz y taquigrafos.»; fragmento comprobado letra a letra en cada exportación,2026-09-23,71330,cortes
fila.II.luz.v3,80306,id,v3,L,fila de 1934-06-08 (sesión 96) con «Luz y taquigrafos.»; misma fila en la v3,2026-09-23,80306,cortes
fila.II.nombela.V2,101450,id,V2,L,fila de 1935-12-07 (sesión 275) con «denuncia del Sr. Nombela»; fragmento comprobado letra a letra en cada exportación,2026-09-23,101450,cortes
fila.II.nombela.v3,114599,id,v3,L,fila de 1935-12-07 (sesión 275) con «denuncia del Sr. Nombela»; misma fila en la v3,2026-09-23,114599,cortes
fila.II.nuevo_aviso.V2,101697,id,V2,L,fila de 1935-12-10 (sesión 276) con «las sesiones hasta nuevo aviso»; fragmento comprobado letra a letra en cada exportación,2026-09-23,101697,cortes
fila.II.nuevo_aviso.v3,114872,id,v3,L,fila de 1935-12-10 (sesión 276) con «las sesiones hasta nuevo aviso»; misma fila en la v3,2026-09-23,114872,cortes
fila.II.riesgo.V2,61356,id,V2,L,fila de 1933-12-08 (sesión 1) con «Abrese la sesión»; fragmento comprobado letra a letra en cada exportación,2026-09-23,61356,cortes
fila.II.riesgo.v3,68945,id,v3,L,fila de 1933-12-08 (sesión 1) con «Abrese la sesión»; misma fila en la v3,2026-09-23,68945,cortes
fila.II.salazar.V2,97391,id,V2,L,fila de 1935-10-28 (sesión 250) con «vengo apesadumbrado por una grave acusación»; fragmento comprobado letra a letra en cada exportación,2026-09-23,97391,cortes
fila.II.salazar.v3,110044,id,v3,L,fila de 1935-10-28 (sesión 250) con «vengo apesadumbrado por una grave acusación»; misma fila en la v3,2026-09-23,110044,cortes
fila.II.samper.V2,68466,id,V2,L,fila de 1934-05-02 (sesión 75); fragmento comprobado letra a letra en cada exportación,2026-09-23,68466,cortes
fila.II.samper.v3,77029,id,v3,L,fila de 1934-05-02 (sesión 75); misma fila en la v3,2026-09-23,77029,cortes
fila.II.se_retiran.V2,71611,id,V2,L,fila de 1934-06-12 (sesión 97) con «¿por qué se retiran los Sres. Diputados de la Esquerra catal»; fragmento comprobado letra a letra en cada exportación,2026-09-23,71611,cortes
fila.II.se_retiran.v3,80617,id,v3,L,fila de 1934-06-12 (sesión 97) con «¿por qué se retiran los Sres. Diputados de la Esquerra catal»; misma fila en la v3,2026-09-23,80617,cortes
fila.II.sesion_secreta.V2,71329,id,V2,L,fila de 1934-06-08 (sesión 96) con «han de tratarse en sesión secreta»; fragmento comprobado letra a letra en cada exportación,2026-09-23,71329,cortes
fila.II.sesion_secreta.v3,80305,id,v3,L,fila de 1934-06-08 (sesión 96) con «han de tratarse en sesión secreta»; misma fila en la v3,2026-09-23,80305,cortes
fila.II.straperlo.V2,97387,id,V2,L,fila de 1935-10-28 (sesión 250) con «aparato de juego de salón que ha motivado todo este asunto»; fragmento comprobado letra a letra en cada exportación,2026-09-23,97387,cortes
fila.II.straperlo.v3,110040,id,v3,L,fila de 1935-10-28 (sesión 250) con «aparato de juego de salón que ha motivado todo este asunto»; misma fila en la v3,2026-09-23,110040,cortes
fila.II.tiros.V2,70714,id,V2,L,"fila de 1934-05-31 (sesión 91) con «Casas Viejas! Casas Viejas! Tiros a la barriga, a la barriga»; fragmento comprobado letra a letra en cada exportación",2026-09-23,70714,cortes
fila.II.tiros.v3,79606,id,v3,L,"fila de 1934-05-31 (sesión 91) con «Casas Viejas! Casas Viejas! Tiros a la barriga, a la barriga»; misma fila en la v3",2026-09-23,79606,cortes
fila.II.vascos.V2,71613,id,V2,L,fila de 1934-06-12 (sesión 97) con «La minoría vasca se retira del salón»; fragmento comprobado letra a letra en cada exportación,2026-09-23,71613,cortes
fila.II.vascos.v3,80619,id,v3,L,fila de 1934-06-12 (sesión 97) con «La minoría vasca se retira del salón»; misma fila en la v3,2026-09-23,80619,cortes
fila.II.vivas.V2,74703,id,V2,L,fila de 1934-10-09 (sesión 114) con «son contestados con unánimes aplausos y aclamaciones»; fragmento comprobado letra a letra en cada exportación,2026-09-23,74703,cortes
fila.II.vivas.v3,84145,id,v3,L,fila de 1934-10-09 (sesión 114) con «son contestados con unánimes aplausos y aclamaciones»; misma fila en la v3,2026-09-23,84145,cortes
fila.azana1935.id.V2,85330,id,V2,C,"id de la fila V2 (1935-03-20, El Sr. AZANA:)",2026-09-23,85330,metodo
fila.azana1935.nwords,14131,n,V2,C,nwords de la fila V2 85330 (= v3 96282),2026-09-23,14.131,metodo
fila.bucle9.id.V2,976,id,V2,C,fila del bucle de la sesión 9 (1931-07-27),2026-09-23,976,metodo
fila.campoamor.id.V2,5424,id,V2,L,id V2 de la fila del 1931-10-01 «Yo ruego a la Cámara que me escuche en s»,2026-09-23,5424,cortes
fila.campoamor.id.v3,6079,id,v3,L,id v3 de la misma fila (mismo texto),2026-09-23,6079,cortes
fila.campoamor.nwords,1460,n,V2,L,nwords de la fila V2 5424,2026-09-23,1.460,cortes
fila.campoamor.orden.V2,26,id,V2,C,order de la fila V2 5424,2026-09-23,26,metodo
fila.campoamor.orden.pantalla,30,id,explorador,C,«Orden 30 de 415» en el lector del explorador (captura c_lector_campoamor_1440): ord + 1,2026-09-23,30,metodo
fila.campoamor.orden.v3,29,id,v3,C,ord de la fila v3 6079,2026-09-23,29,metodo
fila.estatuto.id.V2,25979,id,V2,C,"id de la fila V2 (1932-05-27, El Sr. PRESIDENTE:)",2026-09-23,25979,metodo
fila.estatuto.id.v3,29042,id,v3,C,turno rescatado de Azaña (27-V-1932) en la v3,2026-09-23,29042,metodo
fila.estatuto.nwords.v3,17142,n,v3,C,nwords de la fila v3 29042,2026-09-23,17.142,metodo
fila.guerra.aclamacion.V2,107088,id,V2,L,fila de 1936-10-01 con «por aclamación quedó aprobada la proposición»; fragmento comprobado letra a letra en cada exportación,2026-09-23,107088,cortes
fila.guerra.aclamacion.v3,121135,id,v3,L,fila de 1936-10-01 con «por aclamación quedó aprobada la proposición»; misma fila en la v3,2026-09-23,121135,cortes
fila.guerra.albornoz.V2,107197,id,V2,L,"fila de 1937-10-02 con «Pero si el Parlamento no es eso, no será nada»; fragmento comprobado letra a letra en cada exportación",2026-09-23,107197,cortes
fila.guerra.albornoz.v3,121279,id,v3,L,"fila de 1937-10-02 con «Pero si el Parlamento no es eso, no será nada»; misma fila en la v3",2026-09-23,121279,cortes
fila.guerra.ayuntamiento.V2,107116,id,V2,L,fila de 1936-12-01 con «Palacio del Ayuntamiento de Valencia»; fragmento comprobado letra a letra en cada exportación,2026-09-23,107116,cortes
fila.guerra.ayuntamiento.v3,121170,id,v3,L,fila de 1936-12-01 con «Palacio del Ayuntamiento de Valencia»; misma fila en la v3,2026-09-23,121170,cortes
fila.guerra.castillo.V2,107337,id,V2,L,"fila de 1939-02-01 con «Castillo de Figueras, a primero de Febrero»; fragmento comprobado letra a letra en cada exportación",2026-09-23,107337,cortes
fila.guerra.castillo.v3,121459,id,v3,L,"fila de 1939-02-01 con «Castillo de Figueras, a primero de Febrero»; misma fila en la v3",2026-09-23,121459,cortes
fila.guerra.ciertas_cosas.V2,107196,id,V2,L,fila de 1937-10-02 con «de ciertas cosas no se puede hablar en la Cámara»; fragmento comprobado letra a letra en cada exportación,2026-09-23,107196,cortes
fila.guerra.ciertas_cosas.v3,121278,id,v3,L,fila de 1937-10-02 con «de ciertas cosas no se puede hablar en la Cámara»; misma fila en la v3,2026-09-23,121278,cortes
fila.guerra.estatuto_vasco.V2,107091,id,V2,L,fila de 1936-10-01 con «De Estatuto del País Vasco»; fragmento comprobado letra a letra en cada exportación,2026-09-23,107091,cortes
fila.guerra.estatuto_vasco.v3,121140,id,v3,L,fila de 1936-10-01 con «De Estatuto del País Vasco»; misma fila en la v3,2026-09-23,121140,cortes
fila.guerra.fotocopia.V2,107341,id,V2,L,fila de 1939-02-01 con «se ha podido obtener fotocopia del ejemplar del Extracto de »; fragmento comprobado letra a letra en cada exportación,2026-09-23,107341,cortes
fila.guerra.fotocopia.v3,121465,id,v3,L,fila de 1939-02-01 con «se ha podido obtener fotocopia del ejemplar del Extracto de »; misma fila en la v3,2026-09-23,121465,cortes
fila.guerra.hora.v3,121446,id,v3,L,fila de 1939-02-01 con «Abierta la sesión a las veintidos horas treinta minutos»; solo en la v3 (fila del sumario o del acta),2026-09-23,121446,cortes
fila.guerra.largo_1oct.V2,107068,id,V2,L,"fila de 1936-10-01 con «Sres. Diputados, vosotros, que me conocéis, sabéis lo parco »; fragmento comprobado letra a letra en cada exportación",2026-09-23,107068,cortes
fila.guerra.largo_1oct.v3,121113,id,v3,L,"fila de 1936-10-01 con «Sres. Diputados, vosotros, que me conocéis, sabéis lo parco »; misma fila en la v3",2026-09-23,121113,cortes
fila.guerra.lonja.V2,107148,id,V2,L,fila de 1937-10-01 con «congregarnos en la histórica Lonja»; fragmento comprobado letra a letra en cada exportación,2026-09-23,107148,cortes
fila.guerra.lonja.v3,121219,id,v3,L,fila de 1937-10-01 con «congregarnos en la histórica Lonja»; misma fila en la v3,2026-09-23,121219,cortes
fila.guerra.madrid.V2,107114,id,V2,L,fila de 1936-12-01 con «nos reunimos en Madrid»; fragmento comprobado letra a letra en cada exportación,2026-09-23,107114,cortes
fila.guerra.madrid.v3,121167,id,v3,L,fila de 1936-12-01 con «nos reunimos en Madrid»; misma fila en la v3,2026-09-23,121167,cortes
fila.guerra.monserrat_fecha.V2,107248,id,V2,L,"fila de 1938-02-01 con «Monserrat, 1 de Febrero de 1938»; fragmento comprobado letra a letra en cada exportación",2026-09-23,107248,cortes
fila.guerra.monserrat_fecha.v3,121345,id,v3,L,"fila de 1938-02-01 con «Monserrat, 1 de Febrero de 1938»; misma fila en la v3",2026-09-23,121345,cortes
fila.guerra.montserrat.V2,107276,id,V2,L,fila de 1938-09-30 con «las Cortes de Montserrat»; fragmento comprobado letra a letra en cada exportación,2026-09-23,107276,cortes
fila.guerra.montserrat.v3,121384,id,v3,L,fila de 1938-09-30 con «las Cortes de Montserrat»; misma fila en la v3,2026-09-23,121384,cortes
fila.guerra.negrin_1feb1938.V2,107232,id,V2,L,fila de 1938-02-01 con «Los crimenes de los fraciosos»; fragmento comprobado letra a letra en cada exportación,2026-09-23,107232,cortes
fila.guerra.negrin_1feb1938.v3,121328,id,v3,L,fila de 1938-02-01 con «Los crimenes de los fraciosos»; misma fila en la v3,2026-09-23,121328,cortes
fila.guerra.negrin_1oct1937.V2,107148,id,V2,L,"fila de 1937-10-01 con «Señores Diputados, en cumplimiento de un precepto constituci»; fragmento comprobado letra a letra en cada exportación",2026-09-23,107148,cortes
fila.guerra.negrin_1oct1937.v3,121219,id,v3,L,"fila de 1937-10-01 con «Señores Diputados, en cumplimiento de un precepto constituci»; misma fila en la v3",2026-09-23,121219,cortes
fila.guerra.negrin_figueres.V2,107326,id,V2,L,"fila de 1939-02-01 con «Señores Diputados, se reúne hoy la Cámara en un severo ambie»; fragmento comprobado letra a letra en cada exportación",2026-09-23,107326,cortes
fila.guerra.negrin_figueres.v3,121447,id,v3,L,"fila de 1939-02-01 con «Señores Diputados, se reúne hoy la Cámara en un severo ambie»; misma fila en la v3",2026-09-23,121447,cortes
fila.guerra.no_existe.v3,121110,id,v3,L,fila de 1936-10-01 con «NO EXISTE DATO ALGUNO»; solo en la v3 (fila del sumario o del acta),2026-09-23,121110,cortes
fila.guerra.nota_volumen.v3,121110,id,v3,L,fila de 1936-10-01 con «CON POSTERIORIDAD AL 18 DE JULIO»; solo en la v3 (fila del sumario o del acta),2026-09-23,121110,cortes
fila.guerra.palacio_congreso.V2,107093,id,V2,L,"fila de 1936-10-01 con «Palacio del Congreso, 1.° de Octubre de 1936»; fragmento comprobado letra a letra en cada exportación",2026-09-23,107093,cortes
fila.guerra.palacio_congreso.v3,121143,id,v3,L,"fila de 1936-10-01 con «Palacio del Congreso, 1.° de Octubre de 1936»; misma fila en la v3",2026-09-23,121143,cortes
fila.guerra.paris.V2,107341,id,V2,L,"fila de 1939-02-01 con «las cuatro de la Diputación Permanente, celebradas en París»; fragmento comprobado letra a letra en cada exportación",2026-09-23,107341,cortes
fila.guerra.paris.v3,121465,id,v3,L,"fila de 1939-02-01 con «las cuatro de la Diputación Permanente, celebradas en París»; misma fila en la v3",2026-09-23,121465,cortes
fila.guerra.pestana_brigadas.V2,107193,id,V2,L,"fila de 1937-10-02 con «Hay brigadas, en sitios de peligro»; fragmento comprobado letra a letra en cada exportación",2026-09-23,107193,cortes
fila.guerra.pestana_brigadas.v3,121275,id,v3,L,"fila de 1937-10-02 con «Hay brigadas, en sitios de peligro»; misma fila en la v3",2026-09-23,121275,cortes
fila.guerra.reservas.V2,107288,id,V2,L,"fila de 1938-09-30 con «El Gobierno no acepta, ni admite votos de confianza condicio»; fragmento comprobado letra a letra en cada exportación",2026-09-23,107288,cortes
fila.guerra.reservas.v3,121397,id,v3,L,"fila de 1938-09-30 con «El Gobierno no acepta, ni admite votos de confianza condicio»; misma fila en la v3",2026-09-23,121397,cortes
fila.guerra.sabadell.V2,107319,id,V2,L,"fila de 1938-10-01 con «Sabadell, 1.° de Octubre de 1939»; fragmento comprobado letra a letra en cada exportación",2026-09-23,107319,cortes
fila.guerra.sabadell.v3,121437,id,v3,L,"fila de 1938-10-01 con «Sabadell, 1.° de Octubre de 1939»; misma fila en la v3",2026-09-23,121437,cortes
fila.guerra.san_cugat.V2,107303,id,V2,L,fila de 1938-09-30 con «del antiguo monasterio de San Cugat del Vallés»; fragmento comprobado letra a letra en cada exportación,2026-09-23,107303,cortes
fila.guerra.san_cugat.v3,121412,id,v3,L,fila de 1938-09-30 con «del antiguo monasterio de San Cugat del Vallés»; misma fila en la v3,2026-09-23,121412,cortes
fila.guerra.sesenta_y_dos.V2,107341,id,V2,L,fila de 1939-02-01 con «Han votado afirmativamente los sesenta y dos señores Diputad»; fragmento comprobado letra a letra en cada exportación,2026-09-23,107341,cortes
fila.guerra.sesenta_y_dos.v3,121464,id,v3,L,fila de 1939-02-01 con «Han votado afirmativamente los sesenta y dos señores Diputad»; misma fila en la v3,2026-09-23,121464,cortes
fila.guerra.valencia.V2,107095,id,V2,L,fila de 1936-12-01 con «al pueblo de Valencia»; fragmento comprobado letra a letra en cada exportación,2026-09-23,107095,cortes
fila.guerra.valencia.v3,121147,id,v3,L,fila de 1936-12-01 con «al pueblo de Valencia»; misma fila en la v3,2026-09-23,121147,cortes
fila.guerra.votacion_nominal_1939.V2,107340,id,V2,L,fila de 1939-02-01 con «Se va a votar nominalmente la proposición presentada»; fragmento comprobado letra a letra en cada exportación,2026-09-23,107340,cortes
fila.guerra.votacion_nominal_1939.v3,121462,id,v3,L,fila de 1939-02-01 con «Se va a votar nominalmente la proposición presentada»; misma fila en la v3,2026-09-23,121462,cortes
fila.guerra.voto_convalidacion.V2,107312,id,V2,L,fila de 1938-10-01 con «por 168 votos en pro y ninguno en contra»; fragmento comprobado letra a letra en cada exportación,2026-09-23,107312,cortes
fila.guerra.voto_convalidacion.v3,121427,id,v3,L,fila de 1938-10-01 con «por 168 votos en pro y ninguno en contra»; misma fila en la v3,2026-09-23,121427,cortes
fila.lista.nwords,233,n,V2,C,nwords de la fila V2 5453,2026-09-23,233,metodo
fila.lista.split,522,n,V2,C,len(speech.split()) de la fila V2 5453,2026-09-23,522,datos
fila.luz.id.V2,71330,id,V2,L,id V2 de la fila del 1934-06-08 «Luz y taquigrafos.»,2026-09-23,71330,cortes
fila.luz.id.v3,80306,id,v3,L,id v3 de la misma fila (mismo texto),2026-09-23,80306,cortes
fila.luz.nwords,3,n,V2,L,nwords de la fila V2 71330,2026-09-23,3,cortes
fila.mexico.accede.V2,107543,id,V2,L,fila de 1945-11-09 con «La Minoría Socialista accede muy gustosamente»; fragmento comprobado letra a letra en cada exportación,2026-09-23,107543,cortes
fila.mexico.accede.v3,121691,id,v3,L,fila de 1945-11-09 con «La Minoría Socialista accede muy gustosamente»; misma fila en la v3,2026-09-23,121691,cortes
fila.mexico.aclamacion.V2,107425,id,V2,L,fila de 1945-11-07 con «es aprobada por aclamación la propuesta leida»; fragmento comprobado letra a letra en cada exportación,2026-09-23,107425,cortes
fila.mexico.aclamacion.v3,121560,id,v3,L,fila de 1945-11-07 con «es aprobada por aclamación la propuesta leida»; misma fila en la v3,2026-09-23,121560,cortes
fila.mexico.comision_estatuto.V2,107466,id,V2,L,fila de 1945-11-09 con «una Comisión especial para dictamar sobre el Estatuto autónó»; fragmento comprobado letra a letra en cada exportación,2026-09-23,107466,cortes
fila.mexico.comision_estatuto.v3,121614,id,v3,L,fila de 1945-11-09 con «una Comisión especial para dictamar sobre el Estatuto autónó»; misma fila en la v3,2026-09-23,121614,cortes
fila.mexico.costa_amic.v3,121466,id,v3,L,fila de 1945-01-10 con «México D.F.: B. Costa i Amic»; solo en la v3 (fila del sumario o del acta),2026-09-23,121466,cortes
fila.mexico.dimision_azana.v3,121466,id,v3,L,fila de 1945-01-10 con «Darse por enterada de la dimisión del Excelentísimo señor Pr»; solo en la v3 (fila del sumario o del acta),2026-09-23,121466,cortes
fila.mexico.dp_sin_textos.v3,121466,id,v3,L,fila de 1945-01-10 con «no se dispone de los textos ni en forma de fotocopia»; solo en la v3 (fila del sumario o del acta),2026-09-23,121466,cortes
fila.mexico.exequias.V2,107344,id,V2,L,fila de 1945-01-10 con «celebrábamos las exequias temporales de la República Español»; fragmento comprobado letra a letra en cada exportación,2026-09-23,107344,cortes
fila.mexico.exequias.v3,121470,id,v3,L,fila de 1945-01-10 con «celebrábamos las exequias temporales de la República Español»; misma fila en la v3,2026-09-23,121470,cortes
fila.mexico.fallecidos.V2,107342,id,V2,L,fila de 1945-01-10 con «relación de señores diputados fallecidos desde julio de 1936»; fragmento comprobado letra a letra en cada exportación,2026-09-23,107342,cortes
fila.mexico.fallecidos.v3,121467,id,v3,L,fila de 1945-01-10 con «relación de señores diputados fallecidos desde julio de 1936»; misma fila en la v3,2026-09-23,121467,cortes
fila.mexico.fuerza_mayor.V2,107429,id,V2,L,fila de 1945-11-07 con «las circunstancias que impiden con carácter de fuerza mayor »; fragmento comprobado letra a letra en cada exportación,2026-09-23,107429,cortes
fila.mexico.fuerza_mayor.v3,121567,id,v3,L,fila de 1945-11-07 con «las circunstancias que impiden con carácter de fuerza mayor »; misma fila en la v3,2026-09-23,121567,cortes
fila.mexico.giral.V2,107375,id,V2,L,fila de 1945-11-07 con «el primer Gobierno de la República que ha sido posible instr»; fragmento comprobado letra a letra en cada exportación,2026-09-23,107375,cortes
fila.mexico.giral.v3,121507,id,v3,L,fila de 1945-11-07 con «el primer Gobierno de la República que ha sido posible instr»; misma fila en la v3,2026-09-23,121507,cortes
fila.mexico.gracias_mexico.V2,107551,id,V2,L,"fila de 1945-11-09 con «agradecer emocionadamente a México, a su Gobierno, a su Pren»; fragmento comprobado letra a letra en cada exportación",2026-09-23,107551,cortes
fila.mexico.gracias_mexico.v3,121699,id,v3,L,"fila de 1945-11-09 con «agradecer emocionadamente a México, a su Gobierno, a su Pren»; misma fila en la v3",2026-09-23,121699,cortes
fila.mexico.lamoneda.V2,107402,id,V2,L,"fila de 1945-11-07 con «No otorgaremos, pues, la confianza al Gobierno»; fragmento comprobado letra a letra en cada exportación",2026-09-23,107402,cortes
fila.mexico.lamoneda.v3,121535,id,v3,L,"fila de 1945-11-07 con «No otorgaremos, pues, la confianza al Gobierno»; misma fila en la v3",2026-09-23,121535,cortes
fila.mexico.orden_promesa.V2,107371,id,V2,L,"fila de 1945-08-17 con «Promesa del Excmo. señor don Diego Martínez Barrio, Presiden»; fragmento comprobado letra a letra en cada exportación",2026-09-23,107371,cortes
fila.mexico.orden_promesa.v3,121500,id,v3,L,"fila de 1945-08-17 con «Promesa del Excmo. señor don Diego Martínez Barrio, Presiden»; misma fila en la v3",2026-09-23,121500,cortes
fila.mexico.prieto_8nov.V2,107446,id,V2,L,fila de 1945-11-08 con «En nombre de la Minoria a que pertenezco»; fragmento comprobado letra a letra en cada exportación,2026-09-23,107446,cortes
fila.mexico.prieto_8nov.v3,121586,id,v3,L,fila de 1945-11-08 con «En nombre de la Minoria a que pertenezco»; misma fila en la v3,2026-09-23,121586,cortes
fila.mexico.prieto_8nov_b.v3,121588,id,v3,L,fila de 1945-11-08; solo en la v3 (fila del sumario o del acta),2026-09-23,121588,cortes
fila.mexico.relacion.v3,121466,id,v3,L,fila de 1945-01-10 con «de 2 de febrero de 1939 a 9 de enero de 1945»; solo en la v3 (fila del sumario o del acta),2026-09-23,121466,cortes
fila.mexico.santiago_chile.V2,107485,id,V2,L,fila de 1945-11-09 con «de Santiago de Chile para asistir a estas sesiones»; fragmento comprobado letra a letra en cada exportación,2026-09-23,107485,cortes
fila.mexico.santiago_chile.v3,121633,id,v3,L,fila de 1945-11-09 con «de Santiago de Chile para asistir a estas sesiones»; misma fila en la v3,2026-09-23,121633,cortes
fila.mexico.satisfaccion.V2,107540,id,V2,L,fila de 1945-11-09 con «dar esta satisfacción moral a nuestros compañeros los Diputa»; fragmento comprobado letra a letra en cada exportación,2026-09-23,107540,cortes
fila.mexico.satisfaccion.v3,121688,id,v3,L,fila de 1945-11-09 con «dar esta satisfacción moral a nuestros compañeros los Diputa»; misma fila en la v3,2026-09-23,121688,cortes
fila.mexico.si_prometo.V2,107372,id,V2,L,"fila de 1945-08-17 con «Si, prometo»; fragmento comprobado letra a letra en cada exportación",2026-09-23,107372,cortes
fila.mexico.si_prometo.v3,121502,id,v3,L,"fila de 1945-08-17 con «Si, prometo»; misma fila en la v3",2026-09-23,121502,cortes
fila.mexico.voto_8nov.V2,107442,id,V2,L,fila de 1945-11-08 con «106 votos a favor y ninguno en contra»; fragmento comprobado letra a letra en cada exportación,2026-09-23,107442,cortes
fila.mexico.voto_8nov.v3,121582,id,v3,L,fila de 1945-11-08 con «106 votos a favor y ninguno en contra»; misma fila en la v3,2026-09-23,121582,cortes
fila.mexico_caratula.v3,121466,id,v3,L,fila SUMARIO del 10-I-1945 con la carátula del volumen de México (solo v3),2026-09-23,121466,cortes
fila.presidencia.id.V2,5423,id,V2,L,id V2 de la fila del 1931-10-01 «Ruego a la Cámara que guarde silencio.»,2026-09-23,5423,cortes
fila.presidencia.id.v3,6078,id,v3,L,id v3 de la misma fila (mismo texto),2026-09-23,6078,cortes
fila.presidencia.nwords,7,n,V2,L,nwords de la fila V2 5423,2026-09-23,7,cortes
fila.presidencia.orden.V2,25,id,V2,C,order de la fila V2 5423,2026-09-23,25,metodo
fila.presidencia.orden.v3,28,id,v3,C,ord de la fila v3 6078,2026-09-23,28,metodo
fila.prieto.documentos,21638,n,v3,C,nwords de las piezas de comentario de V2 55221 (v3 61930 + 61932),2026-09-23,21.638,metodo
fila.prieto.habla,3733,n,v3,C,nwords de las piezas de habla de V2 55221 (v3 61929 + 61931),2026-09-23,3.733,metodo
fila.prieto.id.V2,55221,id,V2,C,"id de la fila V2 (1933-07-12, El Sr. Ministro de OBRAS PÚBLICAS:)",2026-09-23,55221,metodo
fila.prieto.nwords,25371,n,V2,C,nwords de la fila V2 55221 (la más larga),2026-09-23,25.371,metodo
filas.V2,107551,n,V2,C,recuento de filas de 2REP_Diaries.csv (THQCMI V2.0),2026-09-23,107.551,base
filas.con_diputado,107404,n,V2,C,filas con rep_id,2026-09-23,107.404,base
filas.con_diputado.pct,0.9986332065717659,pct,V2,CALC,filas con rep_id / filas,2026-09-23,"99,86 %",base
filas.sin_diputado,147,n,V2,C,"filas con rep_id vacío (ministros sin escaño, según el README)",2026-09-23,147,base
filas.sin_diputado.ministerio,123,n,V2,C,filas sin rep_id cuya fórmula el analizador del explorador lee como ministro (rol minister),2026-09-23,123,metodo
filas.v3,121700,n,v3,C,"count(*) de corpus.sqlite del explorador, tabla speeches",2026-09-23,121.700,base
fragmentos.fecha,2026-09-23,fecha,V2,C,fecha de la última ejecución de los dos fragmentos de Datos (exportador),2026-09-23,23 de septiembre de 2026,datos
fuente.barriga.v2.filas,1,n,V2,C,"filas V2 con «tiros a la barriga» (texto plegado, sin coma)",2026-09-23,1,diario
fuente.cita_diario.filas,1508,n,V2,C,filas V2 cuyo texto plegado contiene «diario de sesiones»,2026-09-23,1.508,diario
fuente.cita_diario.sesiones,559,n,V2,C,sesiones de esas filas,2026-09-23,559,diario
fuente.comentarios.v3,12654,n,v3,C,filas COMENTARIOS de la v3,2026-09-23,12.654,diario
fuente.facsimil.pagina,1353,id,proyecto,M,"página impresa del detalle del núm. 48 (PDF del proyecto, página 8 del archivo; en el rango de la sesión en sessions.json)",2026-09-23,1353,diario
fuente.ibarruri.V2,105336,id,V2,C,fila V2 de Dolores Ibárruri el 16-VI-1936,2026-09-23,105336,diario
fuente.no_perciben.filas,1521,n,V2,C,filas V2 cuyo texto plegado contiene «palabras que no se perciben»,2026-09-23,1.521,diario
fuente.no_perciben.filas_v3,1524,n,v3,C,FTS5 «palabras que no se perciben» en v3,2026-09-23,1.524,diario
fuente.no_perciben.sesiones,577,n,V2,C,sesiones de esas filas,2026-09-23,577,diario
fuente.paginas.den,755,n,proyecto,M,sesiones en sessions.json,2026-09-23,755,diario
fuente.paginas.total,28780,n,proyecto,M,"suma de pdf_pages (páginas de los archivos del proyecto, portadas incluidas)",2026-09-23,28.780,diario
fuente.paginas.verificadas,741,n,proyecto,M,"sesiones con page_status contiguous, verso_blank o corrected",2026-09-23,741,diario
fuente.serie.constituyentes,405,n,proyecto,M,sesiones con ese título de Diario en sessions.json,2026-09-23,405,diario
fuente.serie.cortes,336,n,proyecto,M,sesiones con ese título de Diario en sessions.json,2026-09-23,336,diario
fuente.serie.extracto_guerra,9,n,proyecto,M,sesiones con ese título de Diario en sessions.json,2026-09-23,9,diario
fuente.serie.extracto_mexico,5,n,proyecto,M,sesiones con ese título de Diario en sessions.json,2026-09-23,5,diario
fuente.series.diarios,2,n,proyecto,M,títulos que empiezan por «Diario»,2026-09-23,2,diario
fuente.series.extractos,2,n,proyecto,M,títulos que empiezan por «Extracto»,2026-09-23,2,diario
fuente.series.n,4,n,proyecto,M,títulos de Diario distintos en sessions.json,2026-09-23,4,diario
fuente.sumarios.v3,755,n,v3,C,filas SUMARIO de la v3,2026-09-23,755,diario
gobiernos.n,22,n,proyecto,C,Gobiernos distintos por fecha de sesión (sessions.json del proyecto),2026-09-23,22,base
habla.v3,108291,n,v3,C,"filas con role ∉ {summary, remark} según parse_speaker del explorador",2026-09-23,108.291,base
hueco.1939_1944.meses,70,n,V2,C,meses sin sesión entre la etapa IV y la V (1939-03 → 1944-12),2026-09-23,70,base
ideologia.c_espacio,93,n,V2,C,"filas con ideology = ""C "" (con espacio)",2026-09-23,93,datos
ideologia.ceda.C,51,n,V2,C,"filas con party = ""CEDA"" e ideology = ""C""",2026-09-23,51,metodo
ideologia.ceda.CD,255,n,V2,C,"filas con party = ""CEDA"" e ideology = ""CD""",2026-09-23,255,metodo
ideologia.ceda.D,7656,n,V2,C,"filas con party = ""CEDA"" e ideology = ""D""",2026-09-23,7.656,metodo
ideologia.etapa.I.d_ed.pct,0.06093963902355783,pct,V2,CALC,palabras con ideology D o ED / palabras sin Presidencia de la etapa I,2026-09-23,"6,1 %",cortes
ideologia.etapa.II.d_ed.pct,0.3000589713691254,pct,V2,CALC,palabras con ideology D o ED / palabras sin Presidencia de la etapa II,2026-09-23,"30,0 %",cortes
ideologia.etapa.III.d_ed.pct,0.3558911032583277,pct,V2,CALC,palabras con ideology D o ED / palabras sin Presidencia de la etapa III,2026-09-23,"35,6 %",cortes
ideologia.etapa.IV.d_ed.pct,0.0,pct,V2,CALC,palabras con ideology D o ED / palabras sin Presidencia de la etapa IV,2026-09-23,"0,0 %",cortes
ideologia.etapa.V.d_ed.pct,0.0,pct,V2,CALC,palabras con ideology D o ED / palabras sin Presidencia de la etapa V,2026-09-23,"0,0 %",cortes
ideologia.partidos_varios,5,n,V2,C,partidos con más de un código de ideology (sin el espacio final); 6 si no se quita,2026-09-23,5,datos
leg.1931-1933.diputados,417,n,V2,C,rep_id distintos con legislature = 1931-1933,2026-09-23,417,base
leg.1931-1933.filas,61355,n,V2,C,filas con legislature = 1931-1933,2026-09-23,61.355,base
leg.1931-1933.paginas,15272,n,proyecto,C,suma de pdf_pages de sus sesiones (sessions.json del proyecto; recuento de los archivos del proyecto),2026-09-23,15.272,base
leg.1931-1933.palabras,12966290,n,V2,C,suma de nwords con legislature = 1931-1933,2026-09-23,12.966.290,base
leg.1931-1933.palabras.pct,0.5328051204689567,pct,V2,CALC,palabras de la legislatura / palabras,2026-09-23,"53,28 %",base
leg.1931-1933.palabras_por_sesion,32016,n,V2,CALC,"nwords de 1931-1933 / sus sesiones, redondeado a la unidad",2026-09-23,32.016,datos
leg.1931-1933.sesiones,405,n,V2,C,claves de sesión con legislature = 1931-1933,2026-09-23,405,base
leg.1933-1935.diputados,390,n,V2,C,rep_id distintos con legislature = 1933-1935,2026-09-23,390,base
leg.1933-1935.filas,40342,n,V2,C,filas con legislature = 1933-1935,2026-09-23,40.342,base
leg.1933-1935.paginas,11177,n,proyecto,C,suma de pdf_pages de sus sesiones (sessions.json del proyecto; recuento de los archivos del proyecto),2026-09-23,11.177,base
leg.1933-1935.palabras,9476120,n,V2,C,suma de nwords con legislature = 1933-1935,2026-09-23,9.476.120,base
leg.1933-1935.palabras.pct,0.3893885805560642,pct,V2,CALC,palabras de la legislatura / palabras,2026-09-23,"38,94 %",base
leg.1933-1935.palabras_por_sesion,34334,n,V2,CALC,"nwords de 1933-1935 / sus sesiones, redondeado a la unidad",2026-09-23,34.334,datos
leg.1933-1935.sesiones,276,n,V2,C,claves de sesión con legislature = 1933-1935,2026-09-23,276,base
leg.1936-1939.diputados,253,n,V2,C,rep_id distintos con legislature = 1936-1939,2026-09-23,253,base
leg.1936-1939.filas,5854,n,V2,C,filas con legislature = 1936-1939,2026-09-23,5.854,base
leg.1936-1939.paginas,2331,n,proyecto,C,suma de pdf_pages de sus sesiones (sessions.json del proyecto; recuento de los archivos del proyecto),2026-09-23,2.331,base
leg.1936-1939.palabras,1893486,n,V2,C,suma de nwords con legislature = 1936-1939,2026-09-23,1.893.486,base
leg.1936-1939.palabras.pct,0.07780629897497918,pct,V2,CALC,palabras de la legislatura / palabras,2026-09-23,"7,78 %",base
leg.1936-1939.palabras_por_sesion,25588,n,V2,CALC,"nwords de 1936-1939 / sus sesiones, redondeado a la unidad",2026-09-23,25.588,datos
leg.1936-1939.sesiones,74,n,V2,C,claves de sesión con legislature = 1936-1939,2026-09-23,74,base
legislatura.1931-1933.palabras.pct,0.5328051204689567,pct,V2,CALC,palabras de la legislatura / palabras,2026-09-23,"53,28 %",base
legislatura.1933-1935.palabras.pct,0.3893885805560642,pct,V2,CALC,palabras de la legislatura / palabras,2026-09-23,"38,94 %",base
legislatura.1936-1939.palabras.pct,0.07780629897497918,pct,V2,CALC,palabras de la legislatura / palabras,2026-09-23,"7,78 %",base
legislaturas.V2,3,n,V2,C,valores distintos de legislature,2026-09-23,3,base
longitud.curva.corte,0.1,pct,V2,R,"punto anotado de F11 (parte de filas, de la más larga a la más corta)",2026-09-23,"10,00 %",metodo
longitud.curva.corte2,0.2,pct,V2,R,"punto anotado de F11 (parte de filas, de la más larga a la más corta)",2026-09-23,"20,00 %",metodo
longitud.curva.palabras,0.7448775668666565,pct,V2,CALC,parte de nwords en el 10 % de filas más largas (curva de F11),2026-09-23,"74,5 %",metodo
longitud.curva.palabras2,0.9037508214203414,pct,V2,CALC,parte de nwords en el 20 % de filas más largas (curva de F11),2026-09-23,"90,4 %",metodo
longitud.hasta50,71550,n,V2,C,filas con nwords ≤ 50,2026-09-23,71.550,metodo
longitud.hasta50.pct,0.6652657808853474,pct,V2,CALC,filas con nwords ≤ 50 / filas,2026-09-23,"66,53 %",metodo
longitud.hasta50.pct.v3,0.6902054231717337,pct,v3,CALC,filas de la v3 con nwords ≤ 50 / filas de la v3,2026-09-23,"69,02 %",metodo
longitud.hasta50.presidencia.pct,0.5817470300489168,pct,V2,CALC,filas de la Presidencia entre las de nwords ≤ 50,2026-09-23,"58,17 %",metodo
longitud.mas300,17362,n,V2,C,filas con nwords > 300,2026-09-23,17.362,datos
longitud.mas300.palabras.pct,0.8618288391764988,pct,V2,CALC,nwords de las filas > 300 / nwords,2026-09-23,"86,18 %",datos
longitud.mediana,14,n,V2,C,mediana de nwords,2026-09-23,14,metodo
longitud.umbral,50,n,V2,R,umbral de fila breve del sitio (límite del tramo 21–50 de F10),2026-09-23,50,metodo
longitud.umbral300,300,n,V2,R,umbral de fila larga (límite del tramo 101–300 de F10),2026-09-23,300,datos
mes.1933-02.filas,1843,n,V2,C,filas V2 del mes,2026-09-23,1.843,familia
mes.1933-02.palabras,574317,n,V2,C,palabras V2 del mes,2026-09-23,574.317,familia
mes.1933-02.sesiones,16,n,V2,C,sesiones del mes,2026-09-23,16,familia
meses.con_sesion,64,n,V2,C,meses con al menos una sesión,2026-09-23,64,base
meses.fuera_de_etapa,5,n,V2,C,meses sin sesión entre dos etapas,2026-09-23,5,base
meses.salto,70,n,V2,C,meses sin sesión entre la etapa IV y la V (1939-03 → 1944-12),2026-09-23,70,base
meses.salto.desde,1939-03,fecha,V2,CALC,primer mes del salto,2026-09-23,1 de marzo de 1939,base
meses.salto.hasta,1944-12,fecha,V2,CALC,último mes del salto,2026-09-23,1 de diciembre de 1944,base
meses.sin_sesion,109,n,V2,C,meses sin sesión,2026-09-23,109,base
meses.sin_sesion_1939_1944,70,n,V2,C,meses sin sesión entre la etapa IV y la V (1939-03 → 1944-12),2026-09-23,70,base
meses.sin_sesion_en_etapa,34,n,V2,C,meses sin sesión entre la primera y la última de una etapa,2026-09-23,34,base
meses.total,173,n,V2,C,meses de 1931-07 a 1945-11,2026-09-23,173,base
ocr.bucle9.repeticiones,6,n,V2,C,"apariciones de ""Sánchez Guerra, Ossorio y Gallardo"" en la fila V2 976",2026-09-23,6,metodo
ocr.bucles.paginas,276,n,proyecto,M,suma de ocr.loop_pages (páginas releídas por bucle),2026-09-23,276,metodo
ocr.fallidas.paginas,153,n,proyecto,M,suma de ocr.failed_pages (sessions.json),2026-09-23,153,metodo
ocr.fallidas.sesiones,131,n,proyecto,M,sesiones con ocr.failed_pages,2026-09-23,131,metodo
ocr.incidencias,2,n,proyecto,M,incidencias declaradas en sessions.json (ocr_loop · truncated_end),2026-09-23,2,metodo
ocr.recuperadas,29,n,proyecto,M,páginas en repaired_pages (TXT_OCR_REPAIRED/*.meta.json); modelo: ['glm-ocr'],2026-09-23,29,metodo
ocr.tesseract.paginas,124,n,proyecto,M,páginas en tesseract_pages (TXT_OCR_TESSERACT/*.meta.json),2026-09-23,124,metodo
ocr.tesseract.sesiones,106,n,proyecto,M,archivos con tesseract_pages,2026-09-23,106,metodo
orador.alba.palabras.V2,1024975,n,V2,C,nwords con rep_name = Santiago Alba Bonifaz (Presidencia incluida),2026-09-23,1.024.975,datos
orador.alba.perdida,0.6704485475255494,pct,v3,CALC,1 − nwords v3 / nwords V2 de Alba (337782 / 1024975),2026-09-23,"67,0 %",datos
orador.besteiro.palabras.V2,1028999,n,V2,C,nwords con rep_name = Julian Besteiro Fernandez (Presidencia incluida),2026-09-23,1.028.999,datos
orador.besteiro.perdida,0.553827554740092,pct,v3,CALC,1 − nwords v3 / nwords V2 de Besteiro (459111 / 1028999),2026-09-23,"55,4 %",datos
orador.besteiro.presidencia.V2,995577,n,V2,C,"las mismas, solo en filas de la Presidencia",2026-09-23,995.577,datos
orador.negrin.ganancia,0.26538505289500636,pct,v3,CALC,nwords v3 / nwords V2 de Negrín − 1 (55620 / 43955),2026-09-23,"26,5 %",datos
orador.prieto.sp.V2,554773,n,V2,C,nwords de Prieto sin filas de la Presidencia (primero de la V2),2026-09-23,554.773,datos
orador.royo.sp.v3,534408,n,v3,C,nwords de Royo Villanova sin Presidencia en la v3 (primero),2026-09-23,534.408,datos
oradores.diputados,772,n,v3,C,rep_id distintos con alguna fila de habla sin Presidencia (los de oradores_etapa.csv),2026-09-23,772,cortes
oradores.etapa.I.1.pal,426392,n,v3,C,palabras de habla sin Presidencia del puesto 1 de la etapa I (Manuel Azaña),2026-09-23,426.392,cortes
oradores.etapa.I.1.pct,0.03725622013177276,pct,v3,CALC,palabras del puesto 1 / palabras de habla sin Presidencia de la etapa I,2026-09-23,"3,7 %",cortes
oradores.etapa.I.1.rep_id,89,id,v3,C,rep_id del puesto 1 de la etapa I por palabras de habla sin Presidencia,2026-09-23,89,cortes
oradores.etapa.I.10.pal,136058,n,v3,C,palabras de habla sin Presidencia del puesto 10 de la etapa I (José María Lamamié de Clairac),2026-09-23,136.058,cortes
oradores.etapa.I.10.pct,0.011888137673053759,pct,v3,CALC,palabras del puesto 10 / palabras de habla sin Presidencia de la etapa I,2026-09-23,"1,2 %",cortes
oradores.etapa.I.10.rep_id,470,id,v3,C,rep_id del puesto 10 de la etapa I por palabras de habla sin Presidencia,2026-09-23,470,cortes
oradores.etapa.I.2.pal,418013,n,v3,C,palabras de habla sin Presidencia del puesto 2 de la etapa I (Antonio Royo Villanova),2026-09-23,418.013,cortes
oradores.etapa.I.2.pct,0.036524100700629294,pct,v3,CALC,palabras del puesto 2 / palabras de habla sin Presidencia de la etapa I,2026-09-23,"3,7 %",cortes
oradores.etapa.I.2.rep_id,821,id,v3,C,rep_id del puesto 2 de la etapa I por palabras de habla sin Presidencia,2026-09-23,821,cortes
oradores.etapa.I.3.pal,298318,n,v3,C,palabras de habla sin Presidencia del puesto 3 de la etapa I (Indalecio Prieto),2026-09-23,298.318,cortes
oradores.etapa.I.3.pct,0.026065688561863698,pct,v3,CALC,palabras del puesto 3 / palabras de habla sin Presidencia de la etapa I,2026-09-23,"2,6 %",cortes
oradores.etapa.I.3.rep_id,754,id,v3,C,rep_id del puesto 3 de la etapa I por palabras de habla sin Presidencia,2026-09-23,754,cortes
oradores.etapa.I.4.pal,277533,n,v3,C,palabras de habla sin Presidencia del puesto 4 de la etapa I (José Antonio Balbontín),2026-09-23,277.533,cortes
oradores.etapa.I.4.pct,0.02424958850501719,pct,v3,CALC,palabras del puesto 4 / palabras de habla sin Presidencia de la etapa I,2026-09-23,"2,4 %",cortes
oradores.etapa.I.4.rep_id,98,id,v3,C,rep_id del puesto 4 de la etapa I por palabras de habla sin Presidencia,2026-09-23,98,cortes
oradores.etapa.I.5.pal,226570,n,v3,C,palabras de habla sin Presidencia del puesto 5 de la etapa I (Eduardo Ortega y Gasset),2026-09-23,226.570,cortes
oradores.etapa.I.5.pct,0.019796670189064884,pct,v3,CALC,palabras del puesto 5 / palabras de habla sin Presidencia de la etapa I,2026-09-23,"2,0 %",cortes
oradores.etapa.I.5.rep_id,672,id,v3,C,rep_id del puesto 5 de la etapa I por palabras de habla sin Presidencia,2026-09-23,672,cortes
oradores.etapa.I.6.pal,181936,n,v3,C,palabras de habla sin Presidencia del puesto 6 de la etapa I (Rafael Guerra del Río),2026-09-23,181.936,cortes
oradores.etapa.I.6.pct,0.015896751500718138,pct,v3,CALC,palabras del puesto 6 / palabras de habla sin Presidencia de la etapa I,2026-09-23,"1,6 %",cortes
oradores.etapa.I.6.rep_id,422,id,v3,C,rep_id del puesto 6 de la etapa I por palabras de habla sin Presidencia,2026-09-23,422,cortes
oradores.etapa.I.7.pal,165862,n,v3,C,palabras de habla sin Presidencia del puesto 7 de la etapa I (Felipe Sánchez Román),2026-09-23,165.862,cortes
oradores.etapa.I.7.pct,0.014492277489953126,pct,v3,CALC,palabras del puesto 7 / palabras de habla sin Presidencia de la etapa I,2026-09-23,"1,4 %",cortes
oradores.etapa.I.7.rep_id,874,id,v3,C,rep_id del puesto 7 de la etapa I por palabras de habla sin Presidencia,2026-09-23,874,cortes
oradores.etapa.I.8.pal,149448,n,v3,C,palabras de habla sin Presidencia del puesto 8 de la etapa I (Santiago Casares Quiroga),2026-09-23,149.448,cortes
oradores.etapa.I.8.pct,0.013058095804454998,pct,v3,CALC,palabras del puesto 8 / palabras de habla sin Presidencia de la etapa I,2026-09-23,"1,3 %",cortes
oradores.etapa.I.8.rep_id,209,id,v3,C,rep_id del puesto 8 de la etapa I por palabras de habla sin Presidencia,2026-09-23,209,cortes
oradores.etapa.I.9.pal,147082,n,v3,C,palabras de habla sin Presidencia del puesto 9 de la etapa I (Cándido Casanueva),2026-09-23,147.082,cortes
oradores.etapa.I.9.pct,0.01285136533851808,pct,v3,CALC,palabras del puesto 9 / palabras de habla sin Presidencia de la etapa I,2026-09-23,"1,3 %",cortes
oradores.etapa.I.9.rep_id,208,id,v3,C,rep_id del puesto 9 de la etapa I por palabras de habla sin Presidencia,2026-09-23,208,cortes
oradores.etapa.I.den,11444854,n,v3,C,"palabras de filas de habla v3 (role ∉ {summary, remark}) con chair = false (motor del explorador) de la etapa I (incluidas las filas sin diputado)",2026-09-23,11.444.854,cortes
oradores.etapa.I.diez.pct,0.21207889589504594,pct,v3,CALC,palabras de los diez primeros / palabras de habla sin Presidencia de la etapa I,2026-09-23,21 %,cortes
oradores.etapa.I.diputados,416,n,v3,C,rep_id distintos con alguna fila de habla sin Presidencia en la etapa I,2026-09-23,416,cortes
oradores.etapa.I.filas,34528,n,v3,C,"filas de habla v3 (role ∉ {summary, remark}) con chair = false (motor del explorador) de la etapa I",2026-09-23,34.528,cortes
oradores.etapa.II.1.pal,233136,n,v3,C,palabras de habla sin Presidencia del puesto 1 de la etapa II (Augusto Barcia),2026-09-23,233.136,cortes
oradores.etapa.II.1.pct,0.02872421349575758,pct,v3,CALC,palabras del puesto 1 / palabras de habla sin Presidencia de la etapa II,2026-09-23,"2,9 %",cortes
oradores.etapa.II.1.rep_id,103,id,v3,C,rep_id del puesto 1 de la etapa II por palabras de habla sin Presidencia,2026-09-23,103,cortes
oradores.etapa.II.10.pal,116395,n,v3,C,palabras de habla sin Presidencia del puesto 10 de la etapa II (Antonio Royo Villanova),2026-09-23,116.395,cortes
oradores.etapa.II.10.pct,0.014340791768919016,pct,v3,CALC,palabras del puesto 10 / palabras de habla sin Presidencia de la etapa II,2026-09-23,"1,4 %",cortes
oradores.etapa.II.10.rep_id,821,id,v3,C,rep_id del puesto 10 de la etapa II por palabras de habla sin Presidencia,2026-09-23,821,cortes
oradores.etapa.II.2.pal,193076,n,v3,C,palabras de habla sin Presidencia del puesto 2 de la etapa II (Indalecio Prieto),2026-09-23,193.076,cortes
oradores.etapa.II.2.pct,0.02378850218287562,pct,v3,CALC,palabras del puesto 2 / palabras de habla sin Presidencia de la etapa II,2026-09-23,"2,4 %",cortes
oradores.etapa.II.2.rep_id,754,id,v3,C,rep_id del puesto 2 de la etapa II por palabras de habla sin Presidencia,2026-09-23,754,cortes
oradores.etapa.II.3.pal,179719,n,v3,C,palabras de habla sin Presidencia del puesto 3 de la etapa II (José Calvo Sotelo),2026-09-23,179.719,cortes
oradores.etapa.II.3.pct,0.022142813316021793,pct,v3,CALC,palabras del puesto 3 / palabras de habla sin Presidencia de la etapa II,2026-09-23,"2,2 %",cortes
oradores.etapa.II.3.rep_id,170,id,v3,C,rep_id del puesto 3 de la etapa II por palabras de habla sin Presidencia,2026-09-23,170,cortes
oradores.etapa.II.4.pal,155861,n,v3,C,palabras de habla sin Presidencia del puesto 4 de la etapa II (Joaquín Chapaprieta),2026-09-23,155.861,cortes
oradores.etapa.II.4.pct,0.01920331754710672,pct,v3,CALC,palabras del puesto 4 / palabras de habla sin Presidencia de la etapa II,2026-09-23,"1,9 %",cortes
oradores.etapa.II.4.rep_id,229,id,v3,C,rep_id del puesto 4 de la etapa II por palabras de habla sin Presidencia,2026-09-23,229,cortes
oradores.etapa.II.5.pal,152083,n,v3,C,palabras de habla sin Presidencia del puesto 5 de la etapa II (Manuel Giménez Fernández),2026-09-23,152.083,cortes
oradores.etapa.II.5.pct,0.018737837833175914,pct,v3,CALC,palabras del puesto 5 / palabras de habla sin Presidencia de la etapa II,2026-09-23,"1,9 %",cortes
oradores.etapa.II.5.rep_id,456,id,v3,C,rep_id del puesto 5 de la etapa II por palabras de habla sin Presidencia,2026-09-23,456,cortes
oradores.etapa.II.6.pal,149467,n,v3,C,palabras de habla sin Presidencia del puesto 6 de la etapa II (Luis Rodríguez de Viguri),2026-09-23,149.467,cortes
oradores.etapa.II.6.pct,0.01841552578139111,pct,v3,CALC,palabras del puesto 6 / palabras de habla sin Presidencia de la etapa II,2026-09-23,"1,8 %",cortes
oradores.etapa.II.6.rep_id,804,id,v3,C,rep_id del puesto 6 de la etapa II por palabras de habla sin Presidencia,2026-09-23,804,cortes
oradores.etapa.II.7.pal,131217,n,v3,C,palabras de habla sin Presidencia del puesto 7 de la etapa II (José María Gil Robles),2026-09-23,131.217,cortes
oradores.etapa.II.7.pct,0.01616698031309117,pct,v3,CALC,palabras del puesto 7 / palabras de habla sin Presidencia de la etapa II,2026-09-23,"1,6 %",cortes
oradores.etapa.II.7.rep_id,380,id,v3,C,rep_id del puesto 7 de la etapa II por palabras de habla sin Presidencia,2026-09-23,380,cortes
oradores.etapa.II.8.pal,128855,n,v3,C,palabras de habla sin Presidencia del puesto 8 de la etapa II (José María Lamamié de Clairac),2026-09-23,128.855,cortes
oradores.etapa.II.8.pct,0.015875963085906265,pct,v3,CALC,palabras del puesto 8 / palabras de habla sin Presidencia de la etapa II,2026-09-23,"1,6 %",cortes
oradores.etapa.II.8.rep_id,470,id,v3,C,rep_id del puesto 8 de la etapa II por palabras de habla sin Presidencia,2026-09-23,470,cortes
oradores.etapa.II.9.pal,122385,n,v3,C,palabras de habla sin Presidencia del puesto 9 de la etapa II (Antonio Goicoechea),2026-09-23,122.385,cortes
oradores.etapa.II.9.pct,0.01507880751440486,pct,v3,CALC,palabras del puesto 9 / palabras de habla sin Presidencia de la etapa II,2026-09-23,"1,5 %",cortes
oradores.etapa.II.9.rep_id,385,id,v3,C,rep_id del puesto 9 de la etapa II por palabras de habla sin Presidencia,2026-09-23,385,cortes
oradores.etapa.II.den,8116358,n,v3,C,"palabras de filas de habla v3 (role ∉ {summary, remark}) con chair = false (motor del explorador) de la etapa II (incluidas las filas sin diputado)",2026-09-23,8.116.358,cortes
oradores.etapa.II.diez.pct,0.19247475283865004,pct,v3,CALC,palabras de los diez primeros / palabras de habla sin Presidencia de la etapa II,2026-09-23,19 %,cortes
oradores.etapa.II.diputados,390,n,v3,C,rep_id distintos con alguna fila de habla sin Presidencia en la etapa II,2026-09-23,390,cortes
oradores.etapa.II.filas,22238,n,v3,C,"filas de habla v3 (role ∉ {summary, remark}) con chair = false (motor del explorador) de la etapa II",2026-09-23,22.238,cortes
oradores.etapa.III.1.pal,67874,n,v3,C,palabras de habla sin Presidencia del puesto 1 de la etapa III (José Calvo Sotelo),2026-09-23,67.874,cortes
oradores.etapa.III.1.pct,0.04586759797564639,pct,v3,CALC,palabras del puesto 1 / palabras de habla sin Presidencia de la etapa III,2026-09-23,"4,6 %",cortes
oradores.etapa.III.1.rep_id,170,id,v3,C,rep_id del puesto 1 de la etapa III por palabras de habla sin Presidencia,2026-09-23,170,cortes
oradores.etapa.III.10.pal,28343,n,v3,C,palabras de habla sin Presidencia del puesto 10 de la etapa III (Manuel Azaña),2026-09-23,28.343,cortes
oradores.etapa.III.10.pct,0.019153509877475113,pct,v3,CALC,palabras del puesto 10 / palabras de habla sin Presidencia de la etapa III,2026-09-23,"1,9 %",cortes
oradores.etapa.III.10.rep_id,89,id,v3,C,rep_id del puesto 10 de la etapa III por palabras de habla sin Presidencia,2026-09-23,89,cortes
oradores.etapa.III.2.pal,44459,n,v3,C,palabras de habla sin Presidencia del puesto 2 de la etapa III (Manuel Giménez Fernández),2026-09-23,44.459,cortes
oradores.etapa.III.2.pct,0.030044310610826873,pct,v3,CALC,palabras del puesto 2 / palabras de habla sin Presidencia de la etapa III,2026-09-23,"3,0 %",cortes
oradores.etapa.III.2.rep_id,456,id,v3,C,rep_id del puesto 2 de la etapa III por palabras de habla sin Presidencia,2026-09-23,456,cortes
oradores.etapa.III.3.pal,44394,n,v3,C,palabras de habla sin Presidencia del puesto 3 de la etapa III (Juan Bautista Guerra),2026-09-23,44.394,cortes
oradores.etapa.III.3.pct,0.03000038519213316,pct,v3,CALC,palabras del puesto 3 / palabras de habla sin Presidencia de la etapa III,2026-09-23,"3,0 %",cortes
oradores.etapa.III.3.rep_id,423,id,v3,C,rep_id del puesto 3 de la etapa III por palabras de habla sin Presidencia,2026-09-23,423,cortes
oradores.etapa.III.4.pal,44266,n,v3,C,palabras de habla sin Presidencia del puesto 4 de la etapa III (Antonio Bermúdez Cañete),2026-09-23,44.266,cortes
oradores.etapa.III.4.pct,0.02991388590609016,pct,v3,CALC,palabras del puesto 4 / palabras de habla sin Presidencia de la etapa III,2026-09-23,"3,0 %",cortes
oradores.etapa.III.4.rep_id,130,id,v3,C,rep_id del puesto 4 de la etapa III por palabras de habla sin Presidencia,2026-09-23,130,cortes
oradores.etapa.III.5.pal,42868,n,v3,C,palabras de habla sin Presidencia del puesto 5 de la etapa III (Juan Ventosa Calvell),2026-09-23,42.868,cortes
oradores.etapa.III.5.pct,0.02896915151633924,pct,v3,CALC,palabras del puesto 5 / palabras de habla sin Presidencia de la etapa III,2026-09-23,"2,9 %",cortes
oradores.etapa.III.5.rep_id,993,id,v3,C,rep_id del puesto 5 de la etapa III por palabras de habla sin Presidencia,2026-09-23,993,cortes
oradores.etapa.III.6.pal,38313,n,v3,C,palabras de habla sin Presidencia del puesto 6 de la etapa III (Mariano Ruiz-Funes),2026-09-23,38.313,cortes
oradores.etapa.III.6.pct,0.02589099332941834,pct,v3,CALC,palabras del puesto 6 / palabras de habla sin Presidencia de la etapa III,2026-09-23,"2,6 %",cortes
oradores.etapa.III.6.rep_id,835,id,v3,C,rep_id del puesto 6 de la etapa III por palabras de habla sin Presidencia,2026-09-23,835,cortes
oradores.etapa.III.7.pal,32455,n,v3,C,palabras de habla sin Presidencia del puesto 7 de la etapa III (Luis Rodríguez de Viguri),2026-09-23,32.455,cortes
oradores.etapa.III.7.pct,0.021932299441606563,pct,v3,CALC,palabras del puesto 7 / palabras de habla sin Presidencia de la etapa III,2026-09-23,"2,2 %",cortes
oradores.etapa.III.7.rep_id,804,id,v3,C,rep_id del puesto 7 de la etapa III por palabras de habla sin Presidencia,2026-09-23,804,cortes
oradores.etapa.III.8.pal,29303,n,v3,C,palabras de habla sin Presidencia del puesto 8 de la etapa III (Rafael Guerra del Río),2026-09-23,29.303,cortes
oradores.etapa.III.8.pct,0.01980225452279763,pct,v3,CALC,palabras del puesto 8 / palabras de habla sin Presidencia de la etapa III,2026-09-23,"2,0 %",cortes
oradores.etapa.III.8.rep_id,422,id,v3,C,rep_id del puesto 8 de la etapa III por palabras de habla sin Presidencia,2026-09-23,422,cortes
oradores.etapa.III.9.pal,28537,n,v3,C,palabras de habla sin Presidencia del puesto 9 de la etapa III (Dimas Madariaga),2026-09-23,28.537,cortes
oradores.etapa.III.9.pct,0.01928461035788404,pct,v3,CALC,palabras del puesto 9 / palabras de habla sin Presidencia de la etapa III,2026-09-23,"1,9 %",cortes
oradores.etapa.III.9.rep_id,512,id,v3,C,rep_id del puesto 9 de la etapa III por palabras de habla sin Presidencia,2026-09-23,512,cortes
oradores.etapa.III.den,1479781,n,v3,C,"palabras de filas de habla v3 (role ∉ {summary, remark}) con chair = false (motor del explorador) de la etapa III (incluidas las filas sin diputado)",2026-09-23,1.479.781,cortes
oradores.etapa.III.diez.pct,0.2708589987302175,pct,v3,CALC,palabras de los diez primeros / palabras de habla sin Presidencia de la etapa III,2026-09-23,27 %,cortes
oradores.etapa.III.diputados,244,n,v3,C,rep_id distintos con alguna fila de habla sin Presidencia en la etapa III,2026-09-23,244,cortes
oradores.etapa.III.filas,2939,n,v3,C,"filas de habla v3 (role ∉ {summary, remark}) con chair = false (motor del explorador) de la etapa III",2026-09-23,2.939,cortes
oradores.etapa.IV.1.pal,31794,n,v3,C,palabras de habla sin Presidencia del puesto 1 de la etapa IV (Juan Negrín),2026-09-23,31.794,cortes
oradores.etapa.IV.1.pct,0.31154705444283304,pct,v3,CALC,palabras del puesto 1 / palabras de habla sin Presidencia de la etapa IV,2026-09-23,"31,2 %",cortes
oradores.etapa.IV.1.rep_id,652,id,v3,C,rep_id del puesto 1 de la etapa IV por palabras de habla sin Presidencia,2026-09-23,652,cortes
oradores.etapa.IV.10.pal,3074,n,v3,C,palabras de habla sin Presidencia del puesto 10 de la etapa IV (Enrique de Francisco),2026-09-23,3.074,cortes
oradores.etapa.IV.10.pct,0.030121898639909064,pct,v3,CALC,palabras del puesto 10 / palabras de habla sin Presidencia de la etapa IV,2026-09-23,"3,0 %",cortes
oradores.etapa.IV.10.rep_id,338,id,v3,C,rep_id del puesto 10 de la etapa IV por palabras de habla sin Presidencia,2026-09-23,338,cortes
oradores.etapa.IV.2.pal,6418,n,v3,C,palabras de habla sin Presidencia del puesto 2 de la etapa IV (Ángel Pestaña),2026-09-23,6.418,cortes
oradores.etapa.IV.2.pct,0.06288950730999883,pct,v3,CALC,palabras del puesto 2 / palabras de habla sin Presidencia de la etapa IV,2026-09-23,"6,3 %",cortes
oradores.etapa.IV.2.rep_id,730,id,v3,C,rep_id del puesto 2 de la etapa IV por palabras de habla sin Presidencia,2026-09-23,730,cortes
oradores.etapa.IV.3.pal,5743,n,v3,C,palabras de habla sin Presidencia del puesto 3 de la etapa IV (Dolores Ibárruri),2026-09-23,5.743,cortes
oradores.etapa.IV.3.pct,0.05627523223454709,pct,v3,CALC,palabras del puesto 3 / palabras de habla sin Presidencia de la etapa IV,2026-09-23,"5,6 %",cortes
oradores.etapa.IV.3.rep_id,441,id,v3,C,rep_id del puesto 3 de la etapa IV por palabras de habla sin Presidencia,2026-09-23,441,cortes
oradores.etapa.IV.4.pal,5148,n,v3,C,palabras de habla sin Presidencia del puesto 4 de la etapa IV (Ramón Lamoneda),2026-09-23,5.148,cortes
oradores.etapa.IV.4.pct,0.05044487124211187,pct,v3,CALC,palabras del puesto 4 / palabras de habla sin Presidencia de la etapa IV,2026-09-23,"5,0 %",cortes
oradores.etapa.IV.4.rep_id,472,id,v3,C,rep_id del puesto 4 de la etapa IV por palabras de habla sin Presidencia,2026-09-23,472,cortes
oradores.etapa.IV.5.pal,4737,n,v3,C,palabras de habla sin Presidencia del puesto 5 de la etapa IV (Miguel Santaló),2026-09-23,4.737,cortes
oradores.etapa.IV.5.pct,0.04641751264061459,pct,v3,CALC,palabras del puesto 5 / palabras de habla sin Presidencia de la etapa IV,2026-09-23,"4,6 %",cortes
oradores.etapa.IV.5.rep_id,884,id,v3,C,rep_id del puesto 5 de la etapa IV por palabras de habla sin Presidencia,2026-09-23,884,cortes
oradores.etapa.IV.6.pal,4508,n,v3,C,palabras de habla sin Presidencia del puesto 6 de la etapa IV (Francisco Largo Caballero),2026-09-23,4.508,cortes
oradores.etapa.IV.6.pct,0.04417355857797985,pct,v3,CALC,palabras del puesto 6 / palabras de habla sin Presidencia de la etapa IV,2026-09-23,"4,4 %",cortes
oradores.etapa.IV.6.rep_id,479,id,v3,C,rep_id del puesto 6 de la etapa IV por palabras de habla sin Presidencia,2026-09-23,479,cortes
oradores.etapa.IV.7.pal,4023,n,v3,C,palabras de habla sin Presidencia del puesto 7 de la etapa IV (Manuel Irujo),2026-09-23,4.023,cortes
oradores.etapa.IV.7.pct,0.039421079449692316,pct,v3,CALC,palabras del puesto 7 / palabras de habla sin Presidencia de la etapa IV,2026-09-23,"3,9 %",cortes
oradores.etapa.IV.7.rep_id,448,id,v3,C,rep_id del puesto 7 de la etapa IV por palabras de habla sin Presidencia,2026-09-23,448,cortes
oradores.etapa.IV.8.pal,3851,n,v3,C,palabras de habla sin Presidencia del puesto 8 de la etapa IV (José Díaz Ramos),2026-09-23,3.851,cortes
oradores.etapa.IV.8.pct,0.037735664171206836,pct,v3,CALC,palabras del puesto 8 / palabras de habla sin Presidencia de la etapa IV,2026-09-23,"3,8 %",cortes
oradores.etapa.IV.8.rep_id,266,id,v3,C,rep_id del puesto 8 de la etapa IV por palabras de habla sin Presidencia,2026-09-23,266,cortes
oradores.etapa.IV.9.pal,3335,n,v3,C,palabras de habla sin Presidencia del puesto 9 de la etapa IV (Ramón González Peña),2026-09-23,3.335,cortes
oradores.etapa.IV.9.pct,0.0326794183357504,pct,v3,CALC,palabras del puesto 9 / palabras de habla sin Presidencia de la etapa IV,2026-09-23,"3,3 %",cortes
oradores.etapa.IV.9.rep_id,404,id,v3,C,rep_id del puesto 9 de la etapa IV por palabras de habla sin Presidencia,2026-09-23,404,cortes
oradores.etapa.IV.den,102052,n,v3,C,"palabras de filas de habla v3 (role ∉ {summary, remark}) con chair = false (motor del explorador) de la etapa IV (incluidas las filas sin diputado)",2026-09-23,102.052,cortes
oradores.etapa.IV.diez.pct,0.7117057970446439,pct,v3,CALC,palabras de los diez primeros / palabras de habla sin Presidencia de la etapa IV,2026-09-23,71 %,cortes
oradores.etapa.IV.diputados,43,n,v3,C,rep_id distintos con alguna fila de habla sin Presidencia en la etapa IV,2026-09-23,43,cortes
oradores.etapa.IV.filas,129,n,v3,C,"filas de habla v3 (role ∉ {summary, remark}) con chair = false (motor del explorador) de la etapa IV",2026-09-23,129,cortes
oradores.etapa.V.1.pal,9792,n,v3,C,palabras de habla sin Presidencia del puesto 1 de la etapa V (José Giral),2026-09-23,9.792,cortes
oradores.etapa.V.1.pct,0.15128854829738583,pct,v3,CALC,palabras del puesto 1 / palabras de habla sin Presidencia de la etapa V,2026-09-23,"15,1 %",cortes
oradores.etapa.V.1.rep_id,384,id,v3,C,rep_id del puesto 1 de la etapa V por palabras de habla sin Presidencia,2026-09-23,384,cortes
oradores.etapa.V.10.pal,1703,n,v3,C,palabras de habla sin Presidencia del puesto 10 de la etapa V (Antonio Alonso Ríos),2026-09-23,1.703,cortes
oradores.etapa.V.10.pct,0.026311723626475495,pct,v3,CALC,palabras del puesto 10 / palabras de habla sin Presidencia de la etapa V,2026-09-23,"2,6 %",cortes
oradores.etapa.V.10.rep_id,42,id,v3,C,rep_id del puesto 10 de la etapa V por palabras de habla sin Presidencia,2026-09-23,42,cortes
oradores.etapa.V.2.pal,8931,n,v3,C,palabras de habla sin Presidencia del puesto 2 de la etapa V (Indalecio Prieto),2026-09-23,8.931,cortes
oradores.etapa.V.2.pct,0.13798590939991348,pct,v3,CALC,palabras del puesto 2 / palabras de habla sin Presidencia de la etapa V,2026-09-23,"13,8 %",cortes
oradores.etapa.V.2.rep_id,754,id,v3,C,rep_id del puesto 2 de la etapa V por palabras de habla sin Presidencia,2026-09-23,754,cortes
oradores.etapa.V.3.pal,7801,n,v3,C,palabras de habla sin Presidencia del puesto 3 de la etapa V (Luis Fernández Clérigo),2026-09-23,7.801,cortes
oradores.etapa.V.3.pct,0.12052716148569309,pct,v3,CALC,palabras del puesto 3 / palabras de habla sin Presidencia de la etapa V,2026-09-23,"12,1 %",cortes
oradores.etapa.V.3.rep_id,306,id,v3,C,rep_id del puesto 3 de la etapa V por palabras de habla sin Presidencia,2026-09-23,306,cortes
oradores.etapa.V.4.pal,6871,n,v3,C,palabras de habla sin Presidencia del puesto 4 de la etapa V (Ángel Galarza),2026-09-23,6.871,cortes
oradores.etapa.V.4.pct,0.10615845745009579,pct,v3,CALC,palabras del puesto 4 / palabras de habla sin Presidencia de la etapa V,2026-09-23,"10,6 %",cortes
oradores.etapa.V.4.rep_id,345,id,v3,C,rep_id del puesto 4 de la etapa V por palabras de habla sin Presidencia,2026-09-23,345,cortes
oradores.etapa.V.5.pal,4193,n,v3,C,palabras de habla sin Presidencia del puesto 5 de la etapa V (Jerónimo Gomariz),2026-09-23,4.193,cortes
oradores.etapa.V.5.pct,0.0647827699153328,pct,v3,CALC,palabras del puesto 5 / palabras de habla sin Presidencia de la etapa V,2026-09-23,"6,5 %",cortes
oradores.etapa.V.5.rep_id,386,id,v3,C,rep_id del puesto 5 de la etapa V por palabras de habla sin Presidencia,2026-09-23,386,cortes
oradores.etapa.V.6.pal,2248,n,v3,C,palabras de habla sin Presidencia del puesto 6 de la etapa V (Vicente Uribe),2026-09-23,2.248,cortes
oradores.etapa.V.6.pct,0.03473209319572338,pct,v3,CALC,palabras del puesto 6 / palabras de habla sin Presidencia de la etapa V,2026-09-23,"3,5 %",cortes
oradores.etapa.V.6.rep_id,961,id,v3,C,rep_id del puesto 6 de la etapa V por palabras de habla sin Presidencia,2026-09-23,961,cortes
oradores.etapa.V.7.pal,2205,n,v3,C,palabras de habla sin Presidencia del puesto 7 de la etapa V (José María Lasarte Arana),2026-09-23,2.205,cortes
oradores.etapa.V.7.pct,0.034067733761819416,pct,v3,CALC,palabras del puesto 7 / palabras de habla sin Presidencia de la etapa V,2026-09-23,"3,4 %",cortes
oradores.etapa.V.7.rep_id,480,id,v3,C,rep_id del puesto 7 de la etapa V por palabras de habla sin Presidencia,2026-09-23,480,cortes
oradores.etapa.V.8.pal,2098,n,v3,C,palabras de habla sin Presidencia del puesto 8 de la etapa V (Julio Jáuregui Lasanta),2026-09-23,2.098,cortes
oradores.etapa.V.8.pct,0.03241456028675607,pct,v3,CALC,palabras del puesto 8 / palabras de habla sin Presidencia de la etapa V,2026-09-23,"3,2 %",cortes
oradores.etapa.V.8.rep_id,452,id,v3,C,rep_id del puesto 8 de la etapa V por palabras de habla sin Presidencia,2026-09-23,452,cortes
oradores.etapa.V.9.pal,1924,n,v3,C,palabras de habla sin Presidencia del puesto 9 de la etapa V (Ramón Lamoneda),2026-09-23,1.924,cortes
oradores.etapa.V.9.pct,0.029726222112353994,pct,v3,CALC,palabras del puesto 9 / palabras de habla sin Presidencia de la etapa V,2026-09-23,"3,0 %",cortes
oradores.etapa.V.9.rep_id,472,id,v3,C,rep_id del puesto 9 de la etapa V por palabras de habla sin Presidencia,2026-09-23,472,cortes
oradores.etapa.V.den,64724,n,v3,C,"palabras de filas de habla v3 (role ∉ {summary, remark}) con chair = false (motor del explorador) de la etapa V (incluidas las filas sin diputado)",2026-09-23,64.724,cortes
oradores.etapa.V.diez.pct,0.7379951795315494,pct,v3,CALC,palabras de los diez primeros / palabras de habla sin Presidencia de la etapa V,2026-09-23,74 %,cortes
oradores.etapa.V.diputados,27,n,v3,C,rep_id distintos con alguna fila de habla sin Presidencia en la etapa V,2026-09-23,27,cortes
oradores.etapa.V.filas,104,n,v3,C,"filas de habla v3 (role ∉ {summary, remark}) con chair = false (motor del explorador) de la etapa V",2026-09-23,104,cortes
paginas.estado.contiguous,373,n,proyecto,C,sesiones con page_status = contiguous (sessions.json del proyecto),2026-09-23,373,base
paginas.estado.corrected,3,n,proyecto,C,sesiones con page_status = corrected (sessions.json del proyecto),2026-09-23,3,base
paginas.estado.unverified,14,n,proyecto,C,sesiones con page_status = unverified (sessions.json del proyecto),2026-09-23,14,base
paginas.estado.verso_blank,365,n,proyecto,C,sesiones con page_status = verso_blank (sessions.json del proyecto),2026-09-23,365,base
paginas.sin_verificar.desde,1936-10-01,fecha,proyecto,C,primera sesión sin páginas verificadas,2026-09-23,1 de octubre de 1936,base
paginas.sin_verificar.sesiones,14,n,proyecto,C,sesiones con page_status unverified (sessions.json del proyecto),2026-09-23,14,base
paginas.total,28780,n,proyecto,C,"suma de pdf_pages (sessions.json del proyecto; recuento de los archivos del proyecto, no dato depositado)",2026-09-23,28.780,base
paginas.verificadas.sesiones,741,n,proyecto,C,"sesiones con page_status contiguous, verso_blank o corrected (sessions.json del proyecto)",2026-09-23,741,base
palabras.V2,24335896,n,V2,C,suma de nwords en 2REP_Diaries.csv (THQCMI V2.0),2026-09-23,24.335.896,base
palabras.comentarios.v3,2239507,n,v3,C,suma de nwords de las filas COMENTARIOS,2026-09-23,2.239.507,base
palabras.habla.v3,22096389,n,v3,C,suma de nwords de las filas de habla,2026-09-23,22.096.389,base
palabras.split.V2,24700474,n,V2,C,suma de len(speech.split()) (separa por cualquier espacio en blanco),2026-09-23,24.700.474,datos
palabras.sumarios.v3,1028248,n,v3,C,suma de nwords de las filas SUMARIO,2026-09-23,1.028.248,base
palabras.tendencia.v3,25903736,n,v3,C,tokens del índice FTS5 (fts5vocab); denominador de la Tendencia del explorador,2026-09-23,25.903.736,datos
palabras.tras_18jul,203167,n,V2,C,suma de nwords con fecha posterior a 1936-07-18,2026-09-23,203.167,base
palabras.tras_18jul.pct,0.008348449549587161,pct,V2,CALC,palabras tras el 18-VII-1936 / palabras,2026-09-23,"0,83 %",base
palabras.v3,25364144,n,v3,C,"suma de nwords en corpus.sqlite del explorador, tabla speeches",2026-09-23,25.364.144,base
pendiente.lliga_cd.filas,1841,n,V2,C,"filas con party = ""Lliga"" e ideology = ""CD"" (el README la da como D)",2026-09-23,1.841,metodo
pendiente.martinez_barrio_ar.filas,111,n,V2,C,"filas del rep_id 550 (Diego Martinez Barrio) con party = ""AR"" en la legislatura 1931-1933",2026-09-23,111,metodo
pres.edad_ses,3,n,V2,C,sesiones con Presidencia de edad (role chair_age),2026-09-23,3,base
pres.vice_fechas,584,n,V2,C,fechas con alguna fila de un vicepresidente (dos fechas tienen dos sesiones con vicepresidente),2026-09-23,584,base
pres.vice_filas,10025,n,V2,C,filas con role vicechair de parse_speaker,2026-09-23,10.025,base
pres.vice_ses,586,n,V2,C,"sesiones con al menos una fila de un vicepresidente (role vicechair de parse_speaker, que tolera las erratas del reconocimiento óptico en la etiqueta)",2026-09-23,586,base
presidencia.aprox.filas,48203,n,V2,C,"la línea de datos.decisiones.1.codigo: speaker contiene ""PRESIDENTE"" y no ""CONSEJO|GOBIERNO|REPÚBLICA""",2026-09-23,48.203,datos
presidencia.filas,48241,n,V2,C,"filas de la Presidencia: roles chair, vicechair y chair_age de parse_speaker (motor del explorador)",2026-09-23,48.241,base
presidencia.filas.pct,0.44854069232271204,pct,V2,CALC,filas de la Presidencia / filas,2026-09-23,"44,85 %",base
presidencia.palabras,2491469,n,V2,C,"palabras de la Presidencia: roles chair, vicechair y chair_age de parse_speaker (motor del explorador)",2026-09-23,2.491.469,base
presidencia.palabras.pct,0.10237835500283203,pct,V2,CALC,palabras de la Presidencia / palabras,2026-09-23,"10,24 %",base
presidencia.vice.sesiones,586,n,V2,C,"sesiones con al menos una fila de un vicepresidente (role vicechair de parse_speaker, que tolera las erratas del reconocimiento óptico en la etiqueta)",2026-09-23,586,base
presidentes.n,9,n,proyecto,C,presidentes titulares distintos (sessions.json del proyecto),2026-09-23,9,base
puerta.antesala-1936.filas,284,n,V2,CALC,suma de las filas V2 de sus sesiones,2026-09-23,284,sesiones
puerta.antesala-1936.palabras,145513,n,V2,CALC,suma de las palabras V2 de sus sesiones,2026-09-23,145.513,sesiones
puerta.antesala-1936.sesiones,2,n,V2,R,sesiones de la puerta,2026-09-23,2,sesiones
puerta.casas-viejas-1933.feb.sesiones,16,n,V2,C,sesiones de febrero de 1933,2026-09-23,16,sesiones
puerta.casas-viejas-1933.primera_feb,287,id,V2,C,"num_session de 1933-02-01, primera sesión de 1933",2026-09-23,287,sesiones
puerta.estatuto-1932.documento.palabras,21111,n,v3,C,nwords de v3 61932,2026-09-23,21.111,sesiones
puerta.estatuto-1932.documento.v3,61932,id,v3,C,fila COMENTARIOS v3 que recibe el documento leído por Prieto,2026-09-23,61932,sesiones
puerta.estatuto-1932.fila.V2.palabras,17152,n,V2,C,nwords de V2 25979 (fila a nombre de «El Sr. PRESIDENTE:»),2026-09-23,17.152,sesiones
puerta.estatuto-1932.fila.V2.puesto,2,n,V2,C,puesto de V2 25979 por nwords entre las filas V2,2026-09-23,2,sesiones
puerta.estatuto-1932.fila.v3.palabras,17142,n,v3,C,nwords de v3 29042 (Azaña),2026-09-23,17.142,sesiones
puerta.estatuto-1932.fila.v3.presidencia.palabras,10,n,v3,C,nwords de v3 29041 (la Presidencia da la palabra),2026-09-23,10,sesiones
puerta.estatuto-1932.primera.V2,55221,id,V2,C,"la fila V2 más larga (Prieto, 12-VII-1933)",2026-09-23,55221,sesiones
puerta.estatuto-1932.primera.palabras,25371,n,V2,C,nwords de V2 55221,2026-09-23,25.371,sesiones
puerta.estatuto-1932.umbral,17000,n,V2,CALC,"millar entero por debajo de la menor de las dos filas del discurso (V2 25979, v3 29042): «más de…»",2026-09-23,17.000,sesiones
puerta.figueres-1939.lista.V2,107340,id,V2,L,fila V2 del 1-II-1939 con «Señores Diputados que dijeron SI:»,2026-09-23,107340,sesiones
puerta.figueres-1939.lista.v3,121463,id,v3,L,la misma lista en la v3 (fila de comentarios),2026-09-23,121463,sesiones
puerta.mexico-1945.filas,183,n,V2,C,filas V2 de las cuatro sesiones de México de la puerta (17-VIII y 7–9-XI-1945),2026-09-23,183,cortes
puerta.mexico-1945.filas_v3,206,n,v3,C,"filas v3 con date >= 1945-08-17 (Desde 17/08/1945, sin Hasta)",2026-09-23,206,sesiones
puerta.mexico-1945.habla_v3,184,n,v3,C,ídem con «Solo lo que se habla»,2026-09-23,184,sesiones
puerta.mexico-1945.palabras,67431,n,V2,CALC,suma de las palabras V2 de sus sesiones,2026-09-23,67.431,sesiones
puerta.mexico-1945.sesiones,4,n,V2,C,sesiones de la puerta de México,2026-09-23,4,cortes
puerta.pistola-1934.siguiente,1934-10-01,fecha,V2,C,primera sesión posterior al 4-VII-1934,2026-09-23,1 de octubre de 1934,sesiones
rep836.id,836,id,V2,L,único rep_id con dos rep_name distintos (Amos Ruiz Lecina · Mariano Ruiz Funes Garcia),2026-09-23,836,datos
serie.constituyentes.sesiones,405,n,proyecto,C,sesiones con diario = «Diario de Sesiones de las Cortes Constituyentes de la República Española» (sessions.json del proyecto),2026-09-23,405,base
serie.constituyentes.titulo,Diario de Sesiones de las Cortes Constituyentes de la República Española,texto,proyecto,M,campo diario de sessions.json del proyecto,2026-09-23,Diario de Sesiones de las Cortes Constituyentes de la República Española,base
serie.cortes.sesiones,336,n,proyecto,C,sesiones con diario = «Diario de las Sesiones de Cortes. Congreso de los Diputados» (sessions.json del proyecto),2026-09-23,336,base
serie.cortes.titulo,Diario de las Sesiones de Cortes. Congreso de los Diputados,texto,proyecto,M,campo diario de sessions.json del proyecto,2026-09-23,Diario de las Sesiones de Cortes. Congreso de los Diputados,base
serie.extracto.sesiones,9,n,proyecto,C,sesiones con diario = «Extracto oficial de las sesiones. Congreso de los Diputados» (sessions.json del proyecto),2026-09-23,9,base
serie.extracto.titulo,Extracto oficial de las sesiones. Congreso de los Diputados,texto,proyecto,M,campo diario de sessions.json del proyecto,2026-09-23,Extracto oficial de las sesiones. Congreso de los Diputados,base
serie.mexico.sesiones,5,n,proyecto,C,sesiones con diario = «Extracto oficial de las sesiones de Cortes celebradas en México (exilio)» (sessions.json del proyecto),2026-09-23,5,base
serie.mexico.titulo,Extracto oficial de las sesiones de Cortes celebradas en México (exilio),texto,proyecto,M,campo diario de sessions.json del proyecto,2026-09-23,Extracto oficial de las sesiones de Cortes celebradas en México (exilio),base
series.n,4,n,proyecto,C,títulos distintos del Diario (sessions.json del proyecto),2026-09-23,4,base
ses.paginas_sin_verificar,14,n,proyecto,M,sesiones con page_status «unverified» en sessions.json,2026-09-23,14,sesiones
ses.puertas,8,n,V2,R,puertas de lectura de la edición 0.1,2026-09-23,8,sesiones
ses.puertas.sesiones,12,n,V2,R,sesiones que cubren las puertas,2026-09-23,12,sesiones
ses.s48.cola,5,n,V2,L,filas finales repetidas de la sesión 48 (V2 5788–5792 · v3 6460–6464),2026-09-23,5,sesiones
ses.s48.cola.V2.desde,5788,id,V2,C,extremo de la cola repetida (incidencia truncated_end de sessions.json),2026-09-23,5788,sesiones
ses.s48.cola.V2.hasta,5792,id,V2,C,extremo de la cola repetida (incidencia truncated_end de sessions.json),2026-09-23,5792,sesiones
ses.s48.cola.pantalla.desde,411,id,explorador,CALC,«Orden» que enseña el explorador para v3 6460: ord + 1,2026-09-23,411,sesiones
ses.s48.cola.pantalla.hasta,415,id,explorador,CALC,«Orden» que enseña el explorador para v3 6464: ord + 1,2026-09-23,415,sesiones
ses.s48.cola.v3.desde,6460,id,v3,C,extremo de la cola repetida (incidencia truncated_end de sessions.json),2026-09-23,6460,sesiones
ses.s48.cola.v3.hasta,6464,id,v3,C,extremo de la cola repetida (incidencia truncated_end de sessions.json),2026-09-23,6464,sesiones
ses.s9.bucle.V2,976,id,V2,C,fila V2 con el bucle (incidencia ocr_loop),2026-09-23,976,sesiones
ses.s9.bucle.v3,1081,id,v3,C,la misma fila en v3,2026-09-23,1081,sesiones
ses.s9.bucle.veces,6,n,V2,L,"veces que la fila V2 976 repite «Sánchez Guerra, Ossorio y Gallardo»",2026-09-23,6,sesiones
ses.umbral.largas,300,n,V2,R,umbral de «fila larga» (palabras) en F30,2026-09-23,300,sesiones
sesion.1931-10-01-48.diario,48,id,proyecto,C,número del Diario (sessions.json),2026-09-23,48,familia
sesion.1931-10-01-48.diario_num,48,id,proyecto,C,número del Diario (sessions.json),2026-09-23,48,familia
sesion.1931-10-01-48.diputados_sp,46,n,V2,C,rep_id distintos fuera de la Presidencia,2026-09-23,46,familia
sesion.1931-10-01-48.filas,395,n,V2,C,filas V2 de la sesión,2026-09-23,395,familia
sesion.1931-10-01-48.filas_v3,415,n,v3,C,filas v3 de la sesión,2026-09-23,415,familia
sesion.1931-10-01-48.habla_v3,395,n,v3,C,filas v3 de habla,2026-09-23,395,familia
sesion.1931-10-01-48.largas,34,n,V2,C,filas de más de 300 palabras,2026-09-23,34,familia
sesion.1931-10-01-48.num,48,id,V2,C,num_session,2026-09-23,48,familia
sesion.1931-10-01-48.pag.desde,1347,id,proyecto,C,primera página verificada (sessions.json),2026-09-23,1347,familia
sesion.1931-10-01-48.pag.hasta,1394,id,proyecto,C,última página verificada (sessions.json),2026-09-23,1394,familia
sesion.1931-10-01-48.paginas,1347–1394,texto,proyecto,C,"páginas verificadas del Diario, primera–última (sessions.json)",2026-09-23,1347–1394,familia
sesion.1931-10-01-48.palabras,41963,n,V2,C,suma de nwords de la sesión,2026-09-23,41.963,familia
sesion.1931-10-13-55.diario_num,55,id,proyecto,C,número del Diario (sessions.json),2026-09-23,55,familia
sesion.1931-10-13-55.diputados_sp,50,n,V2,C,rep_id distintos fuera de la Presidencia,2026-09-23,50,familia
sesion.1931-10-13-55.filas,378,n,V2,C,filas V2 de la sesión,2026-09-23,378,familia
sesion.1931-10-13-55.filas_v3,421,n,v3,C,filas v3 de la sesión,2026-09-23,421,familia
sesion.1931-10-13-55.habla_v3,380,n,v3,C,filas v3 de habla,2026-09-23,380,familia
sesion.1931-10-13-55.largas,51,n,V2,C,filas de más de 300 palabras,2026-09-23,51,familia
sesion.1931-10-13-55.num,55,id,V2,C,num_session,2026-09-23,55,familia
sesion.1931-10-13-55.paginas,1641–1721,texto,proyecto,C,"páginas verificadas del Diario, primera–última (sessions.json)",2026-09-23,1641–1721,familia
sesion.1931-10-13-55.palabras,64068,n,V2,C,suma de nwords de la sesión,2026-09-23,64.068,familia
sesion.1931-12-09-88.diario,88,id,proyecto,C,número del Diario (sessions.json),2026-09-23,88,familia
sesion.1931-12-09-88.id.desde,13471,id,V2,C,primer id V2,2026-09-23,13471,familia
sesion.1931-12-09-88.id.hasta,13554,id,V2,C,último id V2,2026-09-23,13554,familia
sesion.1931-12-09-88.pag.desde,2895,id,proyecto,C,primera página verificada (sessions.json),2026-09-23,2895,familia
sesion.1931-12-09-88.pag.hasta,2913,id,proyecto,C,última página verificada (sessions.json),2026-09-23,2913,familia
sesion.1932-05-27-173.diario_num,173,id,proyecto,C,número del Diario (sessions.json),2026-09-23,173,familia
sesion.1932-05-27-173.diputados_sp,11,n,V2,C,rep_id distintos fuera de la Presidencia,2026-09-23,11,familia
sesion.1932-05-27-173.filas,44,n,V2,C,filas V2 de la sesión,2026-09-23,44,familia
sesion.1932-05-27-173.filas_v3,49,n,v3,C,filas v3 de la sesión,2026-09-23,49,familia
sesion.1932-05-27-173.habla_v3,45,n,v3,C,filas v3 de habla,2026-09-23,45,familia
sesion.1932-05-27-173.largas,9,n,V2,C,filas de más de 300 palabras,2026-09-23,9,familia
sesion.1932-05-27-173.num,173,id,V2,C,num_session,2026-09-23,173,familia
sesion.1932-05-27-173.paginas,5835–5877,texto,proyecto,C,"páginas verificadas del Diario, primera–última (sessions.json)",2026-09-23,5835–5877,familia
sesion.1932-05-27-173.palabras,41004,n,V2,C,suma de nwords de la sesión,2026-09-23,41.004,familia
sesion.1933-02-02-288.diario_num,288,id,proyecto,C,número del Diario (sessions.json),2026-09-23,288,familia
sesion.1933-02-02-288.diputados_sp,19,n,V2,C,rep_id distintos fuera de la Presidencia,2026-09-23,19,familia
sesion.1933-02-02-288.filas,155,n,V2,C,filas V2 de la sesión,2026-09-23,155,familia
sesion.1933-02-02-288.filas_v3,166,n,v3,C,filas v3 de la sesión,2026-09-23,166,familia
sesion.1933-02-02-288.habla_v3,156,n,v3,C,filas v3 de habla,2026-09-23,156,familia
sesion.1933-02-02-288.largas,20,n,V2,C,filas de más de 300 palabras,2026-09-23,20,familia
sesion.1933-02-02-288.num,288,id,V2,C,num_session,2026-09-23,288,familia
sesion.1933-02-02-288.paginas,10883–10916,texto,proyecto,C,"páginas verificadas del Diario, primera–última (sessions.json)",2026-09-23,10883–10916,familia
sesion.1933-02-02-288.palabras,28420,n,V2,C,suma de nwords de la sesión,2026-09-23,28.420,familia
sesion.1934-04-20-72.diario,72,id,proyecto,C,número del Diario (sessions.json),2026-09-23,72,familia
sesion.1934-04-20-72.id.desde,68253,id,V2,C,primer id V2,2026-09-23,68253,familia
sesion.1934-04-20-72.id.hasta,68346,id,V2,C,último id V2,2026-09-23,68346,familia
sesion.1934-04-20-72.pag.desde,2435,id,proyecto,C,primera página verificada (sessions.json),2026-09-23,2435,familia
sesion.1934-04-20-72.pag.hasta,2473,id,proyecto,C,última página verificada (sessions.json),2026-09-23,2473,familia
sesion.1934-07-04-112.diario_num,112,id,proyecto,C,número del Diario (sessions.json),2026-09-23,112,familia
sesion.1934-07-04-112.diputados_sp,44,n,V2,C,rep_id distintos fuera de la Presidencia,2026-09-23,44,familia
sesion.1934-07-04-112.filas,255,n,V2,C,filas V2 de la sesión,2026-09-23,255,familia
sesion.1934-07-04-112.filas_v3,282,n,v3,C,filas v3 de la sesión,2026-09-23,282,familia
sesion.1934-07-04-112.habla_v3,255,n,v3,C,filas v3 de habla,2026-09-23,255,familia
sesion.1934-07-04-112.largas,37,n,V2,C,filas de más de 300 palabras,2026-09-23,37,familia
sesion.1934-07-04-112.num,112,id,V2,C,num_session,2026-09-23,112,familia
sesion.1934-07-04-112.paginas,4405–4468,texto,proyecto,C,"páginas verificadas del Diario, primera–última (sessions.json)",2026-09-23,4405–4468,familia
sesion.1934-07-04-112.palabras,51616,n,V2,C,suma de nwords de la sesión,2026-09-23,51.616,familia
sesion.1935-12-07-275.palabras,89870,n,V2,C,suma de nwords de la sesión,2026-09-23,89.870,familia
sesion.1936-04-07-15.diario,15,id,proyecto,C,número del Diario (sessions.json),2026-09-23,15,familia
sesion.1936-04-07-15.id.desde,102289,id,V2,C,primer id V2,2026-09-23,102289,familia
sesion.1936-04-07-15.id.hasta,102374,id,V2,C,último id V2,2026-09-23,102374,familia
sesion.1936-04-07-15.pag.desde,237,id,proyecto,C,primera página verificada (sessions.json),2026-09-23,237,familia
sesion.1936-04-07-15.pag.hasta,272,id,proyecto,C,última página verificada (sessions.json),2026-09-23,272,familia
sesion.1936-06-16-45.diario_num,45,id,proyecto,C,número del Diario (sessions.json),2026-09-23,45,familia
sesion.1936-06-16-45.diputados_sp,21,n,V2,C,rep_id distintos fuera de la Presidencia,2026-09-23,21,familia
sesion.1936-06-16-45.filas,159,n,V2,C,filas V2 de la sesión,2026-09-23,159,familia
sesion.1936-06-16-45.filas_v3,172,n,v3,C,filas v3 de la sesión,2026-09-23,172,familia
sesion.1936-06-16-45.habla_v3,159,n,v3,C,filas v3 de habla,2026-09-23,159,familia
sesion.1936-06-16-45.largas,27,n,V2,C,filas de más de 300 palabras,2026-09-23,27,familia
sesion.1936-06-16-45.num,45,id,V2,C,num_session,2026-09-23,45,familia
sesion.1936-06-16-45.paginas,1359–1413,texto,proyecto,C,"páginas verificadas del Diario, primera–última (sessions.json)",2026-09-23,1359–1413,familia
sesion.1936-06-16-45.palabras,48458,n,V2,C,suma de nwords de la sesión,2026-09-23,48.458,familia
sesion.1936-07-01-54.diario_num,54,id,proyecto,C,número del Diario (sessions.json),2026-09-23,54,familia
sesion.1936-07-01-54.diputados_sp,25,n,V2,C,rep_id distintos fuera de la Presidencia,2026-09-23,25,familia
sesion.1936-07-01-54.filas,125,n,V2,C,filas V2 de la sesión,2026-09-23,125,familia
sesion.1936-07-01-54.filas_v3,137,n,v3,C,filas v3 de la sesión,2026-09-23,137,familia
sesion.1936-07-01-54.habla_v3,125,n,v3,C,filas v3 de habla,2026-09-23,125,familia
sesion.1936-07-01-54.largas,42,n,V2,C,filas de más de 300 palabras,2026-09-23,42,familia
sesion.1936-07-01-54.num,54,id,V2,C,num_session,2026-09-23,54,familia
sesion.1936-07-01-54.paginas,1721–1821,texto,proyecto,C,"páginas verificadas del Diario, primera–última (sessions.json)",2026-09-23,1721–1821,familia
sesion.1936-07-01-54.palabras,97055,n,V2,C,suma de nwords de la sesión,2026-09-23,97.055,familia
sesion.1939-02-01-69.diario,69,id,proyecto,C,número del Diario (sessions.json),2026-09-23,69,familia
sesion.1939-02-01-69.diario_num,69,id,proyecto,C,número del Diario (sessions.json),2026-09-23,69,familia
sesion.1939-02-01-69.diputados_sp,7,n,V2,C,rep_id distintos fuera de la Presidencia,2026-09-23,7,familia
sesion.1939-02-01-69.filas,16,n,V2,C,filas V2 de la sesión,2026-09-23,16,familia
sesion.1939-02-01-69.filas_v3,20,n,v3,C,filas v3 de la sesión,2026-09-23,20,familia
sesion.1939-02-01-69.habla_v3,16,n,v3,C,filas v3 de habla,2026-09-23,16,familia
sesion.1939-02-01-69.id.desde,107326,id,V2,C,primer id V2,2026-09-23,107326,familia
sesion.1939-02-01-69.id.hasta,107341,id,V2,C,último id V2,2026-09-23,107341,familia
sesion.1939-02-01-69.largas,6,n,V2,C,filas de más de 300 palabras,2026-09-23,6,familia
sesion.1939-02-01-69.num,69,id,V2,C,num_session,2026-09-23,69,familia
sesion.1939-02-01-69.palabras,10452,n,V2,C,suma de nwords de la sesión,2026-09-23,10.452,familia
sesion.1945-08-17-71.diario,71,id,proyecto,C,número del Diario (sessions.json),2026-09-23,71,familia
sesion.1945-08-17-71.diario_num,71,id,proyecto,C,número del Diario (sessions.json),2026-09-23,71,familia
sesion.1945-08-17-71.diputados_sp,0,n,V2,C,rep_id distintos fuera de la Presidencia,2026-09-23,0,familia
sesion.1945-08-17-71.filas,5,n,V2,C,filas V2 de la sesión,2026-09-23,5,familia
sesion.1945-08-17-71.filas.v3,10,n,v3,C,filas v3 de la sesión,2026-09-23,10,familia
sesion.1945-08-17-71.filas_v3,10,n,v3,C,filas v3 de la sesión,2026-09-23,10,familia
sesion.1945-08-17-71.habla_v3,5,n,v3,C,filas v3 de habla,2026-09-23,5,familia
sesion.1945-08-17-71.id.desde,107369,id,V2,C,primer id V2,2026-09-23,107369,familia
sesion.1945-08-17-71.id.hasta,107373,id,V2,C,último id V2,2026-09-23,107373,familia
sesion.1945-08-17-71.largas,2,n,V2,C,filas de más de 300 palabras,2026-09-23,2,familia
sesion.1945-08-17-71.num,71,id,V2,C,num_session,2026-09-23,71,familia
sesion.1945-08-17-71.palabras,1473,n,V2,C,suma de nwords de la sesión,2026-09-23,1.473,familia
sesion.1945-11-07-72.diario_num,72,id,proyecto,C,número del Diario (sessions.json),2026-09-23,72,familia
sesion.1945-11-07-72.diputados_sp,14,n,V2,C,rep_id distintos fuera de la Presidencia,2026-09-23,14,familia
sesion.1945-11-07-72.filas,56,n,V2,C,filas V2 de la sesión,2026-09-23,56,familia
sesion.1945-11-07-72.filas_v3,63,n,v3,C,filas v3 de la sesión,2026-09-23,63,familia
sesion.1945-11-07-72.habla_v3,56,n,v3,C,filas v3 de habla,2026-09-23,56,familia
sesion.1945-11-07-72.largas,14,n,V2,C,filas de más de 300 palabras,2026-09-23,14,familia
sesion.1945-11-07-72.num,72,id,V2,C,num_session,2026-09-23,72,familia
sesion.1945-11-07-72.palabras,29413,n,V2,C,suma de nwords de la sesión,2026-09-23,29.413,familia
sesion.1945-11-08-73.diario_num,73,id,proyecto,C,número del Diario (sessions.json),2026-09-23,73,familia
sesion.1945-11-08-73.diputados_sp,5,n,V2,C,rep_id distintos fuera de la Presidencia,2026-09-23,5,familia
sesion.1945-11-08-73.filas,27,n,V2,C,filas V2 de la sesión,2026-09-23,27,familia
sesion.1945-11-08-73.filas_v3,33,n,v3,C,filas v3 de la sesión,2026-09-23,33,familia
sesion.1945-11-08-73.habla_v3,28,n,v3,C,filas v3 de habla,2026-09-23,28,familia
sesion.1945-11-08-73.largas,6,n,V2,C,filas de más de 300 palabras,2026-09-23,6,familia
sesion.1945-11-08-73.num,73,id,V2,C,num_session,2026-09-23,73,familia
sesion.1945-11-08-73.palabras,15307,n,V2,C,suma de nwords de la sesión,2026-09-23,15.307,familia
sesion.1945-11-09-74.diario_num,74,id,proyecto,C,número del Diario (sessions.json),2026-09-23,74,familia
sesion.1945-11-09-74.diputados_sp,16,n,V2,C,rep_id distintos fuera de la Presidencia,2026-09-23,16,familia
sesion.1945-11-09-74.filas,95,n,V2,C,filas V2 de la sesión,2026-09-23,95,familia
sesion.1945-11-09-74.filas_v3,100,n,v3,C,filas v3 de la sesión,2026-09-23,100,familia
sesion.1945-11-09-74.habla_v3,95,n,v3,C,filas v3 de habla,2026-09-23,95,familia
sesion.1945-11-09-74.largas,24,n,V2,C,filas de más de 300 palabras,2026-09-23,24,familia
sesion.1945-11-09-74.num,74,id,V2,C,num_session,2026-09-23,74,familia
sesion.1945-11-09-74.palabras,21238,n,V2,C,suma de nwords de la sesión,2026-09-23,21.238,familia
sesion.primera,1931-07-14,fecha,V2,C,primera fecha del CSV,2026-09-23,14 de julio de 1931,base
sesion.ultima,1945-11-09,fecha,V2,C,última fecha del CSV,2026-09-23,9 de noviembre de 1945,base
sesiones,755,n,V2,C,"claves (date, num_session) distintas; las mismas 755 en la v3",2026-09-23,755,base
sesiones.V2,755,n,V2,C,"claves (date, num_session) distintas; las mismas 755 en la v3",2026-09-23,755,base
sesiones.fechas,752,n,V2,C,fechas distintas con sesión,2026-09-23,752,base
sesiones.fechas_dobles,3,n,V2,C,fechas con dos sesiones,2026-09-23,3,base
sesiones.n,755,n,V2,C,"claves (date, num_session) distintas; las mismas 755 en la v3",2026-09-23,755,base
sesiones.num1,3,n,V2,C,sesiones con num_session = 1 (la numeración vuelve a empezar en cada legislatura),2026-09-23,3,base
sesiones.tras_18jul,14,n,V2,C,sesiones con fecha posterior a 1936-07-18,2026-09-23,14,base
sesiones.v3,755,n,v3,C,"claves (date, num_session) distintas",2026-09-23,755,base
union.filas.sin_ficha,426,n,afin,C,filas V2 de esos pares,2026-09-23,426,datos
union.pares,1060,n,afin,C,"pares (rep_id, legislatura recodificada) de la V2",2026-09-23,1.060,datos
union.pares.casan,1047,n,afin,C,pares con ficha en representative_metadata (CGOCUS V1.1),2026-09-23,1.047,datos
union.pares.otro_partido,31,n,afin,C,pares cuyo party (moda en la V2) ≠ partido en CGOCUS,2026-09-23,31,datos
union.pares.sin_ficha,13,n,afin,C,pares sin ficha,2026-09-23,13,datos
union.solo_id.filas,247327,n,afin,C,filas tras unir solo por rep_id = id_dip (left join),2026-09-23,247.327,datos
v3.comentarios,12654,n,v3,C,filas COMENTARIOS (role remark),2026-09-23,12.654,base
v3.comentarios.en_presidencia,0.6714082503556188,pct,v3,CALC,bloques de comentario cuya fila V2 de origen es de la Presidencia,2026-09-23,"67,14 %",metodo
v3.csv.sha256,e1906abc601795860a2da5835571dc0f10b58e3679aa6867a27d68af843eb5f9,texto,v3,M,"sha256 de 2REP_Diaries_v3.csv, origen de la base del explorador",2026-09-23,e1906abc601795860a2da5835571dc0f10b58e3679aa6867a27d68af843eb5f9,base
v3.filas_v2_con_habla,107282,n,v3,C,filas V2 con alguna pieza de habla,2026-09-23,107.282,datos
v3.filas_v2_solo_comentario,269,n,v3,CALC,filas V2 sin pieza de habla,2026-09-23,269,datos
v3.huella,3a0d8b2d,texto,v3,C,primeros 8 caracteres del sha256 de corpus.sqlite,2026-09-23,3a0d8b2d,base
v3.piezas_extra,274,n,v3,CALC,piezas de habla − filas V2 con habla (continuaciones),2026-09-23,274,datos
v3.piezas_habla,107556,n,v3,C,piezas de clase habla (mapa_v2_v3.json),2026-09-23,107.556,datos
v3.sha256,3a0d8b2dea42e8836a955d6b8fe33bfd30b4ee6ed60bad76d87c17a3dde5df15,texto,v3,C,sha256 de corpus.sqlite (el que sirve el explorador),2026-09-23,3a0d8b2dea42e8836a955d6b8fe33bfd30b4ee6ed60bad76d87c17a3dde5df15,base
v3.sumarios,755,n,v3,C,filas SUMARIO (role summary),2026-09-23,755,base
v3.turnos,735,n,v3,C,piezas de clase turno (mapa_v2_v3.json) = habla.v3 − piezas de habla,2026-09-23,735,datos
v3.turnos.en_presidencia,0.6625850340136055,pct,v3,CALC,turnos rescatados cuya fila V2 de origen es de la Presidencia,2026-09-23,"66,26 %",metodo
vinculo.corregidas,367,n,V2,M,"README depositado, SECTION 4 («367 assignments were corrected»)",2026-09-23,367,metodo
vinculo.umbral,0.82,n,V2,M,"README SECTION 4 (0.82); link_deputies.py, difflib.get_close_matches cutoff 0.82",2026-09-23,"0,82",metodo
voto.141-106.V2,5453,id,V2,C,id de la fila V2 que imprime el resultado,2026-09-23,5453,sesiones
voto.141-106.no,106,n,V2,L,texto de V2 5453: votos en contra,2026-09-23,106,sesiones
voto.141-106.si,141,n,V2,L,texto de V2 5453: votos a favor,2026-09-23,141,sesiones
voto.141-106.v3,6110,id,v3,C,id de la fila v3 con el mismo texto,2026-09-23,6110,sesiones
voto.161-121.V2,5453,id,V2,C,id de la fila V2 que imprime el resultado,2026-09-23,5453,sesiones
voto.161-121.no,121,n,V2,L,texto de V2 5453: votos en contra,2026-09-23,121,sesiones
voto.161-121.si,161,n,V2,L,texto de V2 5453: votos a favor,2026-09-23,161,sesiones
voto.161-121.v3,6110,id,v3,C,id de la fila v3 con el mismo texto,2026-09-23,6110,sesiones
voto.178-59.V2,6994,id,V2,C,id de la fila V2 que imprime el resultado,2026-09-23,6994,sesiones
voto.178-59.no,59,n,V2,L,texto de V2 6994: votos en contra,2026-09-23,59,sesiones
voto.178-59.si,178,n,V2,L,texto de V2 6994: votos a favor,2026-09-23,178,sesiones
voto.178-59.v3,7800,id,v3,C,id de la fila v3 con el mismo texto,2026-09-23,7800,sesiones
voto.187-91.no,91,n,V2,L,texto de la fila V2 61320: votos en contra,2026-09-23,91,cortes
voto.187-91.si,187,n,V2,L,texto de la fila V2 61320: votos a favor,2026-09-23,187,cortes
voto.238-5.V2,102358,id,V2,C,id de la fila V2 que imprime el resultado,2026-09-23,102358,sesiones
voto.238-5.mitad,209,n,V2,L,texto de V2 102359: la mitad más uno,2026-09-23,209,sesiones
voto.238-5.mitad.V2,102359,id,V2,C,fila V2 que imprime la mitad más uno,2026-09-23,102359,sesiones
voto.238-5.mitad.v3,115676,id,v3,C,fila v3 que imprime la mitad más uno,2026-09-23,115676,sesiones
voto.238-5.no,5,n,V2,L,texto de V2 102358: votos en contra,2026-09-23,5,sesiones
voto.238-5.proposicion.V2,102304,id,V2,C,fila V2 con el texto de la proposición,2026-09-23,102304,sesiones
voto.238-5.proposicion.v3,115618,id,v3,C,fila v3 con el texto de la proposición,2026-09-23,115618,sesiones
voto.238-5.reglamento.V2,102309,id,V2,C,fila V2 en que el Secretario lee el art. 106 del Reglamento,2026-09-23,102309,sesiones
voto.238-5.reglamento.v3,115623,id,v3,C,fila v3 en que el Secretario lee el art. 106 del Reglamento,2026-09-23,115623,sesiones
voto.238-5.si,238,n,V2,L,texto de V2 102358: votos a favor,2026-09-23,238,sesiones
voto.238-5.total,417,n,V2,L,texto de V2 102359: diputados que cuenta la Presidencia,2026-09-23,417,sesiones
voto.238-5.v3,115675,id,v3,C,id de la fila v3 con el mismo texto,2026-09-23,115675,sesiones
voto.265-45.no,45,n,V2,L,texto de la fila V2 68299: votos en contra,2026-09-23,45,cortes
voto.265-45.si,265,n,V2,L,texto de la fila V2 68299: votos a favor,2026-09-23,265,cortes
voto.314-24.V2,37178,id,V2,C,id de la fila V2 que imprime el resultado,2026-09-23,37178,sesiones
voto.314-24.no,24,n,V2,L,texto de V2 37178: votos en contra,2026-09-23,24,sesiones
voto.314-24.si,314,n,V2,L,texto de V2 37178: votos a favor,2026-09-23,314,sesiones
voto.314-24.v3,41629,id,v3,C,id de la fila v3 con el mismo texto,2026-09-23,41629,sesiones
voto.318-19.V2,37177,id,V2,C,id de la fila V2 que imprime el resultado,2026-09-23,37177,sesiones
voto.318-19.mitad,232,n,V2,L,texto de V2 37178: la mitad más uno,2026-09-23,232,sesiones
voto.318-19.mitad.V2,37178,id,V2,C,fila V2 que imprime la mitad más uno,2026-09-23,37178,sesiones
voto.318-19.mitad.v3,41628,id,v3,C,fila v3 que imprime la mitad más uno,2026-09-23,41628,sesiones
voto.318-19.no,19,n,V2,L,texto de V2 37177: votos en contra,2026-09-23,19,sesiones
voto.318-19.si,318,n,V2,L,texto de V2 37177: votos a favor,2026-09-23,318,sesiones
voto.318-19.total,462,n,V2,L,texto de V2 37178: diputados que cuenta la Presidencia,2026-09-23,462,sesiones
voto.318-19.v3,41627,id,v3,C,id de la fila v3 con el mismo texto,2026-09-23,41627,sesiones
voto.368-466.V2,13531,id,V2,C,id de la fila V2 que imprime el resultado,2026-09-23,13531,sesiones
voto.368-466.lista.V2,13525,id,V2,C,fila V2 con la lista de la votación,2026-09-23,13525,sesiones
voto.368-466.lista.v3,15037,id,v3,C,fila v3 con la lista de la votación,2026-09-23,15037,sesiones
voto.368-466.mitad,234,n,V2,L,texto de V2 13531: la mitad más uno,2026-09-23,234,sesiones
voto.368-466.no,0,n,V2,L,texto de V2 13531: votos en contra,2026-09-23,0,sesiones
voto.368-466.si,368,n,V2,L,texto de V2 13531: votos a favor,2026-09-23,368,sesiones
voto.368-466.total,466,n,V2,L,texto de V2 13531: diputados que cuenta la Presidencia,2026-09-23,466,sesiones
voto.368-466.v3,15043,id,v3,C,id de la fila v3 con el mismo texto,2026-09-23,15043,sesiones
voto.constitucion.prometidos,466,n,V2,L,texto de la fila V2 13531: diputados que han prometido el cargo («suman N»),2026-09-23,466,cortes
voto.constitucion.si,368,n,V2,L,"texto de la fila V2 13531: votantes, todos a favor",2026-09-23,368,cortes
voto.listas.filas,1023,n,V2,C,filas V2 cuyo texto plegado contiene «señores que dijeron/han dicho sí/no»,2026-09-23,1.023,sesiones
voto.listas.sesiones,405,n,V2,C,"sesiones (date, num_session) con al menos una fila cuyo texto plegado contiene «señores que dijeron/han dicho sí/no»",2026-09-23,405,sesiones
voto.n,6,n,V2,R,"selección editorial de F26: 161–121, 178–59, 368, 318–19, 314–24, 238–5",2026-09-23,6,sesiones
voto.sesiones,5,n,V2,R,"sesiones de esas seis votaciones: 1-X-1931, 13-X-1931, 9-XII-1931, 9-IX-1932, 7-IV-1936",2026-09-23,5,sesiones
F10.1931-1933.filas.0,19785,n,V2,FIG,barras de longitud de las filas por tramo de palabras y legislatura (FigLongitud); src/data/longitud.json · en es/metodo,2026-09-23,19.785,figura:F10
F10.1931-1933.filas.1,8729,n,V2,FIG,barras de longitud de las filas por tramo de palabras y legislatura (FigLongitud); src/data/longitud.json · en es/metodo,2026-09-23,8.729,figura:F10
F10.1931-1933.filas.2,5586,n,V2,FIG,barras de longitud de las filas por tramo de palabras y legislatura (FigLongitud); src/data/longitud.json · en es/metodo,2026-09-23,5.586,figura:F10
F10.1931-1933.filas.3,7237,n,V2,FIG,barras de longitud de las filas por tramo de palabras y legislatura (FigLongitud); src/data/longitud.json · en es/metodo,2026-09-23,7.237,figura:F10
F10.1931-1933.filas.4,4217,n,V2,FIG,barras de longitud de las filas por tramo de palabras y legislatura (FigLongitud); src/data/longitud.json · en es/metodo,2026-09-23,4.217,figura:F10
F10.1931-1933.filas.5,6479,n,V2,FIG,barras de longitud de las filas por tramo de palabras y legislatura (FigLongitud); src/data/longitud.json · en es/metodo,2026-09-23,6.479,figura:F10
F10.1931-1933.filas.6,5998,n,V2,FIG,barras de longitud de las filas por tramo de palabras y legislatura (FigLongitud); src/data/longitud.json · en es/metodo,2026-09-23,5.998,figura:F10
F10.1931-1933.filas.7,2660,n,V2,FIG,barras de longitud de las filas por tramo de palabras y legislatura (FigLongitud); src/data/longitud.json · en es/metodo,2026-09-23,2.660,figura:F10
F10.1931-1933.filas.8,647,n,V2,FIG,barras de longitud de las filas por tramo de palabras y legislatura (FigLongitud); src/data/longitud.json · en es/metodo,2026-09-23,647,figura:F10
F10.1931-1933.filas.9,17,n,V2,FIG,barras de longitud de las filas por tramo de palabras y legislatura (FigLongitud); src/data/longitud.json · en es/metodo,2026-09-23,17,figura:F10
F10.1931-1933.palabras.0,69270,n,V2,FIG,barras de longitud de las filas por tramo de palabras y legislatura (FigLongitud); src/data/longitud.json · en es/metodo,2026-09-23,69.270,figura:F10
F10.1931-1933.palabras.1,62779,n,V2,FIG,barras de longitud de las filas por tramo de palabras y legislatura (FigLongitud); src/data/longitud.json · en es/metodo,2026-09-23,62.779,figura:F10
F10.1931-1933.palabras.2,84459,n,V2,FIG,barras de longitud de las filas por tramo de palabras y legislatura (FigLongitud); src/data/longitud.json · en es/metodo,2026-09-23,84.459,figura:F10
F10.1931-1933.palabras.3,235576,n,V2,FIG,barras de longitud de las filas por tramo de palabras y legislatura (FigLongitud); src/data/longitud.json · en es/metodo,2026-09-23,235.576,figura:F10
F10.1931-1933.palabras.4,304388,n,V2,FIG,barras de longitud de las filas por tramo de palabras y legislatura (FigLongitud); src/data/longitud.json · en es/metodo,2026-09-23,304.388,figura:F10
F10.1931-1933.palabras.5,1181542,n,V2,FIG,barras de longitud de las filas por tramo de palabras y legislatura (FigLongitud); src/data/longitud.json · en es/metodo,2026-09-23,1.181.542,figura:F10
F10.1931-1933.palabras.6,3358950,n,V2,FIG,barras de longitud de las filas por tramo de palabras y legislatura (FigLongitud); src/data/longitud.json · en es/metodo,2026-09-23,3.358.950,figura:F10
F10.1931-1933.palabras.7,4448006,n,V2,FIG,barras de longitud de las filas por tramo de palabras y legislatura (FigLongitud); src/data/longitud.json · en es/metodo,2026-09-23,4.448.006,figura:F10
F10.1931-1933.palabras.8,3006189,n,V2,FIG,barras de longitud de las filas por tramo de palabras y legislatura (FigLongitud); src/data/longitud.json · en es/metodo,2026-09-23,3.006.189,figura:F10
F10.1931-1933.palabras.9,215131,n,V2,FIG,barras de longitud de las filas por tramo de palabras y legislatura (FigLongitud); src/data/longitud.json · en es/metodo,2026-09-23,215.131,figura:F10
F10.1933-1935.filas.0,12789,n,V2,FIG,barras de longitud de las filas por tramo de palabras y legislatura (FigLongitud); src/data/longitud.json · en es/metodo,2026-09-23,12.789,figura:F10
F10.1933-1935.filas.1,5413,n,V2,FIG,barras de longitud de las filas por tramo de palabras y legislatura (FigLongitud); src/data/longitud.json · en es/metodo,2026-09-23,5.413,figura:F10
F10.1933-1935.filas.2,3711,n,V2,FIG,barras de longitud de las filas por tramo de palabras y legislatura (FigLongitud); src/data/longitud.json · en es/metodo,2026-09-23,3.711,figura:F10
F10.1933-1935.filas.3,4679,n,V2,FIG,barras de longitud de las filas por tramo de palabras y legislatura (FigLongitud); src/data/longitud.json · en es/metodo,2026-09-23,4.679,figura:F10
F10.1933-1935.filas.4,2762,n,V2,FIG,barras de longitud de las filas por tramo de palabras y legislatura (FigLongitud); src/data/longitud.json · en es/metodo,2026-09-23,2.762,figura:F10
F10.1933-1935.filas.5,4223,n,V2,FIG,barras de longitud de las filas por tramo de palabras y legislatura (FigLongitud); src/data/longitud.json · en es/metodo,2026-09-23,4.223,figura:F10
F10.1933-1935.filas.6,4108,n,V2,FIG,barras de longitud de las filas por tramo de palabras y legislatura (FigLongitud); src/data/longitud.json · en es/metodo,2026-09-23,4.108,figura:F10
F10.1933-1935.filas.7,2132,n,V2,FIG,barras de longitud de las filas por tramo de palabras y legislatura (FigLongitud); src/data/longitud.json · en es/metodo,2026-09-23,2.132,figura:F10
F10.1933-1935.filas.8,520,n,V2,FIG,barras de longitud de las filas por tramo de palabras y legislatura (FigLongitud); src/data/longitud.json · en es/metodo,2026-09-23,520,figura:F10
F10.1933-1935.filas.9,5,n,V2,FIG,barras de longitud de las filas por tramo de palabras y legislatura (FigLongitud); src/data/longitud.json · en es/metodo,2026-09-23,5,figura:F10
F10.1933-1935.palabras.0,46109,n,V2,FIG,barras de longitud de las filas por tramo de palabras y legislatura (FigLongitud); src/data/longitud.json · en es/metodo,2026-09-23,46.109,figura:F10
F10.1933-1935.palabras.1,40457,n,V2,FIG,barras de longitud de las filas por tramo de palabras y legislatura (FigLongitud); src/data/longitud.json · en es/metodo,2026-09-23,40.457,figura:F10
F10.1933-1935.palabras.2,55000,n,V2,FIG,barras de longitud de las filas por tramo de palabras y legislatura (FigLongitud); src/data/longitud.json · en es/metodo,2026-09-23,55.000,figura:F10
F10.1933-1935.palabras.3,153073,n,V2,FIG,barras de longitud de las filas por tramo de palabras y legislatura (FigLongitud); src/data/longitud.json · en es/metodo,2026-09-23,153.073,figura:F10
F10.1933-1935.palabras.4,199426,n,V2,FIG,barras de longitud de las filas por tramo de palabras y legislatura (FigLongitud); src/data/longitud.json · en es/metodo,2026-09-23,199.426,figura:F10
F10.1933-1935.palabras.5,755345,n,V2,FIG,barras de longitud de las filas por tramo de palabras y legislatura (FigLongitud); src/data/longitud.json · en es/metodo,2026-09-23,755.345,figura:F10
F10.1933-1935.palabras.6,2339445,n,V2,FIG,barras de longitud de las filas por tramo de palabras y legislatura (FigLongitud); src/data/longitud.json · en es/metodo,2026-09-23,2.339.445,figura:F10
F10.1933-1935.palabras.7,3563526,n,V2,FIG,barras de longitud de las filas por tramo de palabras y legislatura (FigLongitud); src/data/longitud.json · en es/metodo,2026-09-23,3.563.526,figura:F10
F10.1933-1935.palabras.8,2265298,n,V2,FIG,barras de longitud de las filas por tramo de palabras y legislatura (FigLongitud); src/data/longitud.json · en es/metodo,2026-09-23,2.265.298,figura:F10
F10.1933-1935.palabras.9,58441,n,V2,FIG,barras de longitud de las filas por tramo de palabras y legislatura (FigLongitud); src/data/longitud.json · en es/metodo,2026-09-23,58.441,figura:F10
F10.1936-1939.filas.0,1622,n,V2,FIG,barras de longitud de las filas por tramo de palabras y legislatura (FigLongitud); src/data/longitud.json · en es/metodo,2026-09-23,1.622,figura:F10
F10.1936-1939.filas.1,860,n,V2,FIG,barras de longitud de las filas por tramo de palabras y legislatura (FigLongitud); src/data/longitud.json · en es/metodo,2026-09-23,860,figura:F10
F10.1936-1939.filas.2,548,n,V2,FIG,barras de longitud de las filas por tramo de palabras y legislatura (FigLongitud); src/data/longitud.json · en es/metodo,2026-09-23,548,figura:F10
F10.1936-1939.filas.3,591,n,V2,FIG,barras de longitud de las filas por tramo de palabras y legislatura (FigLongitud); src/data/longitud.json · en es/metodo,2026-09-23,591,figura:F10
F10.1936-1939.filas.4,360,n,V2,FIG,barras de longitud de las filas por tramo de palabras y legislatura (FigLongitud); src/data/longitud.json · en es/metodo,2026-09-23,360,figura:F10
F10.1936-1939.filas.5,598,n,V2,FIG,barras de longitud de las filas por tramo de palabras y legislatura (FigLongitud); src/data/longitud.json · en es/metodo,2026-09-23,598,figura:F10
F10.1936-1939.filas.6,715,n,V2,FIG,barras de longitud de las filas por tramo de palabras y legislatura (FigLongitud); src/data/longitud.json · en es/metodo,2026-09-23,715,figura:F10
F10.1936-1939.filas.7,433,n,V2,FIG,barras de longitud de las filas por tramo de palabras y legislatura (FigLongitud); src/data/longitud.json · en es/metodo,2026-09-23,433,figura:F10
F10.1936-1939.filas.8,125,n,V2,FIG,barras de longitud de las filas por tramo de palabras y legislatura (FigLongitud); src/data/longitud.json · en es/metodo,2026-09-23,125,figura:F10
F10.1936-1939.filas.9,2,n,V2,FIG,barras de longitud de las filas por tramo de palabras y legislatura (FigLongitud); src/data/longitud.json · en es/metodo,2026-09-23,2,figura:F10
F10.1936-1939.palabras.0,5760,n,V2,FIG,barras de longitud de las filas por tramo de palabras y legislatura (FigLongitud); src/data/longitud.json · en es/metodo,2026-09-23,5.760,figura:F10
F10.1936-1939.palabras.1,6267,n,V2,FIG,barras de longitud de las filas por tramo de palabras y legislatura (FigLongitud); src/data/longitud.json · en es/metodo,2026-09-23,6.267,figura:F10
F10.1936-1939.palabras.2,8100,n,V2,FIG,barras de longitud de las filas por tramo de palabras y legislatura (FigLongitud); src/data/longitud.json · en es/metodo,2026-09-23,8.100,figura:F10
F10.1936-1939.palabras.3,19274,n,V2,FIG,barras de longitud de las filas por tramo de palabras y legislatura (FigLongitud); src/data/longitud.json · en es/metodo,2026-09-23,19.274,figura:F10
F10.1936-1939.palabras.4,25310,n,V2,FIG,barras de longitud de las filas por tramo de palabras y legislatura (FigLongitud); src/data/longitud.json · en es/metodo,2026-09-23,25.310,figura:F10
F10.1936-1939.palabras.5,110384,n,V2,FIG,barras de longitud de las filas por tramo de palabras y legislatura (FigLongitud); src/data/longitud.json · en es/metodo,2026-09-23,110.384,figura:F10
F10.1936-1939.palabras.6,418625,n,V2,FIG,barras de longitud de las filas por tramo de palabras y legislatura (FigLongitud); src/data/longitud.json · en es/metodo,2026-09-23,418.625,figura:F10
F10.1936-1939.palabras.7,742523,n,V2,FIG,barras de longitud de las filas por tramo de palabras y legislatura (FigLongitud); src/data/longitud.json · en es/metodo,2026-09-23,742.523,figura:F10
F10.1936-1939.palabras.8,535145,n,V2,FIG,barras de longitud de las filas por tramo de palabras y legislatura (FigLongitud); src/data/longitud.json · en es/metodo,2026-09-23,535.145,figura:F10
F10.1936-1939.palabras.9,22098,n,V2,FIG,barras de longitud de las filas por tramo de palabras y legislatura (FigLongitud); src/data/longitud.json · en es/metodo,2026-09-23,22.098,figura:F10
F10.todas.filas.0,34196,n,V2,FIG,barras de longitud de las filas por tramo de palabras y legislatura (FigLongitud); src/data/longitud.json · en es/metodo,2026-09-23,34.196,figura:F10
F10.todas.filas.1,15002,n,V2,FIG,barras de longitud de las filas por tramo de palabras y legislatura (FigLongitud); src/data/longitud.json · en es/metodo,2026-09-23,15.002,figura:F10
F10.todas.filas.2,9845,n,V2,FIG,barras de longitud de las filas por tramo de palabras y legislatura (FigLongitud); src/data/longitud.json · en es/metodo,2026-09-23,9.845,figura:F10
F10.todas.filas.3,12507,n,V2,FIG,barras de longitud de las filas por tramo de palabras y legislatura (FigLongitud); src/data/longitud.json · en es/metodo,2026-09-23,12.507,figura:F10
F10.todas.filas.4,7339,n,V2,FIG,barras de longitud de las filas por tramo de palabras y legislatura (FigLongitud); src/data/longitud.json · en es/metodo,2026-09-23,7.339,figura:F10
F10.todas.filas.5,11300,n,V2,FIG,barras de longitud de las filas por tramo de palabras y legislatura (FigLongitud); src/data/longitud.json · en es/metodo,2026-09-23,11.300,figura:F10
F10.todas.filas.6,10821,n,V2,FIG,barras de longitud de las filas por tramo de palabras y legislatura (FigLongitud); src/data/longitud.json · en es/metodo,2026-09-23,10.821,figura:F10
F10.todas.filas.7,5225,n,V2,FIG,barras de longitud de las filas por tramo de palabras y legislatura (FigLongitud); src/data/longitud.json · en es/metodo,2026-09-23,5.225,figura:F10
F10.todas.filas.8,1292,n,V2,FIG,barras de longitud de las filas por tramo de palabras y legislatura (FigLongitud); src/data/longitud.json · en es/metodo,2026-09-23,1.292,figura:F10
F10.todas.filas.9,24,n,V2,FIG,barras de longitud de las filas por tramo de palabras y legislatura (FigLongitud); src/data/longitud.json · en es/metodo,2026-09-23,24,figura:F10
F10.todas.palabras.0,121139,n,V2,FIG,barras de longitud de las filas por tramo de palabras y legislatura (FigLongitud); src/data/longitud.json · en es/metodo,2026-09-23,121.139,figura:F10
F10.todas.palabras.1,109503,n,V2,FIG,barras de longitud de las filas por tramo de palabras y legislatura (FigLongitud); src/data/longitud.json · en es/metodo,2026-09-23,109.503,figura:F10
F10.todas.palabras.2,147559,n,V2,FIG,barras de longitud de las filas por tramo de palabras y legislatura (FigLongitud); src/data/longitud.json · en es/metodo,2026-09-23,147.559,figura:F10
F10.todas.palabras.3,407923,n,V2,FIG,barras de longitud de las filas por tramo de palabras y legislatura (FigLongitud); src/data/longitud.json · en es/metodo,2026-09-23,407.923,figura:F10
F10.todas.palabras.4,529124,n,V2,FIG,barras de longitud de las filas por tramo de palabras y legislatura (FigLongitud); src/data/longitud.json · en es/metodo,2026-09-23,529.124,figura:F10
F10.todas.palabras.5,2047271,n,V2,FIG,barras de longitud de las filas por tramo de palabras y legislatura (FigLongitud); src/data/longitud.json · en es/metodo,2026-09-23,2.047.271,figura:F10
F10.todas.palabras.6,6117020,n,V2,FIG,barras de longitud de las filas por tramo de palabras y legislatura (FigLongitud); src/data/longitud.json · en es/metodo,2026-09-23,6.117.020,figura:F10
F10.todas.palabras.7,8754055,n,V2,FIG,barras de longitud de las filas por tramo de palabras y legislatura (FigLongitud); src/data/longitud.json · en es/metodo,2026-09-23,8.754.055,figura:F10
F10.todas.palabras.8,5806632,n,V2,FIG,barras de longitud de las filas por tramo de palabras y legislatura (FigLongitud); src/data/longitud.json · en es/metodo,2026-09-23,5.806.632,figura:F10
F10.todas.palabras.9,295670,n,V2,FIG,barras de longitud de las filas por tramo de palabras y legislatura (FigLongitud); src/data/longitud.json · en es/metodo,2026-09-23,295.670,figura:F10
F27.fila.1.V2,420,id,V2,FIG,filas de «luz y taquígrafos» en la cronología: id V2 y v3 de cada cita (FigCronologia); src/data/diario.json · en es/diario,2026-09-23,420,figura:F27
F27.fila.10.V2,106747,id,V2,FIG,filas de «luz y taquígrafos» en la cronología: id V2 y v3 de cada cita (FigCronologia); src/data/diario.json · en es/diario,2026-09-23,106747,figura:F27
F27.fila.2.V2,23898,id,V2,FIG,filas de «luz y taquígrafos» en la cronología: id V2 y v3 de cada cita (FigCronologia); src/data/diario.json · en es/diario,2026-09-23,23898,figura:F27
F27.fila.3.V2,24658,id,V2,FIG,filas de «luz y taquígrafos» en la cronología: id V2 y v3 de cada cita (FigCronologia); src/data/diario.json · en es/diario,2026-09-23,24658,figura:F27
F27.fila.4.V2,55902,id,V2,FIG,filas de «luz y taquígrafos» en la cronología: id V2 y v3 de cada cita (FigCronologia); src/data/diario.json · en es/diario,2026-09-23,55902,figura:F27
F27.fila.5.V2,57506,id,V2,FIG,filas de «luz y taquígrafos» en la cronología: id V2 y v3 de cada cita (FigCronologia); src/data/diario.json · en es/diario,2026-09-23,57506,figura:F27
F27.fila.6.V2,71330,id,V2,FIG,filas de «luz y taquígrafos» en la cronología: id V2 y v3 de cada cita (FigCronologia); src/data/diario.json · en es/diario,2026-09-23,71330,figura:F27
F27.fila.7.V2,75263,id,V2,FIG,filas de «luz y taquígrafos» en la cronología: id V2 y v3 de cada cita (FigCronologia); src/data/diario.json · en es/diario,2026-09-23,75263,figura:F27
F27.fila.8.V2,79803,id,V2,FIG,filas de «luz y taquígrafos» en la cronología: id V2 y v3 de cada cita (FigCronologia); src/data/diario.json · en es/diario,2026-09-23,79803,figura:F27
F27.fila.9.V2,99859,id,V2,FIG,filas de «luz y taquígrafos» en la cronología: id V2 y v3 de cada cita (FigCronologia); src/data/diario.json · en es/diario,2026-09-23,99859,figura:F27
F28.acotacion.1.V2,103182,id,V2,FIG,órdenes de no constar en el Diario: id V2 y v3 de cada fila (FigCronologia); src/data/diario.json · en es/diario,2026-09-23,103182,figura:F28
F28.acotacion.2.V2,103250,id,V2,FIG,órdenes de no constar en el Diario: id V2 y v3 de cada fila (FigCronologia); src/data/diario.json · en es/diario,2026-09-23,103250,figura:F28
F28.acotacion.3.V2,105310,id,V2,FIG,órdenes de no constar en el Diario: id V2 y v3 de cada fila (FigCronologia); src/data/diario.json · en es/diario,2026-09-23,105310,figura:F28
F28.acotacion.4.V2,105324,id,V2,FIG,órdenes de no constar en el Diario: id V2 y v3 de cada fila (FigCronologia); src/data/diario.json · en es/diario,2026-09-23,105324,figura:F28
F28.acotacion.5.V2,106289,id,V2,FIG,órdenes de no constar en el Diario: id V2 y v3 de cada fila (FigCronologia); src/data/diario.json · en es/diario,2026-09-23,106289,figura:F28
F28.ajena.1.V2,64659,id,V2,FIG,órdenes de no constar en el Diario: id V2 y v3 de cada fila (FigCronologia); src/data/diario.json · en es/diario,2026-09-23,64659,figura:F28
F28.orden.1.V2,13605,id,V2,FIG,órdenes de no constar en el Diario: id V2 y v3 de cada fila (FigCronologia); src/data/diario.json · en es/diario,2026-09-23,13605,figura:F28
F28.orden.2.V2,45115,id,V2,FIG,órdenes de no constar en el Diario: id V2 y v3 de cada fila (FigCronologia); src/data/diario.json · en es/diario,2026-09-23,45115,figura:F28
F28.orden.3.V2,45440,id,V2,FIG,órdenes de no constar en el Diario: id V2 y v3 de cada fila (FigCronologia); src/data/diario.json · en es/diario,2026-09-23,45440,figura:F28
F28.orden.4.V2,102484,id,V2,FIG,órdenes de no constar en el Diario: id V2 y v3 de cada fila (FigCronologia); src/data/diario.json · en es/diario,2026-09-23,102484,figura:F28
F28.orden.5.V2,102486,id,V2,FIG,órdenes de no constar en el Diario: id V2 y v3 de cada fila (FigCronologia); src/data/diario.json · en es/diario,2026-09-23,102486,figura:F28
F28.orden.6.V2,102492,id,V2,FIG,órdenes de no constar en el Diario: id V2 y v3 de cada fila (FigCronologia); src/data/diario.json · en es/diario,2026-09-23,102492,figura:F28
F28.orden.7.V2,103251,id,V2,FIG,órdenes de no constar en el Diario: id V2 y v3 de cada fila (FigCronologia); src/data/diario.json · en es/diario,2026-09-23,103251,figura:F28
F28.orden.8.V2,106290,id,V2,FIG,órdenes de no constar en el Diario: id V2 y v3 de cada fila (FigCronologia); src/data/diario.json · en es/diario,2026-09-23,106290,figura:F28
F28.peticion.1.V2,104406,id,V2,FIG,órdenes de no constar en el Diario: id V2 y v3 de cada fila (FigCronologia); src/data/diario.json · en es/diario,2026-09-23,104406,figura:F28
aplausos.asua.id,3006,id,v3,FIG,"frases del juego «El aplausómetro» (El Diario): fila de cada una; src/data/aplausos.json · en es/cortes/sesiones, es/diario",2026-09-23,3006,figura:tabla
aplausos.azana.id,50380,id,v3,FIG,"frases del juego «El aplausómetro» (El Diario): fila de cada una; src/data/aplausos.json · en es/cortes/sesiones, es/diario",2026-09-23,50380,figura:tabla
aplausos.balbontin.id,68865,id,v3,FIG,"frases del juego «El aplausómetro» (El Diario): fila de cada una; src/data/aplausos.json · en es/cortes/sesiones, es/diario",2026-09-23,68865,figura:tabla
aplausos.besteiro.id,73492,id,v3,FIG,"frases del juego «El aplausómetro» (El Diario): fila de cada una; src/data/aplausos.json · en es/cortes/sesiones, es/diario",2026-09-23,73492,figura:tabla
aplausos.calvo_sotelo.id,83992,id,v3,FIG,"frases del juego «El aplausómetro» (El Diario): fila de cada una; src/data/aplausos.json · en es/cortes/sesiones, es/diario",2026-09-23,83992,figura:tabla
aplausos.campoamor_ateneo.id,6077,id,v3,FIG,"frases del juego «El aplausómetro» (El Diario): fila de cada una; src/data/aplausos.json · en es/cortes/sesiones, es/diario",2026-09-23,6077,figura:tabla
aplausos.campoamor_enmienda.id,18816,id,v3,FIG,"frases del juego «El aplausómetro» (El Diario): fila de cada una; src/data/aplausos.json · en es/cortes/sesiones, es/diario",2026-09-23,18816,figura:tabla
aplausos.casares.id,116867,id,v3,FIG,"frases del juego «El aplausómetro» (El Diario): fila de cada una; src/data/aplausos.json · en es/cortes/sesiones, es/diario",2026-09-23,116867,figura:tabla
aplausos.chapaprieta.id,105702,id,v3,FIG,"frases del juego «El aplausómetro» (El Diario): fila de cada una; src/data/aplausos.json · en es/cortes/sesiones, es/diario",2026-09-23,105702,figura:tabla
aplausos.companys.id,6093,id,v3,FIG,"frases del juego «El aplausómetro» (El Diario): fila de cada una; src/data/aplausos.json · en es/cortes/sesiones, es/diario",2026-09-23,6093,figura:tabla
aplausos.fuentes_pila.id,84218,id,v3,FIG,frases del juego «El aplausómetro» (El Diario): fila de cada una; src/data/aplausos.json · en es/diario,2026-09-23,84218,figura:tabla
aplausos.gil_robles.id,69230,id,v3,FIG,"frases del juego «El aplausómetro» (El Diario): fila de cada una; src/data/aplausos.json · en es/cortes/sesiones, es/diario",2026-09-23,69230,figura:tabla
aplausos.ibarruri.id,118178,id,v3,FIG,"frases del juego «El aplausómetro» (El Diario): fila de cada una; src/data/aplausos.json · en es/cortes/sesiones, es/diario",2026-09-23,118178,figura:tabla
aplausos.maura.id,21037,id,v3,FIG,"frases del juego «El aplausómetro» (El Diario): fila de cada una; src/data/aplausos.json · en es/cortes/sesiones, es/diario",2026-09-23,21037,figura:tabla
aplausos.nelken.id,52163,id,v3,FIG,"frases del juego «El aplausómetro» (El Diario): fila de cada una; src/data/aplausos.json · en es/cortes/sesiones, es/diario",2026-09-23,52163,figura:tabla
aplausos.ortega.id,63526,id,v3,FIG,"frases del juego «El aplausómetro» (El Diario): fila de cada una; src/data/aplausos.json · en es/cortes/sesiones, es/diario",2026-09-23,63526,figura:tabla
aplausos.prieto.id,3674,id,v3,FIG,"frases del juego «El aplausómetro» (El Diario): fila de cada una; src/data/aplausos.json · en es/cortes/sesiones, es/diario",2026-09-23,3674,figura:tabla
aplausos.royo_caspe.id,3622,id,v3,FIG,"frases del juego «El aplausómetro» (El Diario): fila de cada una; src/data/aplausos.json · en es/cortes/sesiones, es/diario",2026-09-23,3622,figura:tabla
aplausos.royo_siento.id,4319,id,v3,FIG,"frases del juego «El aplausómetro» (El Diario): fila de cada una; src/data/aplausos.json · en es/cortes/sesiones, es/diario",2026-09-23,4319,figura:tabla
aplausos.unamuno.id,8905,id,v3,FIG,"frases del juego «El aplausómetro» (El Diario): fila de cada una; src/data/aplausos.json · en es/cortes/sesiones, es/diario",2026-09-23,8905,figura:tabla
bibliotecas.json › anecdotas,1,n,v3,FIG,bibliotecas del explorador: entradas y oradores (FigBibliotecas); src/data/bibliotecas.json · en es/explorador,2026-09-23,1,figura:F17
bibliotecas.json › discursos,1,n,v3,FIG,bibliotecas del explorador: entradas y oradores (FigBibliotecas); src/data/bibliotecas.json · en es/explorador,2026-09-23,1,figura:F17
bibliotecas.json › l1.entradas,29,n,v3,FIG,bibliotecas del explorador: entradas y oradores (FigBibliotecas); src/data/bibliotecas.json · en es/explorador,2026-09-23,29,figura:F17
bibliotecas.json › l1.oradores,,n,v3,FIG,campo que la figura repite en cada fila: bibliotecas del explorador: entradas y oradores (FigBibliotecas); src/data/bibliotecas.json · en es/explorador,2026-09-23,"5 valores distintos, de 8.579 a 51.462",figura:F17
bibliotecas.json › l1.sesiones,19,n,v3,FIG,bibliotecas del explorador: entradas y oradores (FigBibliotecas); src/data/bibliotecas.json · en es/explorador,2026-09-23,19,figura:F17
bibliotecas.json › l2b1.entradas,332,n,v3,FIG,bibliotecas del explorador: entradas y oradores (FigBibliotecas); src/data/bibliotecas.json · en es/explorador,2026-09-23,332,figura:F17
bibliotecas.json › l2b1.oradores,,n,v3,FIG,campo que la figura repite en cada fila: bibliotecas del explorador: entradas y oradores (FigBibliotecas); src/data/bibliotecas.json · en es/explorador,2026-09-23,"5 valores distintos, de 4.815 a 7.066",figura:F17
bibliotecas.json › l2b1.sesiones,4,n,v3,FIG,bibliotecas del explorador: entradas y oradores (FigBibliotecas); src/data/bibliotecas.json · en es/explorador,2026-09-23,4,figura:F17
bibliotecas.json › l2b10.entradas,602,n,v3,FIG,bibliotecas del explorador: entradas y oradores (FigBibliotecas); src/data/bibliotecas.json · en es/explorador,2026-09-23,602,figura:F17
bibliotecas.json › l2b10.oradores,,n,v3,FIG,campo que la figura repite en cada fila: bibliotecas del explorador: entradas y oradores (FigBibliotecas); src/data/bibliotecas.json · en es/explorador,2026-09-23,"5 valores distintos, de 7.951 a 26.345",figura:F17
bibliotecas.json › l2b10.sesiones,3,n,v3,FIG,bibliotecas del explorador: entradas y oradores (FigBibliotecas); src/data/bibliotecas.json · en es/explorador,2026-09-23,3,figura:F17
bibliotecas.json › l2b11.entradas,705,n,v3,FIG,bibliotecas del explorador: entradas y oradores (FigBibliotecas); src/data/bibliotecas.json · en es/explorador,2026-09-23,705,figura:F17
bibliotecas.json › l2b11.oradores,,n,v3,FIG,campo que la figura repite en cada fila: bibliotecas del explorador: entradas y oradores (FigBibliotecas); src/data/bibliotecas.json · en es/explorador,2026-09-23,"5 valores distintos, de 7.326 a 11.226",figura:F17
bibliotecas.json › l2b11.sesiones,4,n,v3,FIG,bibliotecas del explorador: entradas y oradores (FigBibliotecas); src/data/bibliotecas.json · en es/explorador,2026-09-23,4,figura:F17
bibliotecas.json › l2b12.entradas,371,n,v3,FIG,bibliotecas del explorador: entradas y oradores (FigBibliotecas); src/data/bibliotecas.json · en es/explorador,2026-09-23,371,figura:F17
bibliotecas.json › l2b12.oradores,,n,v3,FIG,campo que la figura repite en cada fila: bibliotecas del explorador: entradas y oradores (FigBibliotecas); src/data/bibliotecas.json · en es/explorador,2026-09-23,"5 valores distintos, de 7.289 a 8.810",figura:F17
bibliotecas.json › l2b12.sesiones,4,n,v3,FIG,bibliotecas del explorador: entradas y oradores (FigBibliotecas); src/data/bibliotecas.json · en es/explorador,2026-09-23,4,figura:F17
bibliotecas.json › l2b13.entradas,139,n,v3,FIG,bibliotecas del explorador: entradas y oradores (FigBibliotecas); src/data/bibliotecas.json · en es/explorador,2026-09-23,139,figura:F17
bibliotecas.json › l2b13.oradores,,n,v3,FIG,campo que la figura repite en cada fila: bibliotecas del explorador: entradas y oradores (FigBibliotecas); src/data/bibliotecas.json · en es/explorador,2026-09-23,"5 valores distintos, de 3.256 a 8.814",figura:F17
bibliotecas.json › l2b13.sesiones,2,n,v3,FIG,bibliotecas del explorador: entradas y oradores (FigBibliotecas); src/data/bibliotecas.json · en es/explorador,2026-09-23,2,figura:F17
bibliotecas.json › l2b14.entradas,604,n,v3,FIG,bibliotecas del explorador: entradas y oradores (FigBibliotecas); src/data/bibliotecas.json · en es/explorador,2026-09-23,604,figura:F17
bibliotecas.json › l2b14.oradores,,n,v3,FIG,campo que la figura repite en cada fila: bibliotecas del explorador: entradas y oradores (FigBibliotecas); src/data/bibliotecas.json · en es/explorador,2026-09-23,"5 valores distintos, de 9.714 a 32.555",figura:F17
bibliotecas.json › l2b14.sesiones,5,n,v3,FIG,bibliotecas del explorador: entradas y oradores (FigBibliotecas); src/data/bibliotecas.json · en es/explorador,2026-09-23,5,figura:F17
bibliotecas.json › l2b15.entradas,280,n,v3,FIG,bibliotecas del explorador: entradas y oradores (FigBibliotecas); src/data/bibliotecas.json · en es/explorador,2026-09-23,280,figura:F17
bibliotecas.json › l2b15.oradores,,n,v3,FIG,campo que la figura repite en cada fila: bibliotecas del explorador: entradas y oradores (FigBibliotecas); src/data/bibliotecas.json · en es/explorador,2026-09-23,"5 valores distintos, de 4.737 a 31.794",figura:F17
bibliotecas.json › l2b15.sesiones,9,n,v3,FIG,bibliotecas del explorador: entradas y oradores (FigBibliotecas); src/data/bibliotecas.json · en es/explorador,2026-09-23,9,figura:F17
bibliotecas.json › l2b16.entradas,211,n,v3,FIG,bibliotecas del explorador: entradas y oradores (FigBibliotecas); src/data/bibliotecas.json · en es/explorador,2026-09-23,211,figura:F17
bibliotecas.json › l2b16.oradores,,n,v3,FIG,campo que la figura repite en cada fila: bibliotecas del explorador: entradas y oradores (FigBibliotecas); src/data/bibliotecas.json · en es/explorador,2026-09-23,"5 valores distintos, de 4.193 a 9.792",figura:F17
bibliotecas.json › l2b16.sesiones,5,n,v3,FIG,bibliotecas del explorador: entradas y oradores (FigBibliotecas); src/data/bibliotecas.json · en es/explorador,2026-09-23,5,figura:F17
bibliotecas.json › l2b17.entradas,676,n,v3,FIG,bibliotecas del explorador: entradas y oradores (FigBibliotecas); src/data/bibliotecas.json · en es/explorador,2026-09-23,676,figura:F17
bibliotecas.json › l2b17.oradores,,n,v3,FIG,campo que la figura repite en cada fila: bibliotecas del explorador: entradas y oradores (FigBibliotecas); src/data/bibliotecas.json · en es/explorador,2026-09-23,"5 valores distintos, de 3.681 a 15.598",figura:F17
bibliotecas.json › l2b17.sesiones,6,n,v3,FIG,bibliotecas del explorador: entradas y oradores (FigBibliotecas); src/data/bibliotecas.json · en es/explorador,2026-09-23,6,figura:F17
bibliotecas.json › l2b18.entradas,387,n,v3,FIG,bibliotecas del explorador: entradas y oradores (FigBibliotecas); src/data/bibliotecas.json · en es/explorador,2026-09-23,387,figura:F17
bibliotecas.json › l2b18.oradores,,n,v3,FIG,campo que la figura repite en cada fila: bibliotecas del explorador: entradas y oradores (FigBibliotecas); src/data/bibliotecas.json · en es/explorador,2026-09-23,"5 valores distintos, de 3.094 a 7.458",figura:F17
bibliotecas.json › l2b18.sesiones,3,n,v3,FIG,bibliotecas del explorador: entradas y oradores (FigBibliotecas); src/data/bibliotecas.json · en es/explorador,2026-09-23,3,figura:F17
bibliotecas.json › l2b19.entradas,126,n,v3,FIG,bibliotecas del explorador: entradas y oradores (FigBibliotecas); src/data/bibliotecas.json · en es/explorador,2026-09-23,126,figura:F17
bibliotecas.json › l2b19.oradores,,n,v3,FIG,campo que la figura repite en cada fila: bibliotecas del explorador: entradas y oradores (FigBibliotecas); src/data/bibliotecas.json · en es/explorador,2026-09-23,"5 valores distintos, de 1.158 a 9.312",figura:F17
bibliotecas.json › l2b19.sesiones,3,n,v3,FIG,bibliotecas del explorador: entradas y oradores (FigBibliotecas); src/data/bibliotecas.json · en es/explorador,2026-09-23,3,figura:F17
bibliotecas.json › l2b2.entradas,770,n,v3,FIG,bibliotecas del explorador: entradas y oradores (FigBibliotecas); src/data/bibliotecas.json · en es/explorador,2026-09-23,770,figura:F17
bibliotecas.json › l2b2.oradores,,n,v3,FIG,campo que la figura repite en cada fila: bibliotecas del explorador: entradas y oradores (FigBibliotecas); src/data/bibliotecas.json · en es/explorador,2026-09-23,"5 valores distintos, de 3.114 a 5.149",figura:F17
bibliotecas.json › l2b2.sesiones,2,n,v3,FIG,bibliotecas del explorador: entradas y oradores (FigBibliotecas); src/data/bibliotecas.json · en es/explorador,2026-09-23,2,figura:F17
bibliotecas.json › l2b20.entradas,383,n,v3,FIG,bibliotecas del explorador: entradas y oradores (FigBibliotecas); src/data/bibliotecas.json · en es/explorador,2026-09-23,383,figura:F17
bibliotecas.json › l2b20.oradores,,n,v3,FIG,campo que la figura repite en cada fila: bibliotecas del explorador: entradas y oradores (FigBibliotecas); src/data/bibliotecas.json · en es/explorador,2026-09-23,"5 valores distintos, de 6.460 a 38.433",figura:F17
bibliotecas.json › l2b20.sesiones,3,n,v3,FIG,bibliotecas del explorador: entradas y oradores (FigBibliotecas); src/data/bibliotecas.json · en es/explorador,2026-09-23,3,figura:F17
bibliotecas.json › l2b21.entradas,482,n,v3,FIG,bibliotecas del explorador: entradas y oradores (FigBibliotecas); src/data/bibliotecas.json · en es/explorador,2026-09-23,482,figura:F17
bibliotecas.json › l2b21.oradores,,n,v3,FIG,campo que la figura repite en cada fila: bibliotecas del explorador: entradas y oradores (FigBibliotecas); src/data/bibliotecas.json · en es/explorador,2026-09-23,"5 valores distintos, de 4.135 a 6.611",figura:F17
bibliotecas.json › l2b21.sesiones,3,n,v3,FIG,bibliotecas del explorador: entradas y oradores (FigBibliotecas); src/data/bibliotecas.json · en es/explorador,2026-09-23,3,figura:F17
bibliotecas.json › l2b22.entradas,152,n,v3,FIG,bibliotecas del explorador: entradas y oradores (FigBibliotecas); src/data/bibliotecas.json · en es/explorador,2026-09-23,152,figura:F17
bibliotecas.json › l2b22.oradores,,n,v3,FIG,campo que la figura repite en cada fila: bibliotecas del explorador: entradas y oradores (FigBibliotecas); src/data/bibliotecas.json · en es/explorador,2026-09-23,"5 valores distintos, de 2.167 a 18.982",figura:F17
bibliotecas.json › l2b22.sesiones,2,n,v3,FIG,bibliotecas del explorador: entradas y oradores (FigBibliotecas); src/data/bibliotecas.json · en es/explorador,2026-09-23,2,figura:F17
bibliotecas.json › l2b23.entradas,273,n,v3,FIG,bibliotecas del explorador: entradas y oradores (FigBibliotecas); src/data/bibliotecas.json · en es/explorador,2026-09-23,273,figura:F17
bibliotecas.json › l2b23.oradores,,n,v3,FIG,campo que la figura repite en cada fila: bibliotecas del explorador: entradas y oradores (FigBibliotecas); src/data/bibliotecas.json · en es/explorador,2026-09-23,"5 valores distintos, de 4.709 a 21.168",figura:F17
bibliotecas.json › l2b23.sesiones,5,n,v3,FIG,bibliotecas del explorador: entradas y oradores (FigBibliotecas); src/data/bibliotecas.json · en es/explorador,2026-09-23,5,figura:F17
bibliotecas.json › l2b24.entradas,1085,n,v3,FIG,bibliotecas del explorador: entradas y oradores (FigBibliotecas); src/data/bibliotecas.json · en es/explorador,2026-09-23,1.085,figura:F17
bibliotecas.json › l2b24.oradores,,n,v3,FIG,campo que la figura repite en cada fila: bibliotecas del explorador: entradas y oradores (FigBibliotecas); src/data/bibliotecas.json · en es/explorador,2026-09-23,"5 valores distintos, de 5.761 a 17.855",figura:F17
bibliotecas.json › l2b24.sesiones,6,n,v3,FIG,bibliotecas del explorador: entradas y oradores (FigBibliotecas); src/data/bibliotecas.json · en es/explorador,2026-09-23,6,figura:F17
bibliotecas.json › l2b25.entradas,873,n,v3,FIG,bibliotecas del explorador: entradas y oradores (FigBibliotecas); src/data/bibliotecas.json · en es/explorador,2026-09-23,873,figura:F17
bibliotecas.json › l2b25.oradores,,n,v3,FIG,campo que la figura repite en cada fila: bibliotecas del explorador: entradas y oradores (FigBibliotecas); src/data/bibliotecas.json · en es/explorador,2026-09-23,"5 valores distintos, de 7.304 a 11.379",figura:F17
bibliotecas.json › l2b25.sesiones,4,n,v3,FIG,bibliotecas del explorador: entradas y oradores (FigBibliotecas); src/data/bibliotecas.json · en es/explorador,2026-09-23,4,figura:F17
bibliotecas.json › l2b26.entradas,30,n,v3,FIG,bibliotecas del explorador: entradas y oradores (FigBibliotecas); src/data/bibliotecas.json · en es/explorador,2026-09-23,30,figura:F17
bibliotecas.json › l2b26.oradores,,n,v3,FIG,campo que la figura repite en cada fila: bibliotecas del explorador: entradas y oradores (FigBibliotecas); src/data/bibliotecas.json · en es/explorador,2026-09-23,"3 valores distintos, de 97 a 400",figura:F17
bibliotecas.json › l2b26.sesiones,2,n,v3,FIG,bibliotecas del explorador: entradas y oradores (FigBibliotecas); src/data/bibliotecas.json · en es/explorador,2026-09-23,2,figura:F17
bibliotecas.json › l2b3.entradas,486,n,v3,FIG,bibliotecas del explorador: entradas y oradores (FigBibliotecas); src/data/bibliotecas.json · en es/explorador,2026-09-23,486,figura:F17
bibliotecas.json › l2b3.oradores,,n,v3,FIG,campo que la figura repite en cada fila: bibliotecas del explorador: entradas y oradores (FigBibliotecas); src/data/bibliotecas.json · en es/explorador,2026-09-23,"5 valores distintos, de 6.606 a 10.509",figura:F17
bibliotecas.json › l2b3.sesiones,4,n,v3,FIG,bibliotecas del explorador: entradas y oradores (FigBibliotecas); src/data/bibliotecas.json · en es/explorador,2026-09-23,4,figura:F17
bibliotecas.json › l2b4.entradas,646,n,v3,FIG,bibliotecas del explorador: entradas y oradores (FigBibliotecas); src/data/bibliotecas.json · en es/explorador,2026-09-23,646,figura:F17
bibliotecas.json › l2b4.oradores,,n,v3,FIG,campo que la figura repite en cada fila: bibliotecas del explorador: entradas y oradores (FigBibliotecas); src/data/bibliotecas.json · en es/explorador,2026-09-23,"5 valores distintos, de 6.907 a 8.469",figura:F17
bibliotecas.json › l2b4.sesiones,3,n,v3,FIG,bibliotecas del explorador: entradas y oradores (FigBibliotecas); src/data/bibliotecas.json · en es/explorador,2026-09-23,3,figura:F17
bibliotecas.json › l2b5.entradas,307,n,v3,FIG,bibliotecas del explorador: entradas y oradores (FigBibliotecas); src/data/bibliotecas.json · en es/explorador,2026-09-23,307,figura:F17
bibliotecas.json › l2b5.oradores,,n,v3,FIG,campo que la figura repite en cada fila: bibliotecas del explorador: entradas y oradores (FigBibliotecas); src/data/bibliotecas.json · en es/explorador,2026-09-23,"5 valores distintos, de 8.563 a 30.725",figura:F17
bibliotecas.json › l2b5.sesiones,6,n,v3,FIG,bibliotecas del explorador: entradas y oradores (FigBibliotecas); src/data/bibliotecas.json · en es/explorador,2026-09-23,6,figura:F17
bibliotecas.json › l2b6.entradas,4497,n,v3,FIG,bibliotecas del explorador: entradas y oradores (FigBibliotecas); src/data/bibliotecas.json · en es/explorador,2026-09-23,4.497,figura:F17
bibliotecas.json › l2b6.oradores,,n,v3,FIG,campo que la figura repite en cada fila: bibliotecas del explorador: entradas y oradores (FigBibliotecas); src/data/bibliotecas.json · en es/explorador,2026-09-23,"5 valores distintos, de 28.128 a 66.769",figura:F17
bibliotecas.json › l2b6.sesiones,47,n,v3,FIG,bibliotecas del explorador: entradas y oradores (FigBibliotecas); src/data/bibliotecas.json · en es/explorador,2026-09-23,47,figura:F17
bibliotecas.json › l2b7.entradas,943,n,v3,FIG,bibliotecas del explorador: entradas y oradores (FigBibliotecas); src/data/bibliotecas.json · en es/explorador,2026-09-23,943,figura:F17
bibliotecas.json › l2b7.oradores,,n,v3,FIG,campo que la figura repite en cada fila: bibliotecas del explorador: entradas y oradores (FigBibliotecas); src/data/bibliotecas.json · en es/explorador,2026-09-23,"5 valores distintos, de 8.987 a 73.637",figura:F17
bibliotecas.json › l2b7.sesiones,9,n,v3,FIG,bibliotecas del explorador: entradas y oradores (FigBibliotecas); src/data/bibliotecas.json · en es/explorador,2026-09-23,9,figura:F17
bibliotecas.json › l2b8.entradas,238,n,v3,FIG,bibliotecas del explorador: entradas y oradores (FigBibliotecas); src/data/bibliotecas.json · en es/explorador,2026-09-23,238,figura:F17
bibliotecas.json › l2b8.oradores,,n,v3,FIG,campo que la figura repite en cada fila: bibliotecas del explorador: entradas y oradores (FigBibliotecas); src/data/bibliotecas.json · en es/explorador,2026-09-23,"5 valores distintos, de 3.692 a 10.828",figura:F17
bibliotecas.json › l2b8.sesiones,2,n,v3,FIG,bibliotecas del explorador: entradas y oradores (FigBibliotecas); src/data/bibliotecas.json · en es/explorador,2026-09-23,2,figura:F17
bibliotecas.json › l2b9.entradas,290,n,v3,FIG,bibliotecas del explorador: entradas y oradores (FigBibliotecas); src/data/bibliotecas.json · en es/explorador,2026-09-23,290,figura:F17
bibliotecas.json › l2b9.oradores,,n,v3,FIG,campo que la figura repite en cada fila: bibliotecas del explorador: entradas y oradores (FigBibliotecas); src/data/bibliotecas.json · en es/explorador,2026-09-23,"5 valores distintos, de 7.205 a 15.068",figura:F17
bibliotecas.json › l2b9.sesiones,4,n,v3,FIG,bibliotecas del explorador: entradas y oradores (FigBibliotecas); src/data/bibliotecas.json · en es/explorador,2026-09-23,4,figura:F17
bibliotecas.json › l3externo.entradas,2164,n,v3,FIG,bibliotecas del explorador: entradas y oradores (FigBibliotecas); src/data/bibliotecas.json · en es/explorador,2026-09-23,2.164,figura:F17
bibliotecas.json › l3externo.oradores,,n,v3,FIG,campo que la figura repite en cada fila: bibliotecas del explorador: entradas y oradores (FigBibliotecas); src/data/bibliotecas.json · en es/explorador,2026-09-23,"5 valores distintos, de 13.253 a 63.408",figura:F17
bibliotecas.json › l3externo.sesiones,19,n,v3,FIG,bibliotecas del explorador: entradas y oradores (FigBibliotecas); src/data/bibliotecas.json · en es/explorador,2026-09-23,19,figura:F17
bibliotecas.json › l3externo.sumarios,226,n,v3,FIG,bibliotecas del explorador: entradas y oradores (FigBibliotecas); src/data/bibliotecas.json · en es/explorador,2026-09-23,226,figura:F17
bibliotecas.json › l3interno.entradas,5585,n,v3,FIG,bibliotecas del explorador: entradas y oradores (FigBibliotecas); src/data/bibliotecas.json · en es/explorador,2026-09-23,5.585,figura:F17
bibliotecas.json › l3interno.oradores,,n,v3,FIG,campo que la figura repite en cada fila: bibliotecas del explorador: entradas y oradores (FigBibliotecas); src/data/bibliotecas.json · en es/explorador,2026-09-23,"5 valores distintos, de 32.461 a 63.447",figura:F17
bibliotecas.json › l3interno.sesiones,35,n,v3,FIG,bibliotecas del explorador: entradas y oradores (FigBibliotecas); src/data/bibliotecas.json · en es/explorador,2026-09-23,35,figura:F17
bibliotecas.json › l3interno.sumarios,493,n,v3,FIG,bibliotecas del explorador: entradas y oradores (FigBibliotecas); src/data/bibliotecas.json · en es/explorador,2026-09-23,493,figura:F17
bibliotecas.json › l3nucleo.entradas,309,n,v3,FIG,bibliotecas del explorador: entradas y oradores (FigBibliotecas); src/data/bibliotecas.json · en es/explorador,2026-09-23,309,figura:F17
bibliotecas.json › l3nucleo.oradores,,n,v3,FIG,campo que la figura repite en cada fila: bibliotecas del explorador: entradas y oradores (FigBibliotecas); src/data/bibliotecas.json · en es/explorador,2026-09-23,"5 valores distintos, de 5.899 a 16.547",figura:F17
bibliotecas.json › l3nucleo.sesiones,2,n,v3,FIG,bibliotecas del explorador: entradas y oradores (FigBibliotecas); src/data/bibliotecas.json · en es/explorador,2026-09-23,2,figura:F17
bibliotecas.json › l3nucleo.sumarios,25,n,v3,FIG,bibliotecas del explorador: entradas y oradores (FigBibliotecas); src/data/bibliotecas.json · en es/explorador,2026-09-23,25,figura:F17
bibliotecas.json › l4.entradas,54,n,v3,FIG,bibliotecas del explorador: entradas y oradores (FigBibliotecas); src/data/bibliotecas.json · en es/explorador,2026-09-23,54,figura:F17
bibliotecas.json › l4.oradores,,n,v3,FIG,campo que la figura repite en cada fila: bibliotecas del explorador: entradas y oradores (FigBibliotecas); src/data/bibliotecas.json · en es/explorador,2026-09-23,"5 valores distintos, de 3.366 a 7.052",figura:F17
bibliotecas.json › l4.sesiones,20,n,v3,FIG,bibliotecas del explorador: entradas y oradores (FigBibliotecas); src/data/bibliotecas.json · en es/explorador,2026-09-23,20,figura:F17
bibliotecas.json › max_entradas_sesion,659,n,v3,FIG,bibliotecas del explorador: entradas y oradores (FigBibliotecas); src/data/bibliotecas.json · en es/explorador,2026-09-23,659,figura:F17
bibliotecas.json › sesiones,3,n,v3,FIG,bibliotecas del explorador: entradas y oradores (FigBibliotecas); src/data/bibliotecas.json · en es/explorador,2026-09-23,3,figura:F17
bibliotecas.json › sesión.entradas,,n,v3,FIG,campo que la figura repite en cada fila: bibliotecas del explorador: entradas y oradores (FigBibliotecas); src/data/bibliotecas.json · en es/explorador,2026-09-23,"147 valores distintos, de 1 a 659",figura:F17
busquedas.json › casas_viejas.resto,59,n,v3,FIG,búsquedas de muestra en la v3: resultados fuera de la muestra (FigBusquedas); src/data/busquedas.json · en es/explorador,2026-09-23,59,figura:F29
busquedas.json › catolica.resto,0,n,v3,FIG,búsquedas de muestra en la v3: resultados fuera de la muestra (FigBusquedas); src/data/busquedas.json · en es/explorador,2026-09-23,0,figura:F29
busquedas.json › divorcio.resto,77,n,v3,FIG,búsquedas de muestra en la v3: resultados fuera de la muestra (FigBusquedas); src/data/busquedas.json · en es/explorador,2026-09-23,77,figura:F29
busquedas.json › estatuto.resto,231,n,v3,FIG,búsquedas de muestra en la v3: resultados fuera de la muestra (FigBusquedas); src/data/busquedas.json · en es/explorador,2026-09-23,231,figura:F29
busquedas.json › reforma_agraria.resto,399,n,v3,FIG,búsquedas de muestra en la v3: resultados fuera de la muestra (FigBusquedas); src/data/busquedas.json · en es/explorador,2026-09-23,399,figura:F29
busquedas.json › voto_femenino.resto,0,n,v3,FIG,búsquedas de muestra en la v3: resultados fuera de la muestra (FigBusquedas); src/data/busquedas.json · en es/explorador,2026-09-23,0,figura:F29
busquedas.json › voto_mujer.resto,0,n,v3,FIG,búsquedas de muestra en la v3: resultados fuera de la muestra (FigBusquedas); src/data/busquedas.json · en es/explorador,2026-09-23,0,figura:F29
busquedas.json › voto_union.resto,0,n,v3,FIG,búsquedas de muestra en la v3: resultados fuera de la muestra (FigBusquedas); src/data/busquedas.json · en es/explorador,2026-09-23,0,figura:F29
cruces.json › 1931.bloque,10639,n,afin,FIG,cruce entre bloques por legislatura en CGOCUS V1.1 (FigCruces); src/data/afinidades/cruces.json · en es/afinidades,2026-09-23,10.639,figura:F22
cruces.json › 1931.centro,8489,n,afin,FIG,cruce entre bloques por legislatura en CGOCUS V1.1 (FigCruces); src/data/afinidades/cruces.json · en es/afinidades,2026-09-23,8.489,figura:F22
cruces.json › 1931.estricto,2150,n,afin,FIG,cruce entre bloques por legislatura en CGOCUS V1.1 (FigCruces); src/data/afinidades/cruces.json · en es/afinidades,2026-09-23,2.150,figura:F22
cruces.json › 1933.bloque,6260,n,afin,FIG,cruce entre bloques por legislatura en CGOCUS V1.1 (FigCruces); src/data/afinidades/cruces.json · en es/afinidades,2026-09-23,6.260,figura:F22
cruces.json › 1933.centro,5571,n,afin,FIG,cruce entre bloques por legislatura en CGOCUS V1.1 (FigCruces); src/data/afinidades/cruces.json · en es/afinidades,2026-09-23,5.571,figura:F22
cruces.json › 1933.estricto,689,n,afin,FIG,cruce entre bloques por legislatura en CGOCUS V1.1 (FigCruces); src/data/afinidades/cruces.json · en es/afinidades,2026-09-23,689,figura:F22
cruces.json › 1936.bloque,442,n,afin,FIG,cruce entre bloques por legislatura en CGOCUS V1.1 (FigCruces); src/data/afinidades/cruces.json · en es/afinidades,2026-09-23,442,figura:F22
cruces.json › 1936.centro,95,n,afin,FIG,cruce entre bloques por legislatura en CGOCUS V1.1 (FigCruces); src/data/afinidades/cruces.json · en es/afinidades,2026-09-23,95,figura:F22
cruces.json › 1936.estricto,347,n,afin,FIG,cruce entre bloques por legislatura en CGOCUS V1.1 (FigCruces); src/data/afinidades/cruces.json · en es/afinidades,2026-09-23,347,figura:F22
edicion_pagina,0.1,n,proyecto,FIG,"edición de las páginas (PENDIENTES_DEL_INVESTIGADOR); src/config/enlaces.ts · en es/afinidades, es/componentes, es/cortes/1931 y 19 más",2026-09-23,0.1,figura:pie
erratas.articulo.filas,1,n,v3,FIG,"lecturas dañadas de las fórmulas de orador y sus filas (juego «Corrija al Diario», Método 03); src/data/erratas.json · en es/metodo",2026-09-23,1,figura:tabla
erratas.campoamor.filas,1,n,v3,FIG,"lecturas dañadas de las fórmulas de orador y sus filas (juego «Corrija al Diario», Método 03); src/data/erratas.json · en es/metodo",2026-09-23,1,figura:tabla
erratas.coma.filas,13,n,v3,FIG,"lecturas dañadas de las fórmulas de orador y sus filas (juego «Corrija al Diario», Método 03); src/data/erratas.json · en es/metodo",2026-09-23,13,figura:tabla
erratas.ei.filas,1,n,v3,FIG,"lecturas dañadas de las fórmulas de orador y sus filas (juego «Corrija al Diario», Método 03); src/data/erratas.json · en es/metodo",2026-09-23,1,figura:tabla
erratas.formulas,2460,n,v3,FIG,"lecturas dañadas de las fórmulas de orador y sus filas (juego «Corrija al Diario», Método 03); src/data/erratas.json · en es/metodo",2026-09-23,2.460,figura:tabla
erratas.gil_robles.filas,1,n,v3,FIG,"lecturas dañadas de las fórmulas de orador y sus filas (juego «Corrija al Diario», Método 03); src/data/erratas.json · en es/metodo",2026-09-23,1,figura:tabla
erratas.persidente.filas,6,n,v3,FIG,"lecturas dañadas de las fórmulas de orador y sus filas (juego «Corrija al Diario», Método 03); src/data/erratas.json · en es/metodo",2026-09-23,6,figura:tabla
erratas.presidencia.formas,32,n,v3,FIG,"lecturas dañadas de las fórmulas de orador y sus filas (juego «Corrija al Diario», Método 03); src/data/erratas.json · en es/metodo",2026-09-23,32,figura:tabla
erratas.punto.filas,1,n,v3,FIG,"lecturas dañadas de las fórmulas de orador y sus filas (juego «Corrija al Diario», Método 03); src/data/erratas.json · en es/metodo",2026-09-23,1,figura:tabla
erratas.residente.filas,1,n,v3,FIG,"lecturas dañadas de las fórmulas de orador y sus filas (juego «Corrija al Diario», Método 03); src/data/erratas.json · en es/metodo",2026-09-23,1,figura:tabla
erratas.senor.filas,141,n,v3,FIG,"lecturas dañadas de las fórmulas de orador y sus filas (juego «Corrija al Diario», Método 03); src/data/erratas.json · en es/metodo",2026-09-23,141,figura:tabla
erratas.siete.filas,1,n,v3,FIG,"lecturas dañadas de las fórmulas de orador y sus filas (juego «Corrija al Diario», Método 03); src/data/erratas.json · en es/metodo",2026-09-23,1,figura:tabla
esta.cataluna.a.id,28735,id,v3,FIG,frases del juego «¿Esta o esta?» (Las Cortes): fila de cada una; src/data/esta.json · en es/cortes,2026-09-23,28735,figura:tabla
esta.cataluna.b.id,32314,id,v3,FIG,"frases del juego «¿Esta o esta?» (Las Cortes): fila de cada una; src/data/esta.json · en es/cortes, es/cortes/sesiones",2026-09-23,32314,figura:tabla
esta.clases.a.id,69308,id,v3,FIG,frases del juego «¿Esta o esta?» (Las Cortes): fila de cada una; src/data/esta.json · en es/cortes,2026-09-23,69308,figura:tabla
esta.clases.b.id,99834,id,v3,FIG,"frases del juego «¿Esta o esta?» (Las Cortes): fila de cada una; src/data/esta.json · en es/cortes, es/cortes/sesiones",2026-09-23,99834,figura:tabla
esta.divorcio.a.id,8076,id,v3,FIG,frases del juego «¿Esta o esta?» (Las Cortes): fila de cada una; src/data/esta.json · en es/cortes,2026-09-23,8076,figura:tabla
esta.divorcio.b.id,3356,id,v3,FIG,frases del juego «¿Esta o esta?» (Las Cortes): fila de cada una; src/data/esta.json · en es/cortes,2026-09-23,3356,figura:tabla
esta.espana.a.id,114168,id,v3,FIG,"frases del juego «¿Esta o esta?» (Las Cortes): fila de cada una; src/data/esta.json · en es/cortes, es/cortes/sesiones",2026-09-23,114168,figura:tabla
esta.espana.b.id,114317,id,v3,FIG,frases del juego «¿Esta o esta?» (Las Cortes): fila de cada una; src/data/esta.json · en es/cortes,2026-09-23,114317,figura:tabla
esta.iglesia.a.id,7531,id,v3,FIG,"frases del juego «¿Esta o esta?» (Las Cortes): fila de cada una; src/data/esta.json · en es/cortes, es/cortes/sesiones",2026-09-23,7531,figura:tabla
esta.iglesia.b.id,7280,id,v3,FIG,"frases del juego «¿Esta o esta?» (Las Cortes): fila de cada una; src/data/esta.json · en es/cortes, es/cortes/sesiones",2026-09-23,7280,figura:tabla
esta.mujer.a.id,6079,id,v3,FIG,"frases del juego «¿Esta o esta?» (Las Cortes): fila de cada una; src/data/esta.json · en es/cortes, es/cortes/sesiones",2026-09-23,6079,figura:tabla
esta.mujer.b.id,6074,id,v3,FIG,"frases del juego «¿Esta o esta?» (Las Cortes): fila de cada una; src/data/esta.json · en es/cortes, es/cortes/sesiones",2026-09-23,6074,figura:tabla
esta.octubre.a.id,86178,id,v3,FIG,frases del juego «¿Esta o esta?» (Las Cortes): fila de cada una; src/data/esta.json · en es/cortes,2026-09-23,86178,figura:tabla
esta.octubre.b.id,84395,id,v3,FIG,frases del juego «¿Esta o esta?» (Las Cortes): fila de cada una; src/data/esta.json · en es/cortes,2026-09-23,84395,figura:tabla
esta.orden.a.id,115567,id,v3,FIG,"frases del juego «¿Esta o esta?» (Las Cortes): fila de cada una; src/data/esta.json · en es/cortes, es/cortes/sesiones",2026-09-23,115567,figura:tabla
esta.orden.b.id,115885,id,v3,FIG,"frases del juego «¿Esta o esta?» (Las Cortes): fila de cada una; src/data/esta.json · en es/cortes, es/cortes/sesiones",2026-09-23,115885,figura:tabla
esta.ordenes.a.id,7366,id,v3,FIG,frases del juego «¿Esta o esta?» (Las Cortes): fila de cada una; src/data/esta.json · en es/cortes,2026-09-23,7366,figura:tabla
esta.ordenes.b.id,7557,id,v3,FIG,frases del juego «¿Esta o esta?» (Las Cortes): fila de cada una; src/data/esta.json · en es/cortes,2026-09-23,7557,figura:tabla
esta.parlamento.a.id,72101,id,v3,FIG,"frases del juego «¿Esta o esta?» (Las Cortes): fila de cada una; src/data/esta.json · en es/cortes, es/cortes/sesiones",2026-09-23,72101,figura:tabla
esta.parlamento.b.id,69232,id,v3,FIG,"frases del juego «¿Esta o esta?» (Las Cortes): fila de cada una; src/data/esta.json · en es/cortes, es/cortes/sesiones",2026-09-23,69232,figura:tabla
esta.renta.a.id,28240,id,v3,FIG,frases del juego «¿Esta o esta?» (Las Cortes): fila de cada una; src/data/esta.json · en es/cortes,2026-09-23,28240,figura:tabla
esta.renta.b.id,90393,id,v3,FIG,frases del juego «¿Esta o esta?» (Las Cortes): fila de cada una; src/data/esta.json · en es/cortes,2026-09-23,90393,figura:tabla
esta.tierra.a.id,29080,id,v3,FIG,"frases del juego «¿Esta o esta?» (Las Cortes): fila de cada una; src/data/esta.json · en es/cortes, es/cortes/sesiones",2026-09-23,29080,figura:tabla
esta.tierra.b.id,29390,id,v3,FIG,frases del juego «¿Esta o esta?» (Las Cortes): fila de cada una; src/data/esta.json · en es/cortes,2026-09-23,29390,figura:tabla
familias.etapa.I.agrarios.filas,279,n,V2,FIG,filas y palabras de cada familia de partidos por etapa (FigFamilias); src/data/familias_etapa.json · en es/cortes/1931,2026-09-23,279,figura:F09
familias.etapa.I.agrarios.palabras,84328,n,V2,FIG,filas y palabras de cada familia de partidos por etapa (FigFamilias); src/data/familias_etapa.json · en es/cortes/1931,2026-09-23,84.328,figura:F09
familias.etapa.I.carlistas.filas,717,n,V2,FIG,filas y palabras de cada familia de partidos por etapa (FigFamilias); src/data/familias_etapa.json · en es/cortes/1931,2026-09-23,717,figura:F09
familias.etapa.I.carlistas.palabras,381454,n,V2,FIG,filas y palabras de cada familia de partidos por etapa (FigFamilias); src/data/familias_etapa.json · en es/cortes/1931,2026-09-23,381.454,figura:F09
familias.etapa.I.catalanista_de_derecha.filas,153,n,V2,FIG,filas y palabras de cada familia de partidos por etapa (FigFamilias); src/data/familias_etapa.json · en es/cortes/1931,2026-09-23,153,figura:F09
familias.etapa.I.catalanista_de_derecha.palabras,97505,n,V2,FIG,filas y palabras de cada familia de partidos por etapa (FigFamilias); src/data/familias_etapa.json · en es/cortes/1931,2026-09-23,97.505,figura:F09
familias.etapa.I.catalanista_de_izquierda.filas,1045,n,V2,FIG,filas y palabras de cada familia de partidos por etapa (FigFamilias); src/data/familias_etapa.json · en es/cortes/1931,2026-09-23,1.045,figura:F09
familias.etapa.I.catalanista_de_izquierda.palabras,378620,n,V2,FIG,filas y palabras de cada familia de partidos por etapa (FigFamilias); src/data/familias_etapa.json · en es/cortes/1931,2026-09-23,378.620,figura:F09
familias.etapa.I.conservadores.filas,3369,n,V2,FIG,filas y palabras de cada familia de partidos por etapa (FigFamilias); src/data/familias_etapa.json · en es/cortes/1931,2026-09-23,3.369,figura:F09
familias.etapa.I.conservadores.palabras,1382691,n,V2,FIG,filas y palabras de cada familia de partidos por etapa (FigFamilias); src/data/familias_etapa.json · en es/cortes/1931,2026-09-23,1.382.691,figura:F09
familias.etapa.I.derecha_autoritaria.filas,8,n,V2,FIG,filas y palabras de cada familia de partidos por etapa (FigFamilias); src/data/familias_etapa.json · en es/cortes/1931,2026-09-23,8,figura:F09
familias.etapa.I.derecha_autoritaria.palabras,5633,n,V2,FIG,filas y palabras de cada familia de partidos por etapa (FigFamilias); src/data/familias_etapa.json · en es/cortes/1931,2026-09-23,5.633,figura:F09
familias.etapa.I.galleguista.filas,158,n,V2,FIG,filas y palabras de cada familia de partidos por etapa (FigFamilias); src/data/familias_etapa.json · en es/cortes/1931,2026-09-23,158,figura:F09
familias.etapa.I.galleguista.palabras,107232,n,V2,FIG,filas y palabras de cada familia de partidos por etapa (FigFamilias); src/data/familias_etapa.json · en es/cortes/1931,2026-09-23,107.232,figura:F09
familias.etapa.I.leonesista.filas,8,n,V2,FIG,filas y palabras de cada familia de partidos por etapa (FigFamilias); src/data/familias_etapa.json · en es/cortes/1931,2026-09-23,8,figura:F09
familias.etapa.I.leonesista.palabras,3788,n,V2,FIG,filas y palabras de cada familia de partidos por etapa (FigFamilias); src/data/familias_etapa.json · en es/cortes/1931,2026-09-23,3.788,figura:F09
familias.etapa.I.liberales.filas,4091,n,V2,FIG,filas y palabras de cada familia de partidos por etapa (FigFamilias); src/data/familias_etapa.json · en es/cortes/1931,2026-09-23,4.091,figura:F09
familias.etapa.I.liberales.palabras,1439486,n,V2,FIG,filas y palabras de cada familia de partidos por etapa (FigFamilias); src/data/familias_etapa.json · en es/cortes/1931,2026-09-23,1.439.486,figura:F09
familias.etapa.I.nacionalista_gallego.filas,20,n,V2,FIG,filas y palabras de cada familia de partidos por etapa (FigFamilias); src/data/familias_etapa.json · en es/cortes/1931,2026-09-23,20,figura:F09
familias.etapa.I.nacionalista_gallego.palabras,16818,n,V2,FIG,filas y palabras de cada familia de partidos por etapa (FigFamilias); src/data/familias_etapa.json · en es/cortes/1931,2026-09-23,16.818,figura:F09
familias.etapa.I.nacionalista_vasco.filas,508,n,V2,FIG,filas y palabras de cada familia de partidos por etapa (FigFamilias); src/data/familias_etapa.json · en es/cortes/1931,2026-09-23,508,figura:F09
familias.etapa.I.nacionalista_vasco.palabras,187316,n,V2,FIG,filas y palabras de cada familia de partidos por etapa (FigFamilias); src/data/familias_etapa.json · en es/cortes/1931,2026-09-23,187.316,figura:F09
familias.etapa.I.otras.filas.pct,0.019494204425711276,pct,V2,FIG,filas y palabras de cada familia de partidos por etapa (FigFamilias); src/data/familias_etapa.json · en es/cortes/1931,2026-09-23,"1,9 %",figura:F09
familias.etapa.I.otras.palabras.pct,0.027459390256378256,pct,V2,FIG,filas y palabras de cada familia de partidos por etapa (FigFamilias); src/data/familias_etapa.json · en es/cortes/1931,2026-09-23,"2,7 %",figura:F09
familias.etapa.I.radical_izquierda_republicana.filas,3,n,V2,FIG,filas y palabras de cada familia de partidos por etapa (FigFamilias); src/data/familias_etapa.json · en es/cortes/1931,2026-09-23,3,figura:F09
familias.etapa.I.radical_izquierda_republicana.palabras,28,n,V2,FIG,filas y palabras de cada familia de partidos por etapa (FigFamilias); src/data/familias_etapa.json · en es/cortes/1931,2026-09-23,28,figura:F09
familias.etapa.I.republicanos.filas,18685,n,V2,FIG,filas y palabras de cada familia de partidos por etapa (FigFamilias); src/data/familias_etapa.json · en es/cortes/1931,2026-09-23,18.685,figura:F09
familias.etapa.I.republicanos.palabras,6037985,n,V2,FIG,filas y palabras de cada familia de partidos por etapa (FigFamilias); src/data/familias_etapa.json · en es/cortes/1931,2026-09-23,6.037.985,figura:F09
familias.etapa.I.sin_identificar.filas,37,n,V2,FIG,filas y palabras de cada familia de partidos por etapa (FigFamilias); src/data/familias_etapa.json · en es/cortes/1931,2026-09-23,37,figura:F09
familias.etapa.I.sin_identificar.palabras,8109,n,V2,FIG,filas y palabras de cada familia de partidos por etapa (FigFamilias); src/data/familias_etapa.json · en es/cortes/1931,2026-09-23,8.109,figura:F09
familias.etapa.I.socialista.filas,5083,n,V2,FIG,filas y palabras de cada familia de partidos por etapa (FigFamilias); src/data/familias_etapa.json · en es/cortes/1931,2026-09-23,5.083,figura:F09
familias.etapa.I.socialista.palabras,1647892,n,V2,FIG,filas y palabras de cada familia de partidos por etapa (FigFamilias); src/data/familias_etapa.json · en es/cortes/1931,2026-09-23,1.647.892,figura:F09
familias.etapa.II.agrarios.filas,576,n,V2,FIG,filas y palabras de cada familia de partidos por etapa (FigFamilias); src/data/familias_etapa.json · en es/cortes/1933,2026-09-23,576,figura:F09
familias.etapa.II.agrarios.palabras,205376,n,V2,FIG,filas y palabras de cada familia de partidos por etapa (FigFamilias); src/data/familias_etapa.json · en es/cortes/1933,2026-09-23,205.376,figura:F09
familias.etapa.II.carlistas.filas,971,n,V2,FIG,filas y palabras de cada familia de partidos por etapa (FigFamilias); src/data/familias_etapa.json · en es/cortes/1933,2026-09-23,971,figura:F09
familias.etapa.II.carlistas.palabras,432245,n,V2,FIG,filas y palabras de cada familia de partidos por etapa (FigFamilias); src/data/familias_etapa.json · en es/cortes/1933,2026-09-23,432.245,figura:F09
familias.etapa.II.catalanista_de_derecha.filas,863,n,V2,FIG,filas y palabras de cada familia de partidos por etapa (FigFamilias); src/data/familias_etapa.json · en es/cortes/1933,2026-09-23,863,figura:F09
familias.etapa.II.catalanista_de_derecha.palabras,478360,n,V2,FIG,filas y palabras de cada familia de partidos por etapa (FigFamilias); src/data/familias_etapa.json · en es/cortes/1933,2026-09-23,478.360,figura:F09
familias.etapa.II.catalanista_de_izquierda.filas,678,n,V2,FIG,filas y palabras de cada familia de partidos por etapa (FigFamilias); src/data/familias_etapa.json · en es/cortes/1933,2026-09-23,678,figura:F09
familias.etapa.II.catalanista_de_izquierda.palabras,257694,n,V2,FIG,filas y palabras de cada familia de partidos por etapa (FigFamilias); src/data/familias_etapa.json · en es/cortes/1933,2026-09-23,257.694,figura:F09
familias.etapa.II.centro.filas,40,n,V2,FIG,filas y palabras de cada familia de partidos por etapa (FigFamilias); src/data/familias_etapa.json · en es/cortes/1933,2026-09-23,40,figura:F09
familias.etapa.II.centro.palabras,26418,n,V2,FIG,filas y palabras de cada familia de partidos por etapa (FigFamilias); src/data/familias_etapa.json · en es/cortes/1933,2026-09-23,26.418,figura:F09
familias.etapa.II.comunista.filas,144,n,V2,FIG,filas y palabras de cada familia de partidos por etapa (FigFamilias); src/data/familias_etapa.json · en es/cortes/1933,2026-09-23,144,figura:F09
familias.etapa.II.comunista.palabras,51017,n,V2,FIG,filas y palabras de cada familia de partidos por etapa (FigFamilias); src/data/familias_etapa.json · en es/cortes/1933,2026-09-23,51.017,figura:F09
familias.etapa.II.conservadores.filas,6683,n,V2,FIG,filas y palabras de cada familia de partidos por etapa (FigFamilias); src/data/familias_etapa.json · en es/cortes/1933,2026-09-23,6.683,figura:F09
familias.etapa.II.conservadores.palabras,2316175,n,V2,FIG,filas y palabras de cada familia de partidos por etapa (FigFamilias); src/data/familias_etapa.json · en es/cortes/1933,2026-09-23,2.316.175,figura:F09
familias.etapa.II.conservadores_agraria.filas,4,n,V2,FIG,filas y palabras de cada familia de partidos por etapa (FigFamilias); src/data/familias_etapa.json · en es/cortes/1933,2026-09-23,4,figura:F09
familias.etapa.II.conservadores_agraria.palabras,585,n,V2,FIG,filas y palabras de cada familia de partidos por etapa (FigFamilias); src/data/familias_etapa.json · en es/cortes/1933,2026-09-23,585,figura:F09
familias.etapa.II.derecha_autoritaria.filas,1130,n,V2,FIG,filas y palabras de cada familia de partidos por etapa (FigFamilias); src/data/familias_etapa.json · en es/cortes/1933,2026-09-23,1.130,figura:F09
familias.etapa.II.derecha_autoritaria.palabras,611503,n,V2,FIG,filas y palabras de cada familia de partidos por etapa (FigFamilias); src/data/familias_etapa.json · en es/cortes/1933,2026-09-23,611.503,figura:F09
familias.etapa.II.fascista.filas,174,n,V2,FIG,filas y palabras de cada familia de partidos por etapa (FigFamilias); src/data/familias_etapa.json · en es/cortes/1933,2026-09-23,174,figura:F09
familias.etapa.II.fascista.palabras,87779,n,V2,FIG,filas y palabras de cada familia de partidos por etapa (FigFamilias); src/data/familias_etapa.json · en es/cortes/1933,2026-09-23,87.779,figura:F09
familias.etapa.II.galleguista.filas,89,n,V2,FIG,filas y palabras de cada familia de partidos por etapa (FigFamilias); src/data/familias_etapa.json · en es/cortes/1933,2026-09-23,89,figura:F09
familias.etapa.II.galleguista.palabras,31912,n,V2,FIG,filas y palabras de cada familia de partidos por etapa (FigFamilias); src/data/familias_etapa.json · en es/cortes/1933,2026-09-23,31.912,figura:F09
familias.etapa.II.independiente.filas,1,n,V2,FIG,filas y palabras de cada familia de partidos por etapa (FigFamilias); src/data/familias_etapa.json · en es/cortes/1933,2026-09-23,1,figura:F09
familias.etapa.II.independiente.palabras,82,n,V2,FIG,filas y palabras de cada familia de partidos por etapa (FigFamilias); src/data/familias_etapa.json · en es/cortes/1933,2026-09-23,82,figura:F09
familias.etapa.II.liberales.filas,1308,n,V2,FIG,filas y palabras de cada familia de partidos por etapa (FigFamilias); src/data/familias_etapa.json · en es/cortes/1933,2026-09-23,1.308,figura:F09
familias.etapa.II.liberales.palabras,511111,n,V2,FIG,filas y palabras de cada familia de partidos por etapa (FigFamilias); src/data/familias_etapa.json · en es/cortes/1933,2026-09-23,511.111,figura:F09
familias.etapa.II.nacionalista.filas,26,n,V2,FIG,filas y palabras de cada familia de partidos por etapa (FigFamilias); src/data/familias_etapa.json · en es/cortes/1933,2026-09-23,26,figura:F09
familias.etapa.II.nacionalista.palabras,6550,n,V2,FIG,filas y palabras de cada familia de partidos por etapa (FigFamilias); src/data/familias_etapa.json · en es/cortes/1933,2026-09-23,6.550,figura:F09
familias.etapa.II.nacionalista_vasco.filas,449,n,V2,FIG,filas y palabras de cada familia de partidos por etapa (FigFamilias); src/data/familias_etapa.json · en es/cortes/1933,2026-09-23,449,figura:F09
familias.etapa.II.nacionalista_vasco.palabras,131624,n,V2,FIG,filas y palabras de cada familia de partidos por etapa (FigFamilias); src/data/familias_etapa.json · en es/cortes/1933,2026-09-23,131.624,figura:F09
familias.etapa.II.otras.filas.pct,0.031228692213282422,pct,V2,FIG,filas y palabras de cada familia de partidos por etapa (FigFamilias); src/data/familias_etapa.json · en es/cortes/1933,2026-09-23,"3,1 %",figura:F09
familias.etapa.II.otras.palabras.pct,0.021675623526014574,pct,V2,FIG,filas y palabras de cada familia de partidos por etapa (FigFamilias); src/data/familias_etapa.json · en es/cortes/1933,2026-09-23,"2,2 %",figura:F09
familias.etapa.II.renovacion_espanola.filas,6,n,V2,FIG,filas y palabras de cada familia de partidos por etapa (FigFamilias); src/data/familias_etapa.json · en es/cortes/1933,2026-09-23,6,figura:F09
familias.etapa.II.renovacion_espanola.palabras,1575,n,V2,FIG,filas y palabras de cada familia de partidos por etapa (FigFamilias); src/data/familias_etapa.json · en es/cortes/1933,2026-09-23,1.575,figura:F09
familias.etapa.II.republicano_independiente.filas,111,n,V2,FIG,filas y palabras de cada familia de partidos por etapa (FigFamilias); src/data/familias_etapa.json · en es/cortes/1933,2026-09-23,111,figura:F09
familias.etapa.II.republicano_independiente.palabras,30218,n,V2,FIG,filas y palabras de cada familia de partidos por etapa (FigFamilias); src/data/familias_etapa.json · en es/cortes/1933,2026-09-23,30.218,figura:F09
familias.etapa.II.republicanos.filas,6577,n,V2,FIG,filas y palabras de cada familia de partidos por etapa (FigFamilias); src/data/familias_etapa.json · en es/cortes/1933,2026-09-23,6.577,figura:F09
familias.etapa.II.republicanos.palabras,2090017,n,V2,FIG,filas y palabras de cada familia de partidos por etapa (FigFamilias); src/data/familias_etapa.json · en es/cortes/1933,2026-09-23,2.090.017,figura:F09
familias.etapa.II.republicanos_autonomista.filas,262,n,V2,FIG,filas y palabras de cada familia de partidos por etapa (FigFamilias); src/data/familias_etapa.json · en es/cortes/1933,2026-09-23,262,figura:F09
familias.etapa.II.republicanos_autonomista.palabras,121112,n,V2,FIG,filas y palabras de cada familia de partidos por etapa (FigFamilias); src/data/familias_etapa.json · en es/cortes/1933,2026-09-23,121.112,figura:F09
familias.etapa.II.sin_identificar.filas,92,n,V2,FIG,filas y palabras de cada familia de partidos por etapa (FigFamilias); src/data/familias_etapa.json · en es/cortes/1933,2026-09-23,92,figura:F09
familias.etapa.II.sin_identificar.palabras,32998,n,V2,FIG,filas y palabras de cada familia de partidos por etapa (FigFamilias); src/data/familias_etapa.json · en es/cortes/1933,2026-09-23,32.998,figura:F09
familias.etapa.II.socialista.filas,1815,n,V2,FIG,filas y palabras de cada familia de partidos por etapa (FigFamilias); src/data/familias_etapa.json · en es/cortes/1933,2026-09-23,1.815,figura:F09
familias.etapa.II.socialista.palabras,942421,n,V2,FIG,filas y palabras de cada familia de partidos por etapa (FigFamilias); src/data/familias_etapa.json · en es/cortes/1933,2026-09-23,942.421,figura:F09
familias.etapa.III.agrarios.filas,130,n,V2,FIG,filas y palabras de cada familia de partidos por etapa (FigFamilias); src/data/familias_etapa.json · en es/cortes/1936,2026-09-23,130,figura:F09
familias.etapa.III.agrarios.palabras,64217,n,V2,FIG,filas y palabras de cada familia de partidos por etapa (FigFamilias); src/data/familias_etapa.json · en es/cortes/1936,2026-09-23,64.217,figura:F09
familias.etapa.III.anarcosindicalista.filas,18,n,V2,FIG,filas y palabras de cada familia de partidos por etapa (FigFamilias); src/data/familias_etapa.json · en es/cortes/1936,2026-09-23,18,figura:F09
familias.etapa.III.anarcosindicalista.palabras,11637,n,V2,FIG,filas y palabras de cada familia de partidos por etapa (FigFamilias); src/data/familias_etapa.json · en es/cortes/1936,2026-09-23,11.637,figura:F09
familias.etapa.III.carlistas.filas,45,n,V2,FIG,filas y palabras de cada familia de partidos por etapa (FigFamilias); src/data/familias_etapa.json · en es/cortes/1936,2026-09-23,45,figura:F09
familias.etapa.III.carlistas.palabras,28294,n,V2,FIG,filas y palabras de cada familia de partidos por etapa (FigFamilias); src/data/familias_etapa.json · en es/cortes/1936,2026-09-23,28.294,figura:F09
familias.etapa.III.catalanista_de_derecha.filas,145,n,V2,FIG,filas y palabras de cada familia de partidos por etapa (FigFamilias); src/data/familias_etapa.json · en es/cortes/1936,2026-09-23,145,figura:F09
familias.etapa.III.catalanista_de_derecha.palabras,102975,n,V2,FIG,filas y palabras de cada familia de partidos por etapa (FigFamilias); src/data/familias_etapa.json · en es/cortes/1936,2026-09-23,102.975,figura:F09
familias.etapa.III.catalanista_de_izquierda.filas,67,n,V2,FIG,filas y palabras de cada familia de partidos por etapa (FigFamilias); src/data/familias_etapa.json · en es/cortes/1936,2026-09-23,67,figura:F09
familias.etapa.III.catalanista_de_izquierda.palabras,35500,n,V2,FIG,filas y palabras de cada familia de partidos por etapa (FigFamilias); src/data/familias_etapa.json · en es/cortes/1936,2026-09-23,35.500,figura:F09
familias.etapa.III.centro.filas,6,n,V2,FIG,filas y palabras de cada familia de partidos por etapa (FigFamilias); src/data/familias_etapa.json · en es/cortes/1936,2026-09-23,6,figura:F09
familias.etapa.III.centro.palabras,1299,n,V2,FIG,filas y palabras de cada familia de partidos por etapa (FigFamilias); src/data/familias_etapa.json · en es/cortes/1936,2026-09-23,1.299,figura:F09
familias.etapa.III.comunista.filas,49,n,V2,FIG,filas y palabras de cada familia de partidos por etapa (FigFamilias); src/data/familias_etapa.json · en es/cortes/1936,2026-09-23,49,figura:F09
familias.etapa.III.comunista.palabras,37231,n,V2,FIG,filas y palabras de cada familia de partidos por etapa (FigFamilias); src/data/familias_etapa.json · en es/cortes/1936,2026-09-23,37.231,figura:F09
familias.etapa.III.conservadores.filas,659,n,V2,FIG,filas y palabras de cada familia de partidos por etapa (FigFamilias); src/data/familias_etapa.json · en es/cortes/1936,2026-09-23,659,figura:F09
familias.etapa.III.conservadores.palabras,401663,n,V2,FIG,filas y palabras de cada familia de partidos por etapa (FigFamilias); src/data/familias_etapa.json · en es/cortes/1936,2026-09-23,401.663,figura:F09
familias.etapa.III.derecha_autoritaria.filas,190,n,V2,FIG,filas y palabras de cada familia de partidos por etapa (FigFamilias); src/data/familias_etapa.json · en es/cortes/1936,2026-09-23,190,figura:F09
familias.etapa.III.derecha_autoritaria.palabras,114563,n,V2,FIG,filas y palabras de cada familia de partidos por etapa (FigFamilias); src/data/familias_etapa.json · en es/cortes/1936,2026-09-23,114.563,figura:F09
familias.etapa.III.fascista.filas,7,n,V2,FIG,filas y palabras de cada familia de partidos por etapa (FigFamilias); src/data/familias_etapa.json · en es/cortes/1936,2026-09-23,7,figura:F09
familias.etapa.III.fascista.palabras,5274,n,V2,FIG,filas y palabras de cada familia de partidos por etapa (FigFamilias); src/data/familias_etapa.json · en es/cortes/1936,2026-09-23,5.274,figura:F09
familias.etapa.III.galleguista.filas,20,n,V2,FIG,filas y palabras de cada familia de partidos por etapa (FigFamilias); src/data/familias_etapa.json · en es/cortes/1936,2026-09-23,20,figura:F09
familias.etapa.III.galleguista.palabras,10639,n,V2,FIG,filas y palabras de cada familia de partidos por etapa (FigFamilias); src/data/familias_etapa.json · en es/cortes/1936,2026-09-23,10.639,figura:F09
familias.etapa.III.independiente.filas,4,n,V2,FIG,filas y palabras de cada familia de partidos por etapa (FigFamilias); src/data/familias_etapa.json · en es/cortes/1936,2026-09-23,4,figura:F09
familias.etapa.III.independiente.palabras,97,n,V2,FIG,filas y palabras de cada familia de partidos por etapa (FigFamilias); src/data/familias_etapa.json · en es/cortes/1936,2026-09-23,97,figura:F09
familias.etapa.III.liberales.filas,151,n,V2,FIG,filas y palabras de cada familia de partidos por etapa (FigFamilias); src/data/familias_etapa.json · en es/cortes/1936,2026-09-23,151,figura:F09
familias.etapa.III.liberales.palabras,106967,n,V2,FIG,filas y palabras de cada familia de partidos por etapa (FigFamilias); src/data/familias_etapa.json · en es/cortes/1936,2026-09-23,106.967,figura:F09
familias.etapa.III.nacionalista_vasco.filas,6,n,V2,FIG,filas y palabras de cada familia de partidos por etapa (FigFamilias); src/data/familias_etapa.json · en es/cortes/1936,2026-09-23,6,figura:F09
familias.etapa.III.nacionalista_vasco.palabras,627,n,V2,FIG,filas y palabras de cada familia de partidos por etapa (FigFamilias); src/data/familias_etapa.json · en es/cortes/1936,2026-09-23,627,figura:F09
familias.etapa.III.otras.filas.pct,0.02603631380609798,pct,V2,FIG,filas y palabras de cada familia de partidos por etapa (FigFamilias); src/data/familias_etapa.json · en es/cortes/1936,2026-09-23,"2,6 %",figura:F09
familias.etapa.III.otras.palabras.pct,0.021434417710336225,pct,V2,FIG,filas y palabras de cada familia de partidos por etapa (FigFamilias); src/data/familias_etapa.json · en es/cortes/1936,2026-09-23,"2,1 %",figura:F09
familias.etapa.III.republicanos.filas,1010,n,V2,FIG,filas y palabras de cada familia de partidos por etapa (FigFamilias); src/data/familias_etapa.json · en es/cortes/1936,2026-09-23,1.010,figura:F09
familias.etapa.III.republicanos.palabras,437650,n,V2,FIG,filas y palabras de cada familia de partidos por etapa (FigFamilias); src/data/familias_etapa.json · en es/cortes/1936,2026-09-23,437.650,figura:F09
familias.etapa.III.sin_identificar.filas,15,n,V2,FIG,filas y palabras de cada familia de partidos por etapa (FigFamilias); src/data/familias_etapa.json · en es/cortes/1936,2026-09-23,15,figura:F09
familias.etapa.III.sin_identificar.palabras,3424,n,V2,FIG,filas y palabras de cada familia de partidos por etapa (FigFamilias); src/data/familias_etapa.json · en es/cortes/1936,2026-09-23,3.424,figura:F09
familias.etapa.III.socialista.filas,397,n,V2,FIG,filas y palabras de cada familia de partidos por etapa (FigFamilias); src/data/familias_etapa.json · en es/cortes/1936,2026-09-23,397,figura:F09
familias.etapa.III.socialista.palabras,177383,n,V2,FIG,filas y palabras de cada familia de partidos por etapa (FigFamilias); src/data/familias_etapa.json · en es/cortes/1936,2026-09-23,177.383,figura:F09
familias.etapa.IV.anarcosindicalista.filas,7,n,V2,FIG,filas y palabras de cada familia de partidos por etapa (FigFamilias); src/data/familias_etapa.json · en es/cortes/guerra,2026-09-23,7,figura:F09
familias.etapa.IV.anarcosindicalista.palabras,6418,n,V2,FIG,filas y palabras de cada familia de partidos por etapa (FigFamilias); src/data/familias_etapa.json · en es/cortes/guerra,2026-09-23,6.418,figura:F09
familias.etapa.IV.catalanista_de_izquierda.filas,27,n,V2,FIG,filas y palabras de cada familia de partidos por etapa (FigFamilias); src/data/familias_etapa.json · en es/cortes/guerra,2026-09-23,27,figura:F09
familias.etapa.IV.catalanista_de_izquierda.palabras,10175,n,V2,FIG,filas y palabras de cada familia de partidos por etapa (FigFamilias); src/data/familias_etapa.json · en es/cortes/guerra,2026-09-23,10.175,figura:F09
familias.etapa.IV.comunista.filas,7,n,V2,FIG,filas y palabras de cada familia de partidos por etapa (FigFamilias); src/data/familias_etapa.json · en es/cortes/guerra,2026-09-23,7,figura:F09
familias.etapa.IV.comunista.palabras,11141,n,V2,FIG,filas y palabras de cada familia de partidos por etapa (FigFamilias); src/data/familias_etapa.json · en es/cortes/guerra,2026-09-23,11.141,figura:F09
familias.etapa.IV.independiente.filas,5,n,V2,FIG,filas y palabras de cada familia de partidos por etapa (FigFamilias); src/data/familias_etapa.json · en es/cortes/guerra,2026-09-23,5,figura:F09
familias.etapa.IV.independiente.palabras,1354,n,V2,FIG,filas y palabras de cada familia de partidos por etapa (FigFamilias); src/data/familias_etapa.json · en es/cortes/guerra,2026-09-23,1.354,figura:F09
familias.etapa.IV.liberales.filas,3,n,V2,FIG,filas y palabras de cada familia de partidos por etapa (FigFamilias); src/data/familias_etapa.json · en es/cortes/guerra,2026-09-23,3,figura:F09
familias.etapa.IV.liberales.palabras,2462,n,V2,FIG,filas y palabras de cada familia de partidos por etapa (FigFamilias); src/data/familias_etapa.json · en es/cortes/guerra,2026-09-23,2.462,figura:F09
familias.etapa.IV.nacionalista_vasco.filas,7,n,V2,FIG,filas y palabras de cada familia de partidos por etapa (FigFamilias); src/data/familias_etapa.json · en es/cortes/guerra,2026-09-23,7,figura:F09
familias.etapa.IV.nacionalista_vasco.palabras,7999,n,V2,FIG,filas y palabras de cada familia de partidos por etapa (FigFamilias); src/data/familias_etapa.json · en es/cortes/guerra,2026-09-23,7.999,figura:F09
familias.etapa.IV.republicanos.filas,35,n,V2,FIG,filas y palabras de cada familia de partidos por etapa (FigFamilias); src/data/familias_etapa.json · en es/cortes/guerra,2026-09-23,35,figura:F09
familias.etapa.IV.republicanos.palabras,15721,n,V2,FIG,filas y palabras de cada familia de partidos por etapa (FigFamilias); src/data/familias_etapa.json · en es/cortes/guerra,2026-09-23,15.721,figura:F09
familias.etapa.IV.socialista.filas,34,n,V2,FIG,filas y palabras de cada familia de partidos por etapa (FigFamilias); src/data/familias_etapa.json · en es/cortes/guerra,2026-09-23,34,figura:F09
familias.etapa.IV.socialista.palabras,39107,n,V2,FIG,filas y palabras de cada familia de partidos por etapa (FigFamilias); src/data/familias_etapa.json · en es/cortes/guerra,2026-09-23,39.107,figura:F09
familias.etapa.V.catalanista_de_izquierda.filas,3,n,V2,FIG,filas y palabras de cada familia de partidos por etapa (FigFamilias); src/data/familias_etapa.json · en es/cortes/mexico,2026-09-23,3,figura:F09
familias.etapa.V.catalanista_de_izquierda.palabras,1516,n,V2,FIG,filas y palabras de cada familia de partidos por etapa (FigFamilias); src/data/familias_etapa.json · en es/cortes/mexico,2026-09-23,1.516,figura:F09
familias.etapa.V.centro.filas,4,n,V2,FIG,filas y palabras de cada familia de partidos por etapa (FigFamilias); src/data/familias_etapa.json · en es/cortes/mexico,2026-09-23,4,figura:F09
familias.etapa.V.centro.palabras,396,n,V2,FIG,filas y palabras de cada familia de partidos por etapa (FigFamilias); src/data/familias_etapa.json · en es/cortes/mexico,2026-09-23,396,figura:F09
familias.etapa.V.comunista.filas,1,n,V2,FIG,filas y palabras de cada familia de partidos por etapa (FigFamilias); src/data/familias_etapa.json · en es/cortes/mexico,2026-09-23,1,figura:F09
familias.etapa.V.comunista.palabras,2248,n,V2,FIG,filas y palabras de cada familia de partidos por etapa (FigFamilias); src/data/familias_etapa.json · en es/cortes/mexico,2026-09-23,2.248,figura:F09
familias.etapa.V.galleguista.filas,6,n,V2,FIG,filas y palabras de cada familia de partidos por etapa (FigFamilias); src/data/familias_etapa.json · en es/cortes/mexico,2026-09-23,6,figura:F09
familias.etapa.V.galleguista.palabras,3128,n,V2,FIG,filas y palabras de cada familia de partidos por etapa (FigFamilias); src/data/familias_etapa.json · en es/cortes/mexico,2026-09-23,3.128,figura:F09
familias.etapa.V.nacionalista_gallego.filas,1,n,V2,FIG,filas y palabras de cada familia de partidos por etapa (FigFamilias); src/data/familias_etapa.json · en es/cortes/mexico,2026-09-23,1,figura:F09
familias.etapa.V.nacionalista_gallego.palabras,1194,n,V2,FIG,filas y palabras de cada familia de partidos por etapa (FigFamilias); src/data/familias_etapa.json · en es/cortes/mexico,2026-09-23,1.194,figura:F09
familias.etapa.V.nacionalista_vasco.filas,5,n,V2,FIG,filas y palabras de cada familia de partidos por etapa (FigFamilias); src/data/familias_etapa.json · en es/cortes/mexico,2026-09-23,5,figura:F09
familias.etapa.V.nacionalista_vasco.palabras,4303,n,V2,FIG,filas y palabras de cada familia de partidos por etapa (FigFamilias); src/data/familias_etapa.json · en es/cortes/mexico,2026-09-23,4.303,figura:F09
familias.etapa.V.otras.filas.pct,0.019417475728155338,pct,V2,FIG,filas y palabras de cada familia de partidos por etapa (FigFamilias); src/data/familias_etapa.json · en es/cortes/mexico,2026-09-23,"1,9 %",figura:F09
familias.etapa.V.otras.palabras.pct,0.006096716087016766,pct,V2,FIG,filas y palabras de cada familia de partidos por etapa (FigFamilias); src/data/familias_etapa.json · en es/cortes/mexico,2026-09-23,"0,6 %",figura:F09
familias.etapa.V.republicanos.filas,48,n,V2,FIG,filas y palabras de cada familia de partidos por etapa (FigFamilias); src/data/familias_etapa.json · en es/cortes/mexico,2026-09-23,48,figura:F09
familias.etapa.V.republicanos.palabras,29830,n,V2,FIG,filas y palabras de cada familia de partidos por etapa (FigFamilias); src/data/familias_etapa.json · en es/cortes/mexico,2026-09-23,29.830,figura:F09
familias.etapa.V.socialista.filas,35,n,V2,FIG,filas y palabras de cada familia de partidos por etapa (FigFamilias); src/data/familias_etapa.json · en es/cortes/mexico,2026-09-23,35,figura:F09
familias.etapa.V.socialista.palabras,22338,n,V2,FIG,filas y palabras de cada familia de partidos por etapa (FigFamilias); src/data/familias_etapa.json · en es/cortes/mexico,2026-09-23,22.338,figura:F09
fig.F32.date.distintos,752,n,V2,FIG,valores distintos y vacíos de cada columna del CSV (FigColumnas); src/data/columnas.json · en es/datos,2026-09-23,752,figura:F32
fig.F32.date.vacios,0,n,V2,FIG,valores distintos y vacíos de cada columna del CSV (FigColumnas); src/data/columnas.json · en es/datos,2026-09-23,0,figura:F32
fig.F32.district.distintos,54,n,V2,FIG,valores distintos y vacíos de cada columna del CSV (FigColumnas); src/data/columnas.json · en es/datos,2026-09-23,54,figura:F32
fig.F32.district.vacios,147,n,V2,FIG,valores distintos y vacíos de cada columna del CSV (FigColumnas); src/data/columnas.json · en es/datos,2026-09-23,147,figura:F32
fig.F32.id.distintos,107551,n,V2,FIG,valores distintos y vacíos de cada columna del CSV (FigColumnas); src/data/columnas.json · en es/datos,2026-09-23,107.551,figura:F32
fig.F32.id.vacios,0,n,V2,FIG,valores distintos y vacíos de cada columna del CSV (FigColumnas); src/data/columnas.json · en es/datos,2026-09-23,0,figura:F32
fig.F32.ideology.distintos,8,n,V2,FIG,valores distintos y vacíos de cada columna del CSV (FigColumnas); src/data/columnas.json · en es/datos,2026-09-23,8,figura:F32
fig.F32.ideology.vacios,147,n,V2,FIG,valores distintos y vacíos de cada columna del CSV (FigColumnas); src/data/columnas.json · en es/datos,2026-09-23,147,figura:F32
fig.F32.legislature.distintos,3,n,V2,FIG,valores distintos y vacíos de cada columna del CSV (FigColumnas); src/data/columnas.json · en es/datos,2026-09-23,3,figura:F32
fig.F32.legislature.vacios,0,n,V2,FIG,valores distintos y vacíos de cada columna del CSV (FigColumnas); src/data/columnas.json · en es/datos,2026-09-23,0,figura:F32
fig.F32.num_session.distintos,405,n,V2,FIG,valores distintos y vacíos de cada columna del CSV (FigColumnas); src/data/columnas.json · en es/datos,2026-09-23,405,figura:F32
fig.F32.num_session.vacios,0,n,V2,FIG,valores distintos y vacíos de cada columna del CSV (FigColumnas); src/data/columnas.json · en es/datos,2026-09-23,0,figura:F32
fig.F32.nwords.distintos,3805,n,V2,FIG,valores distintos y vacíos de cada columna del CSV (FigColumnas); src/data/columnas.json · en es/datos,2026-09-23,3.805,figura:F32
fig.F32.nwords.vacios,0,n,V2,FIG,valores distintos y vacíos de cada columna del CSV (FigColumnas); src/data/columnas.json · en es/datos,2026-09-23,0,figura:F32
fig.F32.order.distintos,586,n,V2,FIG,valores distintos y vacíos de cada columna del CSV (FigColumnas); src/data/columnas.json · en es/datos,2026-09-23,586,figura:F32
fig.F32.order.vacios,0,n,V2,FIG,valores distintos y vacíos de cada columna del CSV (FigColumnas); src/data/columnas.json · en es/datos,2026-09-23,0,figura:F32
fig.F32.party.distintos,39,n,V2,FIG,valores distintos y vacíos de cada columna del CSV (FigColumnas); src/data/columnas.json · en es/datos,2026-09-23,39,figura:F32
fig.F32.party.vacios,147,n,V2,FIG,valores distintos y vacíos de cada columna del CSV (FigColumnas); src/data/columnas.json · en es/datos,2026-09-23,147,figura:F32
fig.F32.party_family.distintos,33,n,V2,FIG,valores distintos y vacíos de cada columna del CSV (FigColumnas); src/data/columnas.json · en es/datos,2026-09-23,33,figura:F32
fig.F32.party_family.vacios,151,n,V2,FIG,valores distintos y vacíos de cada columna del CSV (FigColumnas); src/data/columnas.json · en es/datos,2026-09-23,151,figura:F32
fig.F32.rep_id.distintos,773,n,V2,FIG,valores distintos y vacíos de cada columna del CSV (FigColumnas); src/data/columnas.json · en es/datos,2026-09-23,773,figura:F32
fig.F32.rep_id.vacios,147,n,V2,FIG,valores distintos y vacíos de cada columna del CSV (FigColumnas); src/data/columnas.json · en es/datos,2026-09-23,147,figura:F32
fig.F32.rep_name.distintos,773,n,V2,FIG,valores distintos y vacíos de cada columna del CSV (FigColumnas); src/data/columnas.json · en es/datos,2026-09-23,773,figura:F32
fig.F32.rep_name.vacios,147,n,V2,FIG,valores distintos y vacíos de cada columna del CSV (FigColumnas); src/data/columnas.json · en es/datos,2026-09-23,147,figura:F32
fig.F32.speaker.distintos,2370,n,V2,FIG,valores distintos y vacíos de cada columna del CSV (FigColumnas); src/data/columnas.json · en es/datos,2026-09-23,2.370,figura:F32
fig.F32.speaker.vacios,0,n,V2,FIG,valores distintos y vacíos de cada columna del CSV (FigColumnas); src/data/columnas.json · en es/datos,2026-09-23,0,figura:F32
fig.F32.speech.caracteres,8297,n,V2,FIG,valores distintos y vacíos de cada columna del CSV (FigColumnas); src/data/columnas.json · en es/datos,2026-09-23,8.297,figura:F32
fig.F32.speech.distintos,68760,n,V2,FIG,valores distintos y vacíos de cada columna del CSV (FigColumnas); src/data/columnas.json · en es/datos,2026-09-23,68.760,figura:F32
fig.F32.speech.vacios,0,n,V2,FIG,valores distintos y vacíos de cada columna del CSV (FigColumnas); src/data/columnas.json · en es/datos,2026-09-23,0,figura:F32
fig.F34.rep.1,1,id,V2,FIG,unión de las filas con CGOCUS por diputado (FigUnion); src/data/union.json · en es/datos,2026-09-23,rep_id 1,figura:F34
fig.F34.rep.1005,1005,id,V2,FIG,unión de las filas con CGOCUS por diputado (FigUnion); src/data/union.json · en es/datos,2026-09-23,rep_id 1005,figura:F34
fig.F34.rep.107,107,id,V2,FIG,unión de las filas con CGOCUS por diputado (FigUnion); src/data/union.json · en es/datos,2026-09-23,rep_id 107,figura:F34
fig.F34.rep.289,289,id,V2,FIG,unión de las filas con CGOCUS por diputado (FigUnion); src/data/union.json · en es/datos,2026-09-23,rep_id 289,figura:F34
fig.F34.rep.48,48,id,V2,FIG,unión de las filas con CGOCUS por diputado (FigUnion); src/data/union.json · en es/datos,2026-09-23,rep_id 48,figura:F34
fig.F34.rep.513,513,id,V2,FIG,unión de las filas con CGOCUS por diputado (FigUnion); src/data/union.json · en es/datos,2026-09-23,rep_id 513,figura:F34
fig.F34.rep.538,538,id,V2,FIG,unión de las filas con CGOCUS por diputado (FigUnion); src/data/union.json · en es/datos,2026-09-23,rep_id 538,figura:F34
fig.F34.rep.590,590,id,V2,FIG,unión de las filas con CGOCUS por diputado (FigUnion); src/data/union.json · en es/datos,2026-09-23,rep_id 590,figura:F34
fig.F34.rep.622,622,id,V2,FIG,unión de las filas con CGOCUS por diputado (FigUnion); src/data/union.json · en es/datos,2026-09-23,rep_id 622,figura:F34
fig.F34.rep.745,745,id,V2,FIG,unión de las filas con CGOCUS por diputado (FigUnion); src/data/union.json · en es/datos,2026-09-23,rep_id 745,figura:F34
fig.F34.rep.784,784,id,V2,FIG,unión de las filas con CGOCUS por diputado (FigUnion); src/data/union.json · en es/datos,2026-09-23,rep_id 784,figura:F34
fig.F34.rep.965,965,id,V2,FIG,unión de las filas con CGOCUS por diputado (FigUnion); src/data/union.json · en es/datos,2026-09-23,rep_id 965,figura:F34
fig.F34.rep.97,97,id,V2,FIG,unión de las filas con CGOCUS por diputado (FigUnion); src/data/union.json · en es/datos,2026-09-23,rep_id 97,figura:F34
fig.F34.repetidas,139776,n,afin,FIG,unión de las filas con CGOCUS por diputado (FigUnion); src/data/union.json · en es/datos,2026-09-23,139.776,figura:F34
fig.F34.sin.1.filas,9,n,afin,FIG,unión de las filas con CGOCUS por diputado (FigUnion); src/data/union.json · en es/datos,2026-09-23,9,figura:F34
fig.F34.sin.1005.filas,1,n,afin,FIG,unión de las filas con CGOCUS por diputado (FigUnion); src/data/union.json · en es/datos,2026-09-23,1,figura:F34
fig.F34.sin.107.filas,16,n,afin,FIG,unión de las filas con CGOCUS por diputado (FigUnion); src/data/union.json · en es/datos,2026-09-23,16,figura:F34
fig.F34.sin.289.filas,32,n,afin,FIG,unión de las filas con CGOCUS por diputado (FigUnion); src/data/union.json · en es/datos,2026-09-23,32,figura:F34
fig.F34.sin.48.filas,8,n,afin,FIG,unión de las filas con CGOCUS por diputado (FigUnion); src/data/union.json · en es/datos,2026-09-23,8,figura:F34
fig.F34.sin.513.filas,4,n,afin,FIG,unión de las filas con CGOCUS por diputado (FigUnion); src/data/union.json · en es/datos,2026-09-23,4,figura:F34
fig.F34.sin.538.filas,210,n,afin,FIG,unión de las filas con CGOCUS por diputado (FigUnion); src/data/union.json · en es/datos,2026-09-23,210,figura:F34
fig.F34.sin.590.filas,12,n,afin,FIG,unión de las filas con CGOCUS por diputado (FigUnion); src/data/union.json · en es/datos,2026-09-23,12,figura:F34
fig.F34.sin.622.filas,2,n,afin,FIG,unión de las filas con CGOCUS por diputado (FigUnion); src/data/union.json · en es/datos,2026-09-23,2,figura:F34
fig.F34.sin.745.filas,69,n,afin,FIG,unión de las filas con CGOCUS por diputado (FigUnion); src/data/union.json · en es/datos,2026-09-23,69,figura:F34
fig.F34.sin.784.filas,40,n,afin,FIG,unión de las filas con CGOCUS por diputado (FigUnion); src/data/union.json · en es/datos,2026-09-23,40,figura:F34
fig.F34.sin.965.filas,22,n,afin,FIG,unión de las filas con CGOCUS por diputado (FigUnion); src/data/union.json · en es/datos,2026-09-23,22,figura:F34
fig.F34.sin.97.filas,1,n,afin,FIG,unión de las filas con CGOCUS por diputado (FigUnion); src/data/union.json · en es/datos,2026-09-23,1,figura:F34
longitud.json › eje.curva,,pct,V2,FIG,campo que la figura repite en cada fila: eje y tramo de la figura de longitud (FigLongitud); src/data/longitud.json · en es/metodo,2026-09-23,5 valores distintos,figura:F10
longitud.json › eje.filas,,texto,V2,FIG,campo que la figura repite en cada fila: eje y tramo de la figura de longitud (FigLongitud); src/data/longitud.json · en es/metodo,2026-09-23,4 valores distintos,figura:F10
longitud.json › eje.palabras,,texto,V2,FIG,campo que la figura repite en cada fila: eje y tramo de la figura de longitud (FigLongitud); src/data/longitud.json · en es/metodo,2026-09-23,4 valores distintos,figura:F10
longitud.json › tramo,,texto,V2,FIG,campo que la figura repite en cada fila: eje y tramo de la figura de longitud (FigLongitud); src/data/longitud.json · en es/metodo,2026-09-23,10 valores distintos,figura:F10
longitud.json › tramos,Trámite frente a discursoPalabras por filaFilas de la PresidenciaFilas del restoPalabras de la PresidenciaPalabras del restoTodas0–515.74118.45563.57257.5676–1011.3603.64282.14427.35911–206.5343.31197.61749.94221–507.9894.518256.821151.10251–1003.1234.216220.235308.889101–3002.4368.864389.5991.657.672301–1.00061910.202329.2085.787.8121.001–3.0003414.884605.1568.148.8993.001–10.000961.196419.2545.387.378más de 10.00022227.863267.8071931-19330–58.80510.98035.47133.7996–106.6042.12546.89115.88811–203.6311.95555.02129.43821–504.5172.720144.90890.66851–1001.7632.454124.272180.116101–3001.3615.118219.877961.665301–1.0003445.654178.8533.180.0971.001–3.0001372.523230.5184.217.4883.001–10.00027620123.7312.882.458más de 10.00021527.863187.2681933-19350–56.2136.57625.16020.9496–104.0581.35530.18810.26911–202.4641.24736.13418.86621–503.0671.61298.85054.22351–1001.1761.58683.390116.036101–3009183.305143.653611.692301–1.0002073.901112.6702.226.7751.001–3.0001821.950336.5073.227.0193.001–10.00058462242.7962.022.502más de 10.00005058.4411936-19390–57238992.9412.8196–106981625.0651.20211–204391096.4621.63821–5040518613.0636.21151–10018417612.57312.737101–30015744126.06984.315301–1.0006864737.685380.9401.001–3.0002241138.131704.3923.001–10.0001111452.727482.418más de 10.00002022.098,texto,V2,FIG,eje y tramo de la figura de longitud (FigLongitud); src/data/longitud.json · en es/metodo,2026-09-23,Trámite frente a discursoPalabras por filaFilas de la PresidenciaFilas del restoPalabras de la PresidenciaPalabras del restoTodas0–515.74118.45563.57257.5676–1011.3603.64282.14427.35911–206.5343.31197.61749.94221–507.9894.518256.821151.10251–1003.1234.216220.235308.889101–3002.4368.864389.5991.657.672301–1.00061910.202329.2085.787.8121.001–3.0003414.884605.1568.148.8993.001–10.000961.196419.2545.387.378más de 10.00022227.863267.8071931-19330–58.80510.98035.47133.7996–106.6042.12546.89115.88811–203.6311.95555.02129.43821–504.5172.720144.90890.66851–1001.7632.454124.272180.116101–3001.3615.118219.877961.665301–1.0003445.654178.8533.180.0971.001–3.0001372.523230.5184.217.4883.001–10.00027620123.7312.882.458más de 10.00021527.863187.2681933-19350–56.2136.57625.16020.9496–104.0581.35530.18810.26911–202.4641.24736.13418.86621–503.0671.61298.85054.22351–1001.1761.58683.390116.036101–3009183.305143.653611.692301–1.0002073.901112.6702.226.7751.001–3.0001821.950336.5073.227.0193.001–10.00058462242.7962.022.502más de 10.00005058.4411936-19390–57238992.9412.8196–106981625.0651.20211–204391096.4621.63821–5040518613.0636.21151–10018417612.57312.737101–30015744126.06984.315301–1.0006864737.685380.9401.001–3.0002241138.131704.3923.001–10.0001111452.727482.418más de 10.00002022.098,figura:F10
meses.csv,,texto,V2,FIG,"campo que la figura repite en cada fila: celda de la tabla del calendario, la misma que public/datos/meses.csv (FigCalendario); src/data/meses.json · en es/cortes/1931, es/cortes/1933, es/cortes/1936 y 3 más",2026-09-23,6 valores distintos,figura:F01
oradores.etapa.I.1.puesto,1,n,v3,FIG,los diez oradores con más palabras de cada etapa (FigOradores); src/data/oradores_etapa.json · en es/cortes/1931,2026-09-23,1,figura:F05
oradores.etapa.I.10.puesto,10,n,v3,FIG,los diez oradores con más palabras de cada etapa (FigOradores); src/data/oradores_etapa.json · en es/cortes/1931,2026-09-23,10,figura:F05
oradores.etapa.I.2.puesto,2,n,v3,FIG,los diez oradores con más palabras de cada etapa (FigOradores); src/data/oradores_etapa.json · en es/cortes/1931,2026-09-23,2,figura:F05
oradores.etapa.I.3.puesto,3,n,v3,FIG,los diez oradores con más palabras de cada etapa (FigOradores); src/data/oradores_etapa.json · en es/cortes/1931,2026-09-23,3,figura:F05
oradores.etapa.I.4.puesto,4,n,v3,FIG,los diez oradores con más palabras de cada etapa (FigOradores); src/data/oradores_etapa.json · en es/cortes/1931,2026-09-23,4,figura:F05
oradores.etapa.I.5.puesto,5,n,v3,FIG,los diez oradores con más palabras de cada etapa (FigOradores); src/data/oradores_etapa.json · en es/cortes/1931,2026-09-23,5,figura:F05
oradores.etapa.I.6.puesto,6,n,v3,FIG,los diez oradores con más palabras de cada etapa (FigOradores); src/data/oradores_etapa.json · en es/cortes/1931,2026-09-23,6,figura:F05
oradores.etapa.I.7.puesto,7,n,v3,FIG,los diez oradores con más palabras de cada etapa (FigOradores); src/data/oradores_etapa.json · en es/cortes/1931,2026-09-23,7,figura:F05
oradores.etapa.I.8.puesto,8,n,v3,FIG,los diez oradores con más palabras de cada etapa (FigOradores); src/data/oradores_etapa.json · en es/cortes/1931,2026-09-23,8,figura:F05
oradores.etapa.I.9.puesto,9,n,v3,FIG,los diez oradores con más palabras de cada etapa (FigOradores); src/data/oradores_etapa.json · en es/cortes/1931,2026-09-23,9,figura:F05
oradores.etapa.II.1.puesto,1,n,v3,FIG,los diez oradores con más palabras de cada etapa (FigOradores); src/data/oradores_etapa.json · en es/cortes/1933,2026-09-23,1,figura:F05
oradores.etapa.II.10.puesto,10,n,v3,FIG,los diez oradores con más palabras de cada etapa (FigOradores); src/data/oradores_etapa.json · en es/cortes/1933,2026-09-23,10,figura:F05
oradores.etapa.II.2.puesto,2,n,v3,FIG,los diez oradores con más palabras de cada etapa (FigOradores); src/data/oradores_etapa.json · en es/cortes/1933,2026-09-23,2,figura:F05
oradores.etapa.II.3.puesto,3,n,v3,FIG,los diez oradores con más palabras de cada etapa (FigOradores); src/data/oradores_etapa.json · en es/cortes/1933,2026-09-23,3,figura:F05
oradores.etapa.II.4.puesto,4,n,v3,FIG,los diez oradores con más palabras de cada etapa (FigOradores); src/data/oradores_etapa.json · en es/cortes/1933,2026-09-23,4,figura:F05
oradores.etapa.II.5.puesto,5,n,v3,FIG,los diez oradores con más palabras de cada etapa (FigOradores); src/data/oradores_etapa.json · en es/cortes/1933,2026-09-23,5,figura:F05
oradores.etapa.II.6.puesto,6,n,v3,FIG,los diez oradores con más palabras de cada etapa (FigOradores); src/data/oradores_etapa.json · en es/cortes/1933,2026-09-23,6,figura:F05
oradores.etapa.II.7.puesto,7,n,v3,FIG,los diez oradores con más palabras de cada etapa (FigOradores); src/data/oradores_etapa.json · en es/cortes/1933,2026-09-23,7,figura:F05
oradores.etapa.II.8.puesto,8,n,v3,FIG,los diez oradores con más palabras de cada etapa (FigOradores); src/data/oradores_etapa.json · en es/cortes/1933,2026-09-23,8,figura:F05
oradores.etapa.II.9.puesto,9,n,v3,FIG,los diez oradores con más palabras de cada etapa (FigOradores); src/data/oradores_etapa.json · en es/cortes/1933,2026-09-23,9,figura:F05
oradores.etapa.III.1.puesto,1,n,v3,FIG,los diez oradores con más palabras de cada etapa (FigOradores); src/data/oradores_etapa.json · en es/cortes/1936,2026-09-23,1,figura:F05
oradores.etapa.III.10.puesto,10,n,v3,FIG,los diez oradores con más palabras de cada etapa (FigOradores); src/data/oradores_etapa.json · en es/cortes/1936,2026-09-23,10,figura:F05
oradores.etapa.III.2.puesto,2,n,v3,FIG,los diez oradores con más palabras de cada etapa (FigOradores); src/data/oradores_etapa.json · en es/cortes/1936,2026-09-23,2,figura:F05
oradores.etapa.III.3.puesto,3,n,v3,FIG,los diez oradores con más palabras de cada etapa (FigOradores); src/data/oradores_etapa.json · en es/cortes/1936,2026-09-23,3,figura:F05
oradores.etapa.III.4.puesto,4,n,v3,FIG,los diez oradores con más palabras de cada etapa (FigOradores); src/data/oradores_etapa.json · en es/cortes/1936,2026-09-23,4,figura:F05
oradores.etapa.III.5.puesto,5,n,v3,FIG,los diez oradores con más palabras de cada etapa (FigOradores); src/data/oradores_etapa.json · en es/cortes/1936,2026-09-23,5,figura:F05
oradores.etapa.III.6.puesto,6,n,v3,FIG,los diez oradores con más palabras de cada etapa (FigOradores); src/data/oradores_etapa.json · en es/cortes/1936,2026-09-23,6,figura:F05
oradores.etapa.III.7.puesto,7,n,v3,FIG,los diez oradores con más palabras de cada etapa (FigOradores); src/data/oradores_etapa.json · en es/cortes/1936,2026-09-23,7,figura:F05
oradores.etapa.III.8.puesto,8,n,v3,FIG,los diez oradores con más palabras de cada etapa (FigOradores); src/data/oradores_etapa.json · en es/cortes/1936,2026-09-23,8,figura:F05
oradores.etapa.III.9.puesto,9,n,v3,FIG,los diez oradores con más palabras de cada etapa (FigOradores); src/data/oradores_etapa.json · en es/cortes/1936,2026-09-23,9,figura:F05
oradores.etapa.IV.1.puesto,1,n,v3,FIG,los diez oradores con más palabras de cada etapa (FigOradores); src/data/oradores_etapa.json · en es/cortes/guerra,2026-09-23,1,figura:F05
oradores.etapa.IV.10.puesto,10,n,v3,FIG,los diez oradores con más palabras de cada etapa (FigOradores); src/data/oradores_etapa.json · en es/cortes/guerra,2026-09-23,10,figura:F05
oradores.etapa.IV.2.puesto,2,n,v3,FIG,los diez oradores con más palabras de cada etapa (FigOradores); src/data/oradores_etapa.json · en es/cortes/guerra,2026-09-23,2,figura:F05
oradores.etapa.IV.3.puesto,3,n,v3,FIG,los diez oradores con más palabras de cada etapa (FigOradores); src/data/oradores_etapa.json · en es/cortes/guerra,2026-09-23,3,figura:F05
oradores.etapa.IV.4.puesto,4,n,v3,FIG,los diez oradores con más palabras de cada etapa (FigOradores); src/data/oradores_etapa.json · en es/cortes/guerra,2026-09-23,4,figura:F05
oradores.etapa.IV.5.puesto,5,n,v3,FIG,los diez oradores con más palabras de cada etapa (FigOradores); src/data/oradores_etapa.json · en es/cortes/guerra,2026-09-23,5,figura:F05
oradores.etapa.IV.6.puesto,6,n,v3,FIG,los diez oradores con más palabras de cada etapa (FigOradores); src/data/oradores_etapa.json · en es/cortes/guerra,2026-09-23,6,figura:F05
oradores.etapa.IV.7.puesto,7,n,v3,FIG,los diez oradores con más palabras de cada etapa (FigOradores); src/data/oradores_etapa.json · en es/cortes/guerra,2026-09-23,7,figura:F05
oradores.etapa.IV.8.puesto,8,n,v3,FIG,los diez oradores con más palabras de cada etapa (FigOradores); src/data/oradores_etapa.json · en es/cortes/guerra,2026-09-23,8,figura:F05
oradores.etapa.IV.9.puesto,9,n,v3,FIG,los diez oradores con más palabras de cada etapa (FigOradores); src/data/oradores_etapa.json · en es/cortes/guerra,2026-09-23,9,figura:F05
oradores.etapa.V.1.puesto,1,n,v3,FIG,los diez oradores con más palabras de cada etapa (FigOradores); src/data/oradores_etapa.json · en es/cortes/mexico,2026-09-23,1,figura:F05
oradores.etapa.V.10.puesto,10,n,v3,FIG,los diez oradores con más palabras de cada etapa (FigOradores); src/data/oradores_etapa.json · en es/cortes/mexico,2026-09-23,10,figura:F05
oradores.etapa.V.2.puesto,2,n,v3,FIG,los diez oradores con más palabras de cada etapa (FigOradores); src/data/oradores_etapa.json · en es/cortes/mexico,2026-09-23,2,figura:F05
oradores.etapa.V.3.puesto,3,n,v3,FIG,los diez oradores con más palabras de cada etapa (FigOradores); src/data/oradores_etapa.json · en es/cortes/mexico,2026-09-23,3,figura:F05
oradores.etapa.V.4.puesto,4,n,v3,FIG,los diez oradores con más palabras de cada etapa (FigOradores); src/data/oradores_etapa.json · en es/cortes/mexico,2026-09-23,4,figura:F05
oradores.etapa.V.5.puesto,5,n,v3,FIG,los diez oradores con más palabras de cada etapa (FigOradores); src/data/oradores_etapa.json · en es/cortes/mexico,2026-09-23,5,figura:F05
oradores.etapa.V.6.puesto,6,n,v3,FIG,los diez oradores con más palabras de cada etapa (FigOradores); src/data/oradores_etapa.json · en es/cortes/mexico,2026-09-23,6,figura:F05
oradores.etapa.V.7.puesto,7,n,v3,FIG,los diez oradores con más palabras de cada etapa (FigOradores); src/data/oradores_etapa.json · en es/cortes/mexico,2026-09-23,7,figura:F05
oradores.etapa.V.8.puesto,8,n,v3,FIG,los diez oradores con más palabras de cada etapa (FigOradores); src/data/oradores_etapa.json · en es/cortes/mexico,2026-09-23,8,figura:F05
oradores.etapa.V.9.puesto,9,n,v3,FIG,los diez oradores con más palabras de cada etapa (FigOradores); src/data/oradores_etapa.json · en es/cortes/mexico,2026-09-23,9,figura:F05
pico.amnistia.max,924,n,v3,FIG,pico de apariciones por mes de los términos del juego «¿Cuándo fue el pico?» (Explorador); public/datos/laboratorio.json · en es/explorador,2026-09-23,924,figura:tabla
pico.asturias.max,434,n,v3,FIG,pico de apariciones por mes de los términos del juego «¿Cuándo fue el pico?» (Explorador); public/datos/laboratorio.json · en es/explorador,2026-09-23,434,figura:tabla
pico.casas_viejas.max,492,n,v3,FIG,pico de apariciones por mes de los términos del juego «¿Cuándo fue el pico?» (Explorador); public/datos/laboratorio.json · en es/explorador,2026-09-23,492,figura:tabla
pico.cataluna.max,1387,n,v3,FIG,pico de apariciones por mes de los términos del juego «¿Cuándo fue el pico?» (Explorador); public/datos/laboratorio.json · en es/explorador,2026-09-23,1.387,figura:tabla
pico.congregaciones.max,502,n,v3,FIG,pico de apariciones por mes de los términos del juego «¿Cuándo fue el pico?» (Explorador); public/datos/laboratorio.json · en es/explorador,2026-09-23,502,figura:tabla
pico.divorcio.max,1116,n,v3,FIG,pico de apariciones por mes de los términos del juego «¿Cuándo fue el pico?» (Explorador); public/datos/laboratorio.json · en es/explorador,2026-09-23,1.116,figura:tabla
pico.frente_popular.max,271,n,v3,FIG,pico de apariciones por mes de los términos del juego «¿Cuándo fue el pico?» (Explorador); public/datos/laboratorio.json · en es/explorador,2026-09-23,271,figura:tabla
pico.jurados_mixtos.max,531,n,v3,FIG,pico de apariciones por mes de los términos del juego «¿Cuándo fue el pico?» (Explorador); public/datos/laboratorio.json · en es/explorador,2026-09-23,531,figura:tabla
pico.mujer.max,308,n,v3,FIG,pico de apariciones por mes de los términos del juego «¿Cuándo fue el pico?» (Explorador); public/datos/laboratorio.json · en es/explorador,2026-09-23,308,figura:tabla
pico.reforma_agraria.max,896,n,v3,FIG,pico de apariciones por mes de los términos del juego «¿Cuándo fue el pico?» (Explorador); public/datos/laboratorio.json · en es/explorador,2026-09-23,896,figura:tabla
presidencia_gobierno.csv,,texto,proyecto,FIG,"campo que la figura repite en cada fila: celda de la tabla de Presidencia y Gobierno, la misma que public/datos/presidencia_gobierno.csv; src/data/sesiones.json · en es/cortes/1931, es/cortes/1933, es/cortes/1936 y 2 más",2026-09-23,10 valores distintos,figura:F16
puertas.turnos.1931-10-01-48,0Tomás Alonso de Armiño353981Presidencia · Besteiro453992Tomás Alonso de Armiño2754003Presidencia · Besteiro2354014Vicente Iranzo354025Presidencia · Besteiro454036Vicente Iranzo3154047Presidencia · Besteiro4554058Juan Simeón Vidarte354069Presidencia · Besteiro5540710Victoria Kent9540811Presidencia · Besteiro27540912Juan Simeón Vidarte1.283541013Ricardo Samper3541114Presidencia · Besteiro4541215Ricardo Samper335541316Presidencia · Besteiro14541417Rafael Guerra del Río3541518Presidencia · Besteiro4541619Rafael Guerra del Río20541720Presidencia · Besteiro24541821Victoria Kent1.053541922Clara Campoamor3542023Presidencia · Besteiro4542124Clara Campoamor780542225Presidencia · Besteiro7542326Clara Campoamor1.460542427Presidencia · Besteiro12542528Rafael Guerra del Río819542629Luis Jiménez de Asúa3542730Presidencia · Besteiro4542831Luis Jiménez de Asúa41542932Rafael Guerra del Río3543033Presidencia · Besteiro4543134Rafael Guerra del Río137543235Presidencia · Besteiro10543336Andrés Ovejero927543437Presidencia · Besteiro10543538Roberto Castrovido702543639Presidencia · Besteiro6543740Luis Companys219543841Enrique de Francisco3543942Presidencia · Besteiro25544043Enrique de Francisco194544144Presidencia · Besteiro119544245Rafael Guerra del Río390544346Presidencia · Besteiro121544447Ángel Galarza3544548Presidencia · Besteiro4544649Ángel Galarza591544750Presidencia · Besteiro42544851Rafael Guerra del Río41544952Presidencia · Besteiro33545053Presidencia · Besteiro62545154Joaquín Pérez Madrigal53545255Presidencia · Besteiro233545356Presidencia · Barnés50545457Presidencia · Besteiro15545558Manuel Carrasco y Formiguera73545659Presidencia · Besteiro15545760Manuel Carrasco y Formiguera70545861Presidencia · Besteiro24545962Manuel Carrasco y Formiguera14546063Presidencia · Besteiro17546164Manuel Carrasco y Formiguera142546265Presidencia · Besteiro36546366Manuel Carrasco y Formiguera39546467Presidencia · Besteiro14546568Manuel Carrasco y Formiguera164546669Presidencia · Besteiro10546770Ramón Franco Bahamonde101546871Presidencia · Besteiro10546972Pedro Rico López345547073Presidencia · Besteiro20547174José Álvarez Buylla138547275Presidencia · Besteiro8547376José Álvarez Buylla29547477Presidencia · Besteiro17547578José Álvarez Buylla21547679Ángel Galarza3547780Presidencia · Besteiro4547881Ángel Galarza81547982Presidencia · Besteiro38548083Presidencia · Besteiro7548184Alfonso García Valdecasas955548285Ricardo Samper3548386Presidencia · Besteiro4548487Ricardo Samper269548588Presidencia · Besteiro92548689Presidencia · Besteiro5548790Juan Castrillo74548891Claudio Sánchez Albornoz3548992Presidencia · Besteiro4549093Claudio Sánchez Albornoz80549194Presidencia · Besteiro7549295Claudio Sánchez Albornoz7549396Presidencia · Besteiro37549497Presidencia · Besteiro5549598Juan Castrillo7549699Presidencia · Besteiro105497100Domingo Palet4585498101Juan Castrillo35499102Presidencia · Besteiro45500103Juan Castrillo1045501104Domingo Palet35502105Presidencia · Besteiro45503106Domingo Palet1395504107Presidencia · Besteiro375505108Presidencia · Besteiro55506109Juan Castrillo135507110Presidencia · Besteiro155508111Félix Gordón Ordás1445509112Juan Castrillo35510113Presidencia · Besteiro45511114Juan Castrillo675512115Félix Gordón Ordás75513116Presidencia · Besteiro235514117José Ballester235515118Juan Castrillo55516119José Ballester95517120Presidencia · Besteiro55518121Ramón Franco Bahamonde135519122Presidencia · Besteiro215520123Juan Castrillo255521124Presidencia · Besteiro195522125Juan Castrillo55523126Presidencia · Besteiro215524127Juan Castrillo1025525128Presidencia · Besteiro355526129Juan Castrillo565527130Presidencia · Besteiro75528131Juan Castrillo195529132Presidencia · Besteiro105530133Luis Cornide205531134Presidencia · Besteiro125532135Luis Cornide2605533136Presidencia · Besteiro55534137Juan Castrillo1515535138Luis Cornide35536139Presidencia · Besteiro45537140Luis Cornide1715538141Juan Castrillo35539142Presidencia · Besteiro45540143Juan Castrillo425541144Presidencia · Besteiro165542145Luis Jiménez de Asúa35543146Presidencia · Besteiro45544147Luis Jiménez de Asúa385545148Félix Gordón Ordás35546149Presidencia · Besteiro125547150Joaquín Pérez Madrigal65548151José Ballester205549152Luis Jiménez de Asúa35550153Presidencia · Besteiro45551154Luis Jiménez de Asúa275552155José Ballester35553156Presidencia · Besteiro45554157José Ballester1145555158Félix Gordón Ordás85556159Presidencia · Besteiro85557160Félix Gordón Ordás465558161Juan Castrillo75559162Joaquín Pérez Madrigal125560163Ángel Galarza35561164Presidencia · Besteiro45562165Ángel Galarza1615563166Luis Jiménez de Asúa35564167Presidencia · Besteiro45565168Luis Jiménez de Asúa615566169José Ballester35567170Presidencia · Besteiro45568171José Ballester1335569172Domingo Palet35570173Presidencia · Besteiro45571174Domingo Palet565572175Presidencia · Besteiro195573176José Ballester145574177Ricardo Samper35575178Presidencia · Besteiro45576179Ricardo Samper275577180José Ballester525578181Antonio Rodríguez Pérez465579182José Ballester85580183Eduardo Barriobero35581184Presidencia · Besteiro45582185Eduardo Barriobero285583186José Ballester75584187Eduardo Barriobero45585188José Ballester65586189Presidencia · Besteiro505587190Presidencia · Besteiro55588191Juan Castrillo105589192Domingo Palet35590193Presidencia · Besteiro45591194Domingo Palet1515592195Presidencia · Besteiro55593196Juan Castrillo1165594197Domingo Palet35595198Presidencia · Besteiro65596199Domingo Palet2135597200Presidencia · Besteiro55598201Luis Jiménez de Asúa85599202Vicente Iranzo35600203Presidencia · Besteiro45601204Vicente Iranzo4935602205Presidencia · Besteiro85603206Trifón Gómez6345604207Vicente Iranzo35605208Presidencia · Besteiro65606209Vicente Iranzo2135607210Trifón Gómez35608211Presidencia · Besteiro45609212Trifón Gómez2595610213Presidencia · Besteiro625611214Juan Castrillo35612215Presidencia · Besteiro45613216Juan Castrillo65614217Presidencia · Besteiro75615218Salvador Martínez Moya3265616219Juan Castrillo35617220Presidencia · Besteiro45618221Juan Castrillo1305619222Salvador Martínez Moya35620223Presidencia · Besteiro45621224Salvador Martínez Moya2605622225Juan Castrillo35623226Presidencia · Besteiro45624227Juan Castrillo1205625228Presidencia · Besteiro455626229Presidencia · Besteiro375627230Juan Botella35628231Presidencia · Besteiro45629232Juan Botella275630233Trifón Gómez55631234Emiliano Iglesias y Ambrosio65632235Presidencia · Besteiro175633236Juan Botella815634237Presidencia · Besteiro105635238Juan Castrillo35636239Presidencia · Besteiro45637240Juan Castrillo535638241Presidencia · Besteiro145639242Enrique Ramos355640243Presidencia · Besteiro115641244Juan Castrillo9815642245Presidencia · Besteiro105643246Juan Castrillo3335644247Presidencia · Besteiro315645248Juan Castrillo15646249Juan Botella35647250Presidencia · Besteiro45648251Juan Botella4815649252Presidencia · Besteiro65650253Juan Castrillo1775651254Juan Botella35652255Presidencia · Besteiro45653256Juan Botella1235654257Presidencia · Besteiro655655258Presidencia · Besteiro545656259Presidencia · Besteiro55657260Emiliano Iglesias y Ambrosio215658261Presidencia · Besteiro6695659262Presidencia · Besteiro235660263Presidencia · Besteiro65661264Pedro Armasa1.0505662265Francisco Largo Caballero35663266Presidencia · Besteiro45664267Francisco Largo Caballero2855665268Pedro Armasa55666269Presidencia · Besteiro45667270Pedro Armasa1035668271Juan Simeón Vidarte175669272Presidencia · Besteiro445670273Tomás Álvarez Angulo1.7695671274Miguel Maura35672275Presidencia · Besteiro45673276Miguel Maura1.1565674277Tomás Álvarez Angulo35675278Presidencia · Besteiro45676279Tomás Álvarez Angulo175677280Miguel Maura495678281Enrique Ramos135679282Presidencia · Besteiro65680283Manuel Marraco455681284Presidencia · Besteiro55682285Manuel Marraco1785683286Presidencia · Besteiro75684287Manuel Marraco1385685288Presidencia · Besteiro1325686289Benito Artigas Arpón225687290Presidencia · Besteiro345688291Presidencia · Besteiro65689292Ramón Franco Bahamonde1.3365690293Presidencia · Besteiro285691294Presidencia · Besteiro75692295Manuel González Ramos1.6715693296Miguel Maura35694297Presidencia · Besteiro45695298Miguel Maura4145696299Manuel González Ramos25697300Presidencia · Besteiro45698301Manuel González Ramos855699302Miguel Maura25700303Presidencia · Besteiro45701304Miguel Maura475702305Enrique Ramos195703306Presidencia · Besteiro85704307Bruno Alonso González35705308Presidencia · Besteiro295706309Bruno Alonso González615707310Presidencia · Besteiro645708311Bruno Alonso González435709312Presidencia · Besteiro435710313Joaquín Poza Juncal2.3355711314Presidencia · Besteiro65712315César Juarros8285713316Presidencia · Besteiro105714317Jerónimo Gomariz205715318Miguel Maura35716319Presidencia · Besteiro45717320Miguel Maura1.7395718321Presidencia · Marraco455719322Jerónimo Gomariz95720323Presidencia · Marraco55721324Jerónimo Gomariz9385722325Presidencia · Marraco65723326Gumersindo Alberca Montoya1905724327Presidencia · Marraco65725328Ángel Galarza1535726329Presidencia · Marraco85727330Ángel Galarza235728331Presidencia · Marraco55729332Ángel Galarza65730333Presidencia · Marraco105731334Ángel Galarza235732335Presidencia · Marraco15733336Ángel Galarza335734337Presidencia · Marraco35735338Ángel Galarza5955736339Joaquín Poza Juncal35737340Presidencia · Marraco45738341Joaquín Poza Juncal1685739342Miguel Maura35740343Presidencia · Marraco65741344Miguel Maura3615742345Ángel Galarza35743346Presidencia · Marraco45744347Ángel Galarza6055745348Miguel Maura35746349Presidencia · Marraco45747350Miguel Maura1055748351Diego Martínez Barrio35749352Presidencia · Marraco45750353Diego Martínez Barrio2405751354Manuel Albar35752355Presidencia · Marraco45753356Manuel Albar3125754357Miguel Maura35755358Presidencia · Marraco45756359Miguel Maura895757360Jerónimo Gomariz35758361Presidencia · Marraco45759362Jerónimo Gomariz1635760363Diego Martínez Barrio35761364Presidencia · Marraco45762365Diego Martínez Barrio895763366Jerónimo Gomariz35764367Presidencia · Marraco45765368Jerónimo Gomariz1635766369Diego Martínez Barrio35767370Presidencia · Marraco45768371Diego Martínez Barrio895769372Jerónimo Gomariz35770373Presidencia · Marraco45771374Jerónimo Gomariz1635772375Diego Martínez Barrio35773376Presidencia · Marraco45774377Diego Martínez Barrio895775378Jerónimo Gomariz35776379Presidencia · Marraco45777380Jerónimo Gomariz1635778381Diego Martínez Barrio35779382Presidencia · Marraco45780383Diego Martínez Barrio895781384Jerónimo Gomariz35782385Presidencia · Marraco45783386Jerónimo Gomariz1635784387Diego Martínez Barrio35785388Presidencia · Marraco45786389Diego Martínez Barrio1395787390Final repetido del acta: «Pido la palabra.»35788391Final repetido del acta: «Pido la palabra.»35789392Final repetido del acta: «Pido la palabra.»35790393Final repetido del acta: «Pido la palabra.»35791394Final repetido del acta: «Pido la palabra.»65792,texto,V2,FIG,turnos de cada sesión de las puertas (FigTurnos); src/data/puertas.json · en es/cortes/sesiones/sufragio-1931,2026-09-23,0Tomás Alonso de Armiño353981Presidencia · Besteiro453992Tomás Alonso de Armiño2754003Presidencia · Besteiro2354014Vicente Iranzo354025Presidencia · Besteiro454036Vicente Iranzo3154047Presidencia · Besteiro4554058Juan Simeón Vidarte354069Presidencia · Besteiro5540710Victoria Kent9540811Presidencia · Besteiro27540912Juan Simeón Vidarte1.283541013Ricardo Samper3541114Presidencia · Besteiro4541215Ricardo Samper335541316Presidencia · Besteiro14541417Rafael Guerra del Río3541518Presidencia · Besteiro4541619Rafael Guerra del Río20541720Presidencia · Besteiro24541821Victoria Kent1.053541922Clara Campoamor3542023Presidencia · Besteiro4542124Clara Campoamor780542225Presidencia · Besteiro7542326Clara Campoamor1.460542427Presidencia · Besteiro12542528Rafael Guerra del Río819542629Luis Jiménez de Asúa3542730Presidencia · Besteiro4542831Luis Jiménez de Asúa41542932Rafael Guerra del Río3543033Presidencia · Besteiro4543134Rafael Guerra del Río137543235Presidencia · Besteiro10543336Andrés Ovejero927543437Presidencia · Besteiro10543538Roberto Castrovido702543639Presidencia · Besteiro6543740Luis Companys219543841Enrique de Francisco3543942Presidencia · Besteiro25544043Enrique de Francisco194544144Presidencia · Besteiro119544245Rafael Guerra del Río390544346Presidencia · Besteiro121544447Ángel Galarza3544548Presidencia · Besteiro4544649Ángel Galarza591544750Presidencia · Besteiro42544851Rafael Guerra del Río41544952Presidencia · Besteiro33545053Presidencia · Besteiro62545154Joaquín Pérez Madrigal53545255Presidencia · Besteiro233545356Presidencia · Barnés50545457Presidencia · Besteiro15545558Manuel Carrasco y Formiguera73545659Presidencia · Besteiro15545760Manuel Carrasco y Formiguera70545861Presidencia · Besteiro24545962Manuel Carrasco y Formiguera14546063Presidencia · Besteiro17546164Manuel Carrasco y Formiguera142546265Presidencia · Besteiro36546366Manuel Carrasco y Formiguera39546467Presidencia · Besteiro14546568Manuel Carrasco y Formiguera164546669Presidencia · Besteiro10546770Ramón Franco Bahamonde101546871Presidencia · Besteiro10546972Pedro Rico López345547073Presidencia · Besteiro20547174José Álvarez Buylla138547275Presidencia · Besteiro8547376José Álvarez Buylla29547477Presidencia · Besteiro17547578José Álvarez Buylla21547679Ángel Galarza3547780Presidencia · Besteiro4547881Ángel Galarza81547982Presidencia · Besteiro38548083Presidencia · Besteiro7548184Alfonso García Valdecasas955548285Ricardo Samper3548386Presidencia · Besteiro4548487Ricardo Samper269548588Presidencia · Besteiro92548689Presidencia · Besteiro5548790Juan Castrillo74548891Claudio Sánchez Albornoz3548992Presidencia · Besteiro4549093Claudio Sánchez Albornoz80549194Presidencia · Besteiro7549295Claudio Sánchez Albornoz7549396Presidencia · Besteiro37549497Presidencia · Besteiro5549598Juan Castrillo7549699Presidencia · Besteiro105497100Domingo Palet4585498101Juan Castrillo35499102Presidencia · Besteiro45500103Juan Castrillo1045501104Domingo Palet35502105Presidencia · Besteiro45503106Domingo Palet1395504107Presidencia · Besteiro375505108Presidencia · Besteiro55506109Juan Castrillo135507110Presidencia · Besteiro155508111Félix Gordón Ordás1445509112Juan Castrillo35510113Presidencia · Besteiro45511114Juan Castrillo675512115Félix Gordón Ordás75513116Presidencia · Besteiro235514117José Ballester235515118Juan Castrillo55516119José Ballester95517120Presidencia · Besteiro55518121Ramón Franco Bahamonde135519122Presidencia · Besteiro215520123Juan Castrillo255521124Presidencia · Besteiro195522125Juan Castrillo55523126Presidencia · Besteiro215524127Juan Castrillo1025525128Presidencia · Besteiro355526129Juan Castrillo565527130Presidencia · Besteiro75528131Juan Castrillo195529132Presidencia · Besteiro105530133Luis Cornide205531134Presidencia · Besteiro125532135Luis Cornide2605533136Presidencia · Besteiro55534137Juan Castrillo1515535138Luis Cornide35536139Presidencia · Besteiro45537140Luis Cornide1715538141Juan Castrillo35539142Presidencia · Besteiro45540143Juan Castrillo425541144Presidencia · Besteiro165542145Luis Jiménez de Asúa35543146Presidencia · Besteiro45544147Luis Jiménez de Asúa385545148Félix Gordón Ordás35546149Presidencia · Besteiro125547150Joaquín Pérez Madrigal65548151José Ballester205549152Luis Jiménez de Asúa35550153Presidencia · Besteiro45551154Luis Jiménez de Asúa275552155José Ballester35553156Presidencia · Besteiro45554157José Ballester1145555158Félix Gordón Ordás85556159Presidencia · Besteiro85557160Félix Gordón Ordás465558161Juan Castrillo75559162Joaquín Pérez Madrigal125560163Ángel Galarza35561164Presidencia · Besteiro45562165Ángel Galarza1615563166Luis Jiménez de Asúa35564167Presidencia · Besteiro45565168Luis Jiménez de Asúa615566169José Ballester35567170Presidencia · Besteiro45568171José Ballester1335569172Domingo Palet35570173Presidencia · Besteiro45571174Domingo Palet565572175Presidencia · Besteiro195573176José Ballester145574177Ricardo Samper35575178Presidencia · Besteiro45576179Ricardo Samper275577180José Ballester525578181Antonio Rodríguez Pérez465579182José Ballester85580183Eduardo Barriobero35581184Presidencia · Besteiro45582185Eduardo Barriobero285583186José Ballester75584187Eduardo Barriobero45585188José Ballester65586189Presidencia · Besteiro505587190Presidencia · Besteiro55588191Juan Castrillo105589192Domingo Palet35590193Presidencia · Besteiro45591194Domingo Palet1515592195Presidencia · Besteiro55593196Juan Castrillo1165594197Domingo Palet35595198Presidencia · Besteiro65596199Domingo Palet2135597200Presidencia · Besteiro55598201Luis Jiménez de Asúa85599202Vicente Iranzo35600203Presidencia · Besteiro45601204Vicente Iranzo4935602205Presidencia · Besteiro85603206Trifón Gómez6345604207Vicente Iranzo35605208Presidencia · Besteiro65606209Vicente Iranzo2135607210Trifón Gómez35608211Presidencia · Besteiro45609212Trifón Gómez2595610213Presidencia · Besteiro625611214Juan Castrillo35612215Presidencia · Besteiro45613216Juan Castrillo65614217Presidencia · Besteiro75615218Salvador Martínez Moya3265616219Juan Castrillo35617220Presidencia · Besteiro45618221Juan Castrillo1305619222Salvador Martínez Moya35620223Presidencia · Besteiro45621224Salvador Martínez Moya2605622225Juan Castrillo35623226Presidencia · Besteiro45624227Juan Castrillo1205625228Presidencia · Besteiro455626229Presidencia · Besteiro375627230Juan Botella35628231Presidencia · Besteiro45629232Juan Botella275630233Trifón Gómez55631234Emiliano Iglesias y Ambrosio65632235Presidencia · Besteiro175633236Juan Botella815634237Presidencia · Besteiro105635238Juan Castrillo35636239Presidencia · Besteiro45637240Juan Castrillo535638241Presidencia · Besteiro145639242Enrique Ramos355640243Presidencia · Besteiro115641244Juan Castrillo9815642245Presidencia · Besteiro105643246Juan Castrillo3335644247Presidencia · Besteiro315645248Juan Castrillo15646249Juan Botella35647250Presidencia · Besteiro45648251Juan Botella4815649252Presidencia · Besteiro65650253Juan Castrillo1775651254Juan Botella35652255Presidencia · Besteiro45653256Juan Botella1235654257Presidencia · Besteiro655655258Presidencia · Besteiro545656259Presidencia · Besteiro55657260Emiliano Iglesias y Ambrosio215658261Presidencia · Besteiro6695659262Presidencia · Besteiro235660263Presidencia · Besteiro65661264Pedro Armasa1.0505662265Francisco Largo Caballero35663266Presidencia · Besteiro45664267Francisco Largo Caballero2855665268Pedro Armasa55666269Presidencia · Besteiro45667270Pedro Armasa1035668271Juan Simeón Vidarte175669272Presidencia · Besteiro445670273Tomás Álvarez Angulo1.7695671274Miguel Maura35672275Presidencia · Besteiro45673276Miguel Maura1.1565674277Tomás Álvarez Angulo35675278Presidencia · Besteiro45676279Tomás Álvarez Angulo175677280Miguel Maura495678281Enrique Ramos135679282Presidencia · Besteiro65680283Manuel Marraco455681284Presidencia · Besteiro55682285Manuel Marraco1785683286Presidencia · Besteiro75684287Manuel Marraco1385685288Presidencia · Besteiro1325686289Benito Artigas Arpón225687290Presidencia · Besteiro345688291Presidencia · Besteiro65689292Ramón Franco Bahamonde1.3365690293Presidencia · Besteiro285691294Presidencia · Besteiro75692295Manuel González Ramos1.6715693296Miguel Maura35694297Presidencia · Besteiro45695298Miguel Maura4145696299Manuel González Ramos25697300Presidencia · Besteiro45698301Manuel González Ramos855699302Miguel Maura25700303Presidencia · Besteiro45701304Miguel Maura475702305Enrique Ramos195703306Presidencia · Besteiro85704307Bruno Alonso González35705308Presidencia · Besteiro295706309Bruno Alonso González615707310Presidencia · Besteiro645708311Bruno Alonso González435709312Presidencia · Besteiro435710313Joaquín Poza Juncal2.3355711314Presidencia · Besteiro65712315César Juarros8285713316Presidencia · Besteiro105714317Jerónimo Gomariz205715318Miguel Maura35716319Presidencia · Besteiro45717320Miguel Maura1.7395718321Presidencia · Marraco455719322Jerónimo Gomariz95720323Presidencia · Marraco55721324Jerónimo Gomariz9385722325Presidencia · Marraco65723326Gumersindo Alberca Montoya1905724327Presidencia · Marraco65725328Ángel Galarza1535726329Presidencia · Marraco85727330Ángel Galarza235728331Presidencia · Marraco55729332Ángel Galarza65730333Presidencia · Marraco105731334Ángel Galarza235732335Presidencia · Marraco15733336Ángel Galarza335734337Presidencia · Marraco35735338Ángel Galarza5955736339Joaquín Poza Juncal35737340Presidencia · Marraco45738341Joaquín Poza Juncal1685739342Miguel Maura35740343Presidencia · Marraco65741344Miguel Maura3615742345Ángel Galarza35743346Presidencia · Marraco45744347Ángel Galarza6055745348Miguel Maura35746349Presidencia · Marraco45747350Miguel Maura1055748351Diego Martínez Barrio35749352Presidencia · Marraco45750353Diego Martínez Barrio2405751354Manuel Albar35752355Presidencia · Marraco45753356Manuel Albar3125754357Miguel Maura35755358Presidencia · Marraco45756359Miguel Maura895757360Jerónimo Gomariz35758361Presidencia · Marraco45759362Jerónimo Gomariz1635760363Diego Martínez Barrio35761364Presidencia · Marraco45762365Diego Martínez Barrio895763366Jerónimo Gomariz35764367Presidencia · Marraco45765368Jerónimo Gomariz1635766369Diego Martínez Barrio35767370Presidencia · Marraco45768371Diego Martínez Barrio895769372Jerónimo Gomariz35770373Presidencia · Marraco45771374Jerónimo Gomariz1635772375Diego Martínez Barrio35773376Presidencia · Marraco45774377Diego Martínez Barrio895775378Jerónimo Gomariz35776379Presidencia · Marraco45777380Jerónimo Gomariz1635778381Diego Martínez Barrio35779382Presidencia · Marraco45780383Diego Martínez Barrio895781384Jerónimo Gomariz35782385Presidencia · Marraco45783386Jerónimo Gomariz1635784387Diego Martínez Barrio35785388Presidencia · Marraco45786389Diego Martínez Barrio1395787390Final repetido del acta: «Pido la palabra.»35788391Final repetido del acta: «Pido la palabra.»35789392Final repetido del acta: «Pido la palabra.»35790393Final repetido del acta: «Pido la palabra.»35791394Final repetido del acta: «Pido la palabra.»65792,figura:F30
puertas.turnos.1931-10-13-55,0Presidencia · Besteiro1066221Enrique Ramos26966232Presidencia · Besteiro766243Antonio Fabra Ribas1.58866254Presidencia · Besteiro17166265Presidencia · Besteiro2366276Enrique Ramos19966287Fernando Valera366298Presidencia · Besteiro2066309Joaquín Pérez Madrigal9663110Presidencia · Besteiro27663211Fernando Valera4663312Presidencia · Besteiro21663413Juan Castrillo3663514Presidencia · Besteiro4663615Juan Castrillo84663716Presidencia · Besteiro6663817Jerónimo Gomariz3663918Presidencia · Besteiro4664019Jerónimo Gomariz77664120Presidencia · Besteiro45664221Fernando Valera6664322Juan Castrillo3664423Presidencia · Besteiro4664524Juan Castrillo92664625Presidencia · Besteiro6664726Jerónimo Gomariz121664827Presidencia · Besteiro65664928Juan Castrillo18665029Presidencia · Besteiro28665130Luis Jiménez de Asúa137665231Bernardino Valle11665332Presidencia · Besteiro9665433Fernando Valera34665534Presidencia · Besteiro12665635Fernando Valera120665736Presidencia · Besteiro22665837Juan Castrillo3665938Presidencia · Besteiro4666039Juan Castrillo78666140Presidencia · Besteiro102666241Juan Castrillo148666342Presidencia · Besteiro20666443José María Lamamié de Clairac3666544Presidencia · Besteiro8666645José María Lamamié de Clairac49666746Presidencia · Besteiro10666847Juan Castrillo27666948Presidencia · Besteiro34667049Presidencia · Besteiro43667150Presidencia · Besteiro6667251Ricardo Samper5667352Presidencia · Besteiro19667453Presidencia · Besteiro6667554Luis Recaséns Siches19667655Presidencia · Besteiro6667756Joaquín Beúnza883667857Dimas Madariaga11667958José Martínez de Velasco19668059Presidencia · Besteiro132668160Presidencia · Besteiro7668261José Reino Caamaño1.934668362Presidencia · Besteiro96668463Mariano Ruiz-Funes3668564Presidencia · Besteiro4668665Mariano Ruiz-Funes56668766Presidencia · Besteiro7668867Joaquín Fanjul15668968Presidencia · Besteiro28669069Presidencia · Besteiro84669170Presidencia · Besteiro7669271Manuel Carrasco y Formiguera1.090669372Presidencia · Besteiro13669473Manuel Carrasco y Formiguera3669574Presidencia · Besteiro15669675Manuel Carrasco y Formiguera4669776Presidencia · Besteiro2669877Antonio Pildain7669978Presidencia · Besteiro30670079Antonio Pildain14670180Presidencia · Besteiro12670281Joaquín Beúnza19670382Presidencia · Besteiro19670483Manuel Carrasco y Formiguera1670584Presidencia · Besteiro10670685Joaquín Beúnza12670786Presidencia · Besteiro20670887Manuel Carrasco y Formiguera3670988Presidencia · Besteiro4671089Manuel Carrasco y Formiguera78671190Presidencia · Besteiro5671291Joaquín Beúnza6671392Presidencia · Besteiro46671493Mariano Ruiz-Funes644671594Jesús María Leizaola3671695Presidencia · Besteiro4671796Jesús María Leizaola91671897Presidencia · Besteiro21671998Mariano Ruiz-Funes11672099Presidencia · Besteiro576721100Antonio Guallar96722101Presidencia · Besteiro646723102Antonio Guallar2.5336724103Presidencia · Besteiro86725104Antonio Guallar5096726105Mariano Ruiz-Funes36727106Presidencia · Besteiro46728107Mariano Ruiz-Funes3986729108Presidencia · Besteiro436730109Luis López Dóriga5596731110Jerónimo García Gallego36732111Presidencia · Besteiro356733112Jerónimo García Gallego6796734113Presidencia · Besteiro3536735114Presidencia · Besteiro186736115Antonio Pildain2826737116Presidencia · Besteiro1696738117Presidencia · Besteiro896739118José Sánchez-Covisa136740119Presidencia · Besteiro536741120Presidencia · Besteiro136742121Luis Jiménez de Asúa3.0876743122Presidencia · Besteiro606744123Luis Jiménez de Asúa2546745124Manuel Azaña36746125Presidencia · Besteiro46747126Manuel Azaña6.0096748127Presidencia · Besteiro66749128Luis Cordero4006750129Presidencia · Besteiro126751130Luis Cordero2196752131Presidencia · Besteiro66753132Luis Companys3386754133Presidencia · Besteiro76755134Emilio Baeza Medina5366756135Presidencia · Besteiro66757136Luis Cordero5946758137Presidencia · Besteiro1506759138Presidencia · Besteiro56760139Mariano Ruiz-Funes2976761140Presidencia · Besteiro756762141Presidencia · Besteiro66763142Jesús María Leizaola3676764143Presidencia · Besteiro256765144Jesús María Leizaola1.4426766145Julián Zugazagoitia276767146Presidencia · Besteiro16768147Jesús María Leizaola1.5986769148Presidencia · Besteiro336770149Jesús María Leizaola1606771150Presidencia · Besteiro1586772151Dimas Madariaga746773152Presidencia · Besteiro1916774153Justo Villanueva36775154Presidencia · Besteiro46776155Justo Villanueva136777156Presidencia · Besteiro146778157Basilio Álvarez166779158Presidencia · Besteiro416780159Basilio Álvarez296781160Presidencia · Besteiro126782161Basilio Álvarez116783162Presidencia · Besteiro116784163Basilio Álvarez126785164Presidencia · Besteiro96786165Basilio Álvarez126787166Presidencia · Besteiro476788167Basilio Álvarez9996789168Presidencia · Besteiro576790169Basilio Álvarez626791170Presidencia · Besteiro186792171Basilio Álvarez6216793172Presidencia · Besteiro826794173Basilio Álvarez536795174Presidencia · Besteiro826796175Bernardino Valle36797176Presidencia · Besteiro46798177Bernardino Valle1976799178Mariano Ruiz-Funes36800179Presidencia · Besteiro76801180Mariano Ruiz-Funes426802181Presidencia · Besteiro526803182José Reino Caamaño86804183Presidencia · Besteiro46805184José Reino Caamaño7706806185Presidencia · VICEPRESIDENTE96807186José María Gil Robles56808187Joaquín Beúnza46809188Presidencia · Marraco216810189Joaquín Beúnza96811190Presidencia · Marraco1286812191Presidencia · Marraco276813192José María Lamamié de Clairac86814193Presidencia · Marraco46815194José María Lamamié de Clairac7116816195Presidencia · Marraco106817196José María Lamamié de Clairac1.0046818197Presidencia · Besteiro126819198Santiago Guallar96820199Presidencia · Besteiro1286821200Presidencia · Besteiro66822201Santiago Guallar1.3716823202Presidencia · Besteiro516824203Antonio Guallar4696825204Presidencia · Besteiro176826205Antonio Guallar256827206Presidencia · Besteiro236828207Antonio Guallar4886829208Presidencia · Besteiro96830209Antonio Guallar96831210Presidencia · Besteiro136832211Antonio Guallar1386833212Presidencia · Besteiro316834213Antonio Guallar26835214Presidencia · Besteiro796836215Joaquín Beúnza76837216Presidencia · Besteiro416838217Joaquín Beúnza156839218Presidencia · Besteiro366840219Joaquín Beúnza216841220Presidencia · Besteiro446842221Joaquín Beúnza256843222Presidencia · Besteiro826844223Presidencia · Besteiro166845224Cándido Casanueva496846225Presidencia · Besteiro36847226Cándido Casanueva126848227Presidencia · Besteiro86849228Cándido Casanueva106850229Presidencia · Besteiro146851230Cándido Casanueva1806852231Presidencia · Besteiro1066853232Mariano Ruiz-Funes36854233Presidencia · Besteiro46855234Mariano Ruiz-Funes976856235José María Gil Robles36857236Presidencia · Besteiro46858237José María Gil Robles3186859238Presidencia · Besteiro1846860239Jesús María Leizaola36861240Presidencia · Besteiro46862241Presidencia · Besteiro2706863242Presidencia · Besteiro1766864243Mariano Ruiz-Funes36865244Presidencia · Besteiro46866245Mariano Ruiz-Funes2966867246Presidencia · Besteiro216868247Jesús María Leizaola3246869248Presidencia · Besteiro126870249Jesús María Leizaola296871250Presidencia · Besteiro766872251Presidencia · Besteiro56873252Antonio Royo Villanova486874253Presidencia · Besteiro76875254Antonio Royo Villanova1.4426876255Juan Simeón Vidarte736877256Mariano Ruiz-Funes36878257Presidencia · Besteiro46879258Mariano Ruiz-Funes186880259Presidencia · Besteiro226881260Marcelino de Oreja Elósegui966882261Presidencia · Besteiro196883262Marcelino de Oreja Elósegui156884263Presidencia · Besteiro126885264Marcelino de Oreja Elósegui106886265Presidencia · Besteiro346887266Presidencia · Besteiro266888267Presidencia · Besteiro1556889268Presidencia · Besteiro146890269Ricardo Gómez Roji666891270Presidencia · Castrillo116892271Ricardo Gómez Roji6526893272Presidencia · Castrillo216894273Ricardo Gómez Roji6736895274Presidencia · Castrillo126896275Ricardo Gómez Roji9146897276Ricardo Gómez Roji156898277Presidencia · Castrillo146899278Ricardo Gómez Roji76900279Marcelino de Oreja Elósegui36901280Presidencia · Castrillo46902281Marcelino de Oreja Elósegui4966903282Presidencia · Castrillo116904283Marcelino de Oreja Elósegui846905284Presidencia · Castrillo196906285Marcelino de Oreja Elósegui1066907286Pedro Rico López176908287Antonio de la Villa166909288Presidencia · Castrillo246910289Marcelino de Oreja Elósegui6786911290Presidencia · Castrillo306912291Marcelino de Oreja Elósegui2156913292Presidencia · Castrillo66914293Fernando Valera166915294Eduardo Ortega y Gasset156916295Presidencia · Castrillo86917296Eduardo Ortega y Gasset1556918297Presidencia · Castrillo866919298Presidencia · Besteiro66920299Fernando Valera1.0036921300Presidencia · Besteiro106922301Mariano Ruiz-Funes2066923302Presidencia · Besteiro176924303José Luis de Oriol2136925304Presidencia · Besteiro76926305Pedro Vicente Gómez Sánchez1736927306Presidencia · Besteiro66928307Luis Cordero3056929308Presidencia · Besteiro76930309Joaquín Pérez Madrigal4346931310Félix Gordón Ordás36932311Presidencia · Besteiro46933312Félix Gordón Ordás3616934313Presidencia · Besteiro76935314Félix Gordón Ordás36936315Presidencia · Besteiro866937316Antonio Pildain36938317Presidencia · Besteiro46939318Antonio Pildain7586940319Presidencia · Besteiro226941320Antonio Pildain6586942321Presidencia · Besteiro56943322Mariano Ruiz-Funes4076944323Antonio Pildain36945324Presidencia · Besteiro96946325Antonio Pildain1946947326Mariano Ruiz-Funes36948327Presidencia · Besteiro46949328Mariano Ruiz-Funes1146950329Presidencia · Besteiro116951330Manuel Carrasco y Formiguera1.5296952331Jesús María Leizaola76953332Presidencia · Besteiro86954333Jesús María Leizaola5486955334Presidencia · Besteiro66956335Luis Companys1596957336Tomás Domínguez Arévalo36958337Presidencia · Besteiro46959338Tomás Domínguez Arévalo2196960339Ángel Ossorio Gallardo36961340Presidencia · Besteiro46962341Ángel Ossorio Gallardo106963342Presidencia · Besteiro866964343Presidencia · Besteiro56965344José María Gil Robles36966345Presidencia · Besteiro46967346José María Gil Robles1.5746968347Presidencia · Besteiro136969348José Ballester3816970349José María Gil Robles36971350Presidencia · Besteiro46972351José María Gil Robles236973352Presidencia · Besteiro96974353José María Gil Robles2616975354Presidencia · Besteiro96976355José María Gil Robles2836977356Presidencia · Besteiro816978357Jesús María Leizaola3856979358Presidencia · Besteiro896980359Ramón Molina86981360Presidencia · Besteiro146982361Ángel Ossorio Gallardo2.4196983362Presidencia · Besteiro176984363Eduardo Ortega y Gasset1626985364Presidencia · Besteiro136986365Presidencia · Besteiro56987366Presidencia · Besteiro46988367Niceto Alcalá-Zamora9156989368Presidencia · Besteiro226990369Ángel Galarza106991370Presidencia · Besteiro106992371Ángel Galarza7156993372Presidencia · Besteiro2276994373Presidencia · Besteiro1416995374Jesús María Leizaola186996375Presidencia · Besteiro786997376Enrique Ramos166998377Presidencia · Besteiro1486999,texto,V2,FIG,turnos de cada sesión de las puertas (FigTurnos); src/data/puertas.json · en es/cortes/sesiones/cuestion-religiosa-1931,2026-09-23,0Presidencia · Besteiro1066221Enrique Ramos26966232Presidencia · Besteiro766243Antonio Fabra Ribas1.58866254Presidencia · Besteiro17166265Presidencia · Besteiro2366276Enrique Ramos19966287Fernando Valera366298Presidencia · Besteiro2066309Joaquín Pérez Madrigal9663110Presidencia · Besteiro27663211Fernando Valera4663312Presidencia · Besteiro21663413Juan Castrillo3663514Presidencia · Besteiro4663615Juan Castrillo84663716Presidencia · Besteiro6663817Jerónimo Gomariz3663918Presidencia · Besteiro4664019Jerónimo Gomariz77664120Presidencia · Besteiro45664221Fernando Valera6664322Juan Castrillo3664423Presidencia · Besteiro4664524Juan Castrillo92664625Presidencia · Besteiro6664726Jerónimo Gomariz121664827Presidencia · Besteiro65664928Juan Castrillo18665029Presidencia · Besteiro28665130Luis Jiménez de Asúa137665231Bernardino Valle11665332Presidencia · Besteiro9665433Fernando Valera34665534Presidencia · Besteiro12665635Fernando Valera120665736Presidencia · Besteiro22665837Juan Castrillo3665938Presidencia · Besteiro4666039Juan Castrillo78666140Presidencia · Besteiro102666241Juan Castrillo148666342Presidencia · Besteiro20666443José María Lamamié de Clairac3666544Presidencia · Besteiro8666645José María Lamamié de Clairac49666746Presidencia · Besteiro10666847Juan Castrillo27666948Presidencia · Besteiro34667049Presidencia · Besteiro43667150Presidencia · Besteiro6667251Ricardo Samper5667352Presidencia · Besteiro19667453Presidencia · Besteiro6667554Luis Recaséns Siches19667655Presidencia · Besteiro6667756Joaquín Beúnza883667857Dimas Madariaga11667958José Martínez de Velasco19668059Presidencia · Besteiro132668160Presidencia · Besteiro7668261José Reino Caamaño1.934668362Presidencia · Besteiro96668463Mariano Ruiz-Funes3668564Presidencia · Besteiro4668665Mariano Ruiz-Funes56668766Presidencia · Besteiro7668867Joaquín Fanjul15668968Presidencia · Besteiro28669069Presidencia · Besteiro84669170Presidencia · Besteiro7669271Manuel Carrasco y Formiguera1.090669372Presidencia · Besteiro13669473Manuel Carrasco y Formiguera3669574Presidencia · Besteiro15669675Manuel Carrasco y Formiguera4669776Presidencia · Besteiro2669877Antonio Pildain7669978Presidencia · Besteiro30670079Antonio Pildain14670180Presidencia · Besteiro12670281Joaquín Beúnza19670382Presidencia · Besteiro19670483Manuel Carrasco y Formiguera1670584Presidencia · Besteiro10670685Joaquín Beúnza12670786Presidencia · Besteiro20670887Manuel Carrasco y Formiguera3670988Presidencia · Besteiro4671089Manuel Carrasco y Formiguera78671190Presidencia · Besteiro5671291Joaquín Beúnza6671392Presidencia · Besteiro46671493Mariano Ruiz-Funes644671594Jesús María Leizaola3671695Presidencia · Besteiro4671796Jesús María Leizaola91671897Presidencia · Besteiro21671998Mariano Ruiz-Funes11672099Presidencia · Besteiro576721100Antonio Guallar96722101Presidencia · Besteiro646723102Antonio Guallar2.5336724103Presidencia · Besteiro86725104Antonio Guallar5096726105Mariano Ruiz-Funes36727106Presidencia · Besteiro46728107Mariano Ruiz-Funes3986729108Presidencia · Besteiro436730109Luis López Dóriga5596731110Jerónimo García Gallego36732111Presidencia · Besteiro356733112Jerónimo García Gallego6796734113Presidencia · Besteiro3536735114Presidencia · Besteiro186736115Antonio Pildain2826737116Presidencia · Besteiro1696738117Presidencia · Besteiro896739118José Sánchez-Covisa136740119Presidencia · Besteiro536741120Presidencia · Besteiro136742121Luis Jiménez de Asúa3.0876743122Presidencia · Besteiro606744123Luis Jiménez de Asúa2546745124Manuel Azaña36746125Presidencia · Besteiro46747126Manuel Azaña6.0096748127Presidencia · Besteiro66749128Luis Cordero4006750129Presidencia · Besteiro126751130Luis Cordero2196752131Presidencia · Besteiro66753132Luis Companys3386754133Presidencia · Besteiro76755134Emilio Baeza Medina5366756135Presidencia · Besteiro66757136Luis Cordero5946758137Presidencia · Besteiro1506759138Presidencia · Besteiro56760139Mariano Ruiz-Funes2976761140Presidencia · Besteiro756762141Presidencia · Besteiro66763142Jesús María Leizaola3676764143Presidencia · Besteiro256765144Jesús María Leizaola1.4426766145Julián Zugazagoitia276767146Presidencia · Besteiro16768147Jesús María Leizaola1.5986769148Presidencia · Besteiro336770149Jesús María Leizaola1606771150Presidencia · Besteiro1586772151Dimas Madariaga746773152Presidencia · Besteiro1916774153Justo Villanueva36775154Presidencia · Besteiro46776155Justo Villanueva136777156Presidencia · Besteiro146778157Basilio Álvarez166779158Presidencia · Besteiro416780159Basilio Álvarez296781160Presidencia · Besteiro126782161Basilio Álvarez116783162Presidencia · Besteiro116784163Basilio Álvarez126785164Presidencia · Besteiro96786165Basilio Álvarez126787166Presidencia · Besteiro476788167Basilio Álvarez9996789168Presidencia · Besteiro576790169Basilio Álvarez626791170Presidencia · Besteiro186792171Basilio Álvarez6216793172Presidencia · Besteiro826794173Basilio Álvarez536795174Presidencia · Besteiro826796175Bernardino Valle36797176Presidencia · Besteiro46798177Bernardino Valle1976799178Mariano Ruiz-Funes36800179Presidencia · Besteiro76801180Mariano Ruiz-Funes426802181Presidencia · Besteiro526803182José Reino Caamaño86804183Presidencia · Besteiro46805184José Reino Caamaño7706806185Presidencia · VICEPRESIDENTE96807186José María Gil Robles56808187Joaquín Beúnza46809188Presidencia · Marraco216810189Joaquín Beúnza96811190Presidencia · Marraco1286812191Presidencia · Marraco276813192José María Lamamié de Clairac86814193Presidencia · Marraco46815194José María Lamamié de Clairac7116816195Presidencia · Marraco106817196José María Lamamié de Clairac1.0046818197Presidencia · Besteiro126819198Santiago Guallar96820199Presidencia · Besteiro1286821200Presidencia · Besteiro66822201Santiago Guallar1.3716823202Presidencia · Besteiro516824203Antonio Guallar4696825204Presidencia · Besteiro176826205Antonio Guallar256827206Presidencia · Besteiro236828207Antonio Guallar4886829208Presidencia · Besteiro96830209Antonio Guallar96831210Presidencia · Besteiro136832211Antonio Guallar1386833212Presidencia · Besteiro316834213Antonio Guallar26835214Presidencia · Besteiro796836215Joaquín Beúnza76837216Presidencia · Besteiro416838217Joaquín Beúnza156839218Presidencia · Besteiro366840219Joaquín Beúnza216841220Presidencia · Besteiro446842221Joaquín Beúnza256843222Presidencia · Besteiro826844223Presidencia · Besteiro166845224Cándido Casanueva496846225Presidencia · Besteiro36847226Cándido Casanueva126848227Presidencia · Besteiro86849228Cándido Casanueva106850229Presidencia · Besteiro146851230Cándido Casanueva1806852231Presidencia · Besteiro1066853232Mariano Ruiz-Funes36854233Presidencia · Besteiro46855234Mariano Ruiz-Funes976856235José María Gil Robles36857236Presidencia · Besteiro46858237José María Gil Robles3186859238Presidencia · Besteiro1846860239Jesús María Leizaola36861240Presidencia · Besteiro46862241Presidencia · Besteiro2706863242Presidencia · Besteiro1766864243Mariano Ruiz-Funes36865244Presidencia · Besteiro46866245Mariano Ruiz-Funes2966867246Presidencia · Besteiro216868247Jesús María Leizaola3246869248Presidencia · Besteiro126870249Jesús María Leizaola296871250Presidencia · Besteiro766872251Presidencia · Besteiro56873252Antonio Royo Villanova486874253Presidencia · Besteiro76875254Antonio Royo Villanova1.4426876255Juan Simeón Vidarte736877256Mariano Ruiz-Funes36878257Presidencia · Besteiro46879258Mariano Ruiz-Funes186880259Presidencia · Besteiro226881260Marcelino de Oreja Elósegui966882261Presidencia · Besteiro196883262Marcelino de Oreja Elósegui156884263Presidencia · Besteiro126885264Marcelino de Oreja Elósegui106886265Presidencia · Besteiro346887266Presidencia · Besteiro266888267Presidencia · Besteiro1556889268Presidencia · Besteiro146890269Ricardo Gómez Roji666891270Presidencia · Castrillo116892271Ricardo Gómez Roji6526893272Presidencia · Castrillo216894273Ricardo Gómez Roji6736895274Presidencia · Castrillo126896275Ricardo Gómez Roji9146897276Ricardo Gómez Roji156898277Presidencia · Castrillo146899278Ricardo Gómez Roji76900279Marcelino de Oreja Elósegui36901280Presidencia · Castrillo46902281Marcelino de Oreja Elósegui4966903282Presidencia · Castrillo116904283Marcelino de Oreja Elósegui846905284Presidencia · Castrillo196906285Marcelino de Oreja Elósegui1066907286Pedro Rico López176908287Antonio de la Villa166909288Presidencia · Castrillo246910289Marcelino de Oreja Elósegui6786911290Presidencia · Castrillo306912291Marcelino de Oreja Elósegui2156913292Presidencia · Castrillo66914293Fernando Valera166915294Eduardo Ortega y Gasset156916295Presidencia · Castrillo86917296Eduardo Ortega y Gasset1556918297Presidencia · Castrillo866919298Presidencia · Besteiro66920299Fernando Valera1.0036921300Presidencia · Besteiro106922301Mariano Ruiz-Funes2066923302Presidencia · Besteiro176924303José Luis de Oriol2136925304Presidencia · Besteiro76926305Pedro Vicente Gómez Sánchez1736927306Presidencia · Besteiro66928307Luis Cordero3056929308Presidencia · Besteiro76930309Joaquín Pérez Madrigal4346931310Félix Gordón Ordás36932311Presidencia · Besteiro46933312Félix Gordón Ordás3616934313Presidencia · Besteiro76935314Félix Gordón Ordás36936315Presidencia · Besteiro866937316Antonio Pildain36938317Presidencia · Besteiro46939318Antonio Pildain7586940319Presidencia · Besteiro226941320Antonio Pildain6586942321Presidencia · Besteiro56943322Mariano Ruiz-Funes4076944323Antonio Pildain36945324Presidencia · Besteiro96946325Antonio Pildain1946947326Mariano Ruiz-Funes36948327Presidencia · Besteiro46949328Mariano Ruiz-Funes1146950329Presidencia · Besteiro116951330Manuel Carrasco y Formiguera1.5296952331Jesús María Leizaola76953332Presidencia · Besteiro86954333Jesús María Leizaola5486955334Presidencia · Besteiro66956335Luis Companys1596957336Tomás Domínguez Arévalo36958337Presidencia · Besteiro46959338Tomás Domínguez Arévalo2196960339Ángel Ossorio Gallardo36961340Presidencia · Besteiro46962341Ángel Ossorio Gallardo106963342Presidencia · Besteiro866964343Presidencia · Besteiro56965344José María Gil Robles36966345Presidencia · Besteiro46967346José María Gil Robles1.5746968347Presidencia · Besteiro136969348José Ballester3816970349José María Gil Robles36971350Presidencia · Besteiro46972351José María Gil Robles236973352Presidencia · Besteiro96974353José María Gil Robles2616975354Presidencia · Besteiro96976355José María Gil Robles2836977356Presidencia · Besteiro816978357Jesús María Leizaola3856979358Presidencia · Besteiro896980359Ramón Molina86981360Presidencia · Besteiro146982361Ángel Ossorio Gallardo2.4196983362Presidencia · Besteiro176984363Eduardo Ortega y Gasset1626985364Presidencia · Besteiro136986365Presidencia · Besteiro56987366Presidencia · Besteiro46988367Niceto Alcalá-Zamora9156989368Presidencia · Besteiro226990369Ángel Galarza106991370Presidencia · Besteiro106992371Ángel Galarza7156993372Presidencia · Besteiro2276994373Presidencia · Besteiro1416995374Jesús María Leizaola186996375Presidencia · Besteiro786997376Enrique Ramos166998377Presidencia · Besteiro1486999,figura:F30
puertas.turnos.1932-05-27-173,0Presidencia · Besteiro7259401Antonio Royo Villanova6.647259412Presidencia · Besteiro110259423Antonio Royo Villanova36259434Presidencia · Besteiro28259445Antonio Royo Villanova22259456Presidencia · Besteiro13259467Antonio Royo Villanova834259478Presidencia · Besteiro22259489Antonio Royo Villanova5032594910Presidencia · Besteiro192595011Ramón María Aldasoro1132595112Presidencia · Besteiro192595213José Ortega y Gasset3712595314Presidencia · Besteiro82595415Antonio L. Sánchez Prados82595516José Ortega y Gasset1102595617Presidencia · Besteiro32595718José Antonio Balbontín12595819Presidencia · Besteiro372595920José Ortega y Gasset1372596021Santiago Casares Quiroga32596122Presidencia · Besteiro352596223Santiago Casares Quiroga7932596324Eduardo Ortega y Gasset32596425Presidencia · Besteiro232596526Eduardo Ortega y Gasset222596627Presidencia · Besteiro32596728Eduardo Ortega y Gasset2432596829Presidencia · Besteiro372596930Ricardo Crespo62597031Presidencia · Besteiro112597132Ricardo Crespo142597233Presidencia · Besteiro192597334José Antonio Aguirre1.8492597435Presidencia · Gómez Paratcha92597536Felipe Sánchez Román2182597637Presidencia · Gómez Paratcha382597738Felipe Sánchez Román6.6782597839Presidencia · Besteiro17.1522597940Presidencia · Besteiro72598041Manuel Azaña4.7072598142Presidencia · Besteiro582598243Presidencia · Besteiro2825983,texto,V2,FIG,turnos de cada sesión de las puertas (FigTurnos); src/data/puertas.json · en es/cortes/sesiones/estatuto-1932,2026-09-23,0Presidencia · Besteiro7259401Antonio Royo Villanova6.647259412Presidencia · Besteiro110259423Antonio Royo Villanova36259434Presidencia · Besteiro28259445Antonio Royo Villanova22259456Presidencia · Besteiro13259467Antonio Royo Villanova834259478Presidencia · Besteiro22259489Antonio Royo Villanova5032594910Presidencia · Besteiro192595011Ramón María Aldasoro1132595112Presidencia · Besteiro192595213José Ortega y Gasset3712595314Presidencia · Besteiro82595415Antonio L. Sánchez Prados82595516José Ortega y Gasset1102595617Presidencia · Besteiro32595718José Antonio Balbontín12595819Presidencia · Besteiro372595920José Ortega y Gasset1372596021Santiago Casares Quiroga32596122Presidencia · Besteiro352596223Santiago Casares Quiroga7932596324Eduardo Ortega y Gasset32596425Presidencia · Besteiro232596526Eduardo Ortega y Gasset222596627Presidencia · Besteiro32596728Eduardo Ortega y Gasset2432596829Presidencia · Besteiro372596930Ricardo Crespo62597031Presidencia · Besteiro112597132Ricardo Crespo142597233Presidencia · Besteiro192597334José Antonio Aguirre1.8492597435Presidencia · Gómez Paratcha92597536Felipe Sánchez Román2182597637Presidencia · Gómez Paratcha382597738Felipe Sánchez Román6.6782597839Presidencia · Besteiro17.1522597940Presidencia · Besteiro72598041Manuel Azaña4.7072598142Presidencia · Besteiro582598243Presidencia · Besteiro2825983,figura:F30
puertas.turnos.1933-02-02-288,0Presidencia · Besteiro8448711Eduardo Barriobero1.341448722Presidencia · Besteiro36448733Alejandro Lerroux3448744Presidencia · Besteiro4448755Alejandro Lerroux476448766Manuel Azaña3448777Presidencia · Besteiro4448788Manuel Azaña1.227448799Alejandro Lerroux34488010Presidencia · Besteiro64488111Alejandro Lerroux5674488212Presidencia · Besteiro424488313Rodrigo Soriano94488414Presidencia · Besteiro284488515Rodrigo Soriano44488616Presidencia · Besteiro1804488717Eduardo Barriobero414488818Eduardo Ortega y Gasset34488919Presidencia · Besteiro44489020Eduardo Ortega y Gasset5604489121Presidencia · Besteiro64489222Rodrigo Soriano5044489323Manuel Azaña34489424Presidencia · Besteiro44489525Manuel Azaña2844489626Miguel Maura34489727Presidencia · Besteiro134489828Rodrigo Soriano64489929Presidencia · Besteiro64490030Miguel Maura1714490131Presidencia · Besteiro84490232Juan Company Jiménez2714490333Rodrigo Soriano34490434Rodrigo Soriano44490535Rodrigo Soriano1584490636Rafael Guerra del Río34490737Presidencia · Besteiro44490838Rafael Guerra del Río334490939Presidencia · Besteiro614491040Rafael Guerra del Río24491141Juan Simeón Vidarte674491242Rafael Guerra del Río34491343Presidencia · Besteiro44491444Rafael Guerra del Río1524491545Presidencia · Besteiro274491646Rafael Guerra del Río8644491747Manuel Azaña34491848Presidencia · Besteiro44491949Manuel Azaña5174492050Presidencia · Besteiro164492151Manuel Azaña5284492252Presidencia · Besteiro294492353Manuel Azaña4.8834492454Presidencia · Besteiro54492555Manuel Azaña1.7314492656Presidencia · Besteiro154492757Eduardo Barriobero44492858Presidencia · Besteiro324492959Alfonso García Valdecasas114493060Presidencia · Besteiro444493161Rafael Guerra del Río64493262Presidencia · Besteiro44493363Rafael Guerra del Río1.1074493464Presidencia · Besteiro444493565Rafael Guerra del Río24493666Presidencia · Besteiro1394493767Eduardo Barriobero214493868Presidencia · Besteiro364493969Eduardo Barriobero7424494070Presidencia · Gómez Paratcha134494171Juan Simeón Vidarte664494272Presidencia · Gómez Paratcha144494373José Antonio Balbontín1.8694494474Presidencia · Besteiro194494575Rafael Guerra del Río34494676Presidencia · Besteiro44494777Rafael Guerra del Río1054494878José Antonio Balbontín64494979Presidencia · Besteiro44495080José Antonio Balbontín1384495181Rafael Guerra del Río34495282Presidencia · Besteiro44495383Rafael Guerra del Río864495484José Antonio Balbontín34495585Presidencia · Besteiro44495686José Antonio Balbontín184495787Presidencia · Besteiro84495888Juan Simeón Vidarte1544495989José Antonio Balbontín34496090Presidencia · Besteiro44496191José Antonio Balbontín804496292Presidencia · Besteiro74496393José Antonio Balbontín24496494Presidencia · Besteiro124496595José Antonio Balbontín74496696Presidencia · Besteiro1084496797Presidencia · Besteiro114496898Bruno Alonso González724496999Presidencia · Besteiro2344970100Eduardo Ortega y Gasset16744971101Presidencia · Besteiro1844972102Ángel Galarza28144973103Presidencia · Besteiro8444974104Eduardo Ortega y Gasset644975105José Algora344976106Presidencia · Besteiro1744977107Eduardo Ortega y Gasset4544978108Presidencia · Besteiro3444979109Eduardo Ortega y Gasset1344980110Presidencia · Besteiro444981111Eduardo Ortega y Gasset444982112Presidencia · Besteiro7744983113Rafael Salazar Alonso3244984114Presidencia · Besteiro5844985115Presidencia · Besteiro744986116Rafael Salazar Alonso41544987117Presidencia · Gómez Paratcha944988118Rafael Salazar Alonso12444989119José María Cid944990120Presidencia · Gómez Paratcha644991121José María Cid12344992122Presidencia · Gómez Paratcha4444993123José María Cid4344994124Presidencia · Gómez Paratcha4244995125Rafael Salazar Alonso2.48744996126Luis Fernández Clérigo344997127Presidencia · Gómez Paratcha444998128Luis Fernández Clérigo74344999129Presidencia · Gómez Paratcha645000130Miguel Maura47045001131Presidencia · Gómez Paratcha845002132Álvaro de Albornoz29945003133Miguel Maura345004134Presidencia · Gómez Paratcha445005135Miguel Maura46745006136Álvaro de Albornoz345007137Presidencia · Gómez Paratcha445008138Álvaro de Albornoz5245009139Miguel Maura345010140Presidencia · Gómez Paratcha445011141Miguel Maura9045012142Presidencia · Gómez Paratcha745013143Luis Fernández Clérigo1545014144Presidencia · Gómez Paratcha645015145Jerónimo Gomariz19545016146Presidencia · Gómez Paratcha1245017147Jerónimo Gomariz1145018148Jerónimo Gomariz12845019149Presidencia · Gómez Paratcha6145020150Rafael Salazar Alonso26245021151Presidencia · Gómez Paratcha845022152Rafael Salazar Alonso145023153Presidencia · Gómez Paratcha1.39445024154Presidencia · Gómez Paratcha1945025,texto,V2,FIG,turnos de cada sesión de las puertas (FigTurnos); src/data/puertas.json · en es/cortes/sesiones/casas-viejas-1933,2026-09-23,0Presidencia · Besteiro8448711Eduardo Barriobero1.341448722Presidencia · Besteiro36448733Alejandro Lerroux3448744Presidencia · Besteiro4448755Alejandro Lerroux476448766Manuel Azaña3448777Presidencia · Besteiro4448788Manuel Azaña1.227448799Alejandro Lerroux34488010Presidencia · Besteiro64488111Alejandro Lerroux5674488212Presidencia · Besteiro424488313Rodrigo Soriano94488414Presidencia · Besteiro284488515Rodrigo Soriano44488616Presidencia · Besteiro1804488717Eduardo Barriobero414488818Eduardo Ortega y Gasset34488919Presidencia · Besteiro44489020Eduardo Ortega y Gasset5604489121Presidencia · Besteiro64489222Rodrigo Soriano5044489323Manuel Azaña34489424Presidencia · Besteiro44489525Manuel Azaña2844489626Miguel Maura34489727Presidencia · Besteiro134489828Rodrigo Soriano64489929Presidencia · Besteiro64490030Miguel Maura1714490131Presidencia · Besteiro84490232Juan Company Jiménez2714490333Rodrigo Soriano34490434Rodrigo Soriano44490535Rodrigo Soriano1584490636Rafael Guerra del Río34490737Presidencia · Besteiro44490838Rafael Guerra del Río334490939Presidencia · Besteiro614491040Rafael Guerra del Río24491141Juan Simeón Vidarte674491242Rafael Guerra del Río34491343Presidencia · Besteiro44491444Rafael Guerra del Río1524491545Presidencia · Besteiro274491646Rafael Guerra del Río8644491747Manuel Azaña34491848Presidencia · Besteiro44491949Manuel Azaña5174492050Presidencia · Besteiro164492151Manuel Azaña5284492252Presidencia · Besteiro294492353Manuel Azaña4.8834492454Presidencia · Besteiro54492555Manuel Azaña1.7314492656Presidencia · Besteiro154492757Eduardo Barriobero44492858Presidencia · Besteiro324492959Alfonso García Valdecasas114493060Presidencia · Besteiro444493161Rafael Guerra del Río64493262Presidencia · Besteiro44493363Rafael Guerra del Río1.1074493464Presidencia · Besteiro444493565Rafael Guerra del Río24493666Presidencia · Besteiro1394493767Eduardo Barriobero214493868Presidencia · Besteiro364493969Eduardo Barriobero7424494070Presidencia · Gómez Paratcha134494171Juan Simeón Vidarte664494272Presidencia · Gómez Paratcha144494373José Antonio Balbontín1.8694494474Presidencia · Besteiro194494575Rafael Guerra del Río34494676Presidencia · Besteiro44494777Rafael Guerra del Río1054494878José Antonio Balbontín64494979Presidencia · Besteiro44495080José Antonio Balbontín1384495181Rafael Guerra del Río34495282Presidencia · Besteiro44495383Rafael Guerra del Río864495484José Antonio Balbontín34495585Presidencia · Besteiro44495686José Antonio Balbontín184495787Presidencia · Besteiro84495888Juan Simeón Vidarte1544495989José Antonio Balbontín34496090Presidencia · Besteiro44496191José Antonio Balbontín804496292Presidencia · Besteiro74496393José Antonio Balbontín24496494Presidencia · Besteiro124496595José Antonio Balbontín74496696Presidencia · Besteiro1084496797Presidencia · Besteiro114496898Bruno Alonso González724496999Presidencia · Besteiro2344970100Eduardo Ortega y Gasset16744971101Presidencia · Besteiro1844972102Ángel Galarza28144973103Presidencia · Besteiro8444974104Eduardo Ortega y Gasset644975105José Algora344976106Presidencia · Besteiro1744977107Eduardo Ortega y Gasset4544978108Presidencia · Besteiro3444979109Eduardo Ortega y Gasset1344980110Presidencia · Besteiro444981111Eduardo Ortega y Gasset444982112Presidencia · Besteiro7744983113Rafael Salazar Alonso3244984114Presidencia · Besteiro5844985115Presidencia · Besteiro744986116Rafael Salazar Alonso41544987117Presidencia · Gómez Paratcha944988118Rafael Salazar Alonso12444989119José María Cid944990120Presidencia · Gómez Paratcha644991121José María Cid12344992122Presidencia · Gómez Paratcha4444993123José María Cid4344994124Presidencia · Gómez Paratcha4244995125Rafael Salazar Alonso2.48744996126Luis Fernández Clérigo344997127Presidencia · Gómez Paratcha444998128Luis Fernández Clérigo74344999129Presidencia · Gómez Paratcha645000130Miguel Maura47045001131Presidencia · Gómez Paratcha845002132Álvaro de Albornoz29945003133Miguel Maura345004134Presidencia · Gómez Paratcha445005135Miguel Maura46745006136Álvaro de Albornoz345007137Presidencia · Gómez Paratcha445008138Álvaro de Albornoz5245009139Miguel Maura345010140Presidencia · Gómez Paratcha445011141Miguel Maura9045012142Presidencia · Gómez Paratcha745013143Luis Fernández Clérigo1545014144Presidencia · Gómez Paratcha645015145Jerónimo Gomariz19545016146Presidencia · Gómez Paratcha1245017147Jerónimo Gomariz1145018148Jerónimo Gomariz12845019149Presidencia · Gómez Paratcha6145020150Rafael Salazar Alonso26245021151Presidencia · Gómez Paratcha845022152Rafael Salazar Alonso145023153Presidencia · Gómez Paratcha1.39445024154Presidencia · Gómez Paratcha1945025,figura:F30
puertas.turnos.1934-07-04-112,0Aurelio Ramos Acosta6743831Presidencia · Alba4743842Aurelio Ramos Acosta49743853Presidencia · Alba63743864Aurelio Ramos Acosta81743875Presidencia · Alba8743886Aurelio Ramos Acosta36743897Presidencia · Alba65743908Aurelio Ramos Acosta34743919Presidencia · Alba87439210Aurelio Ramos Acosta1.2017439311Edmundo Alfaro2327439412Presidencia · Alba2327439513Edmundo Alfaro807439614Presidencia · Alba947439715Presidencia · Alba57439816Pedro Armasa107439917Presidencia · Alba127440018Manuel Giménez Fernández1.6207440119Pedro Armasa37440220Presidencia · Alba47440321Pedro Armasa1927440422Presidencia · Alba287440523Pedro Armasa467440624Miguel García-Bravo Ferrer187440725Presidencia · Alba417440826Miguel Vidal Guardiola107440927Presidencia · Alba47441028Miguel Vidal Guardiola3167441129Presidencia · Alba67441230Pedro Armasa177441331Presidencia · Alba77441432Manuel Giménez Fernández7107441533Presidencia · Alba67441634Pedro Armasa617441735Presidencia · Alba827441836Presidencia · Alba107441937Cándido Casanueva337442038Presidencia · Alba457442139José María Álvarez Mendizábal37442240Presidencia · Alba47442341José María Álvarez Mendizábal877442442Presidencia · Alba127442543José María Trías de Bes9357442644José María Álvarez Mendizábal37442745Presidencia · Alba47442846José María Álvarez Mendizábal1.6627442947Presidencia · Alba107443048Mariano Matesanz77443149Presidencia · Alba47443250Mariano Matesanz87443351Presidencia · Alba467443452Mariano Matesanz77443553Presidencia · Alba97443654Ramiro de Maeztu3207443755Presidencia · Alba87443856José María Trías de Bes4167443957Presidencia · Alba87444058José María Trías de Bes3127444159Presidencia · Alba287444260José María Trías de Bes57444361Cirilo del Río1547444462José María Álvarez Mendizábal37444563Presidencia · Alba47444664José María Álvarez Mendizábal2617444765Presidencia · Alba67444866Manuel Florensa807444967Presidencia · Alba187445068Juan Ventosa37445169Presidencia · Alba247445270Juan Ventosa Calvell9607445371José María Álvarez Mendizábal37445472Presidencia · Alba67445573José María Álvarez Mendizábal3287445674José María Trías de Bes37445775Presidencia · Alba47445876José María Trías de Bes757445977Presidencia · Alba217446078José María Álvarez Mendizábal807446179Presidencia · Alba2087446280Presidencia · Alba2237446381Presidencia · Alba2657446482Presidencia · Casanueva917446583Presidencia · Alba207446684José Romero Radigales1547446785José María Cid37446886Presidencia · Alba47446987José María Cid1107447088José María Cid37447189Presidencia · Alba47447290José María Cid307447391Luis Rodríguez de Viguri37447492Presidencia · Alba87447593Luis Rodríguez de Viguri367447694Presidencia · Alba227447795Edmundo Alfaro1617447896Presidencia · Alba137447997Edmundo Alfaro1597448098Presidencia · Alba107448199Joaquín Pellicena19974482100Presidencia · Alba1674483101Pedro Armasa49474484102Presidencia · Alba574485103Pedro Armasa2274486104Presidencia · Alba674487105Carlos Echeguren37574488106Presidencia · Alba574489107Pedro Armasa4274490108Presidencia · Alba774491109Manuel Giménez Fernández64274492110Honorio Maura374493111Presidencia · Alba474494112Honorio Maura20574495113Presidencia · Alba1274496114Honorio Maura13974497115Pedro Armasa374498116Presidencia · Alba474499117Pedro Armasa20274500118Presidencia · Alba974501119José María Lamamié de Clairac374502120Presidencia · Alba1974503121José María Lamamié de Clairac14274504122Presidencia · Alba10874505123Honorio Maura274506124Presidencia · Alba4274507125José María Lamamié de Clairac874508126Presidencia · Alba1774509127José Prat14074510128Presidencia · Alba774511129Luis Recaséns Siches3274512130Presidencia · Alba1674513131Luis Recaséns Siches1574514132Presidencia · Alba774515133Eusebio González Suárez13274516134Presidencia · Alba6174517135Eusebio González Suárez3074518136Presidencia · Alba1274519137Eusebio González Suárez1.83474520138Presidencia · Alba4074521139Eusebio González Suárez1874522140Presidencia · Alba8174523141Eusebio González Suárez3574524142Presidencia · Alba674525143Pedro Armasa21374526144Presidencia · Alba674527145Presidencia · Alba11574528146Presidencia · Alba1674529147Edmundo Alfaro8874530148Presidencia · Alba1074531149Andrés Orozco1.55974532150José González Fernández de la Bandera374533151Presidencia · Alba474534152José González Fernández de la Bandera27374535153Presidencia · Alba6874536154José González Fernández de la Bandera2374537155Presidencia · Alba374538156Antonio Taboada6274539157José González Fernández de la Bandera374540158Presidencia · Alba474541159José González Fernández de la Bandera4774542160Presidencia · Alba7974543161Honorio Maura374544162Presidencia · Alba474545163Honorio Maura15974546164Presidencia · Alba6374547165Honorio Maura1174548166Presidencia · Alba974549167Honorio Maura274550168José González Fernández de la Bandera474551169Presidencia · Alba474552170José González Fernández de la Bandera15874553171Presidencia · Alba3774554172José González Fernández de la Bandera774555173Jesús Comín2374556174Joaquín Chapaprieta374557175Presidencia · Alba474558176Joaquín Chapaprieta24874559177Ricardo Samper374560178Presidencia · Alba474561179Ricardo Samper68974562180Joaquín Chapaprieta374563181Presidencia · Alba474564182Joaquín Chapaprieta26274565183Presidencia · Alba2774566184Presidencia · Alba674567185Cayetano Bolívar73174568186Presidencia · Alba1874569187Cayetano Bolívar10074570188Presidencia · Alba774571189José Calvo Sotelo5.08674572190Presidencia · Alba574573191José Calvo Sotelo10774574192Presidencia · Alba7574575193Jesús Comín874576194Presidencia · Alba12174577195Honorio Maura574578196Presidencia · Alba5374579197José Calvo Sotelo1874580198Presidencia · Alba4874581199José Calvo Sotelo13674582200Presidencia · Alba3474583201José Calvo Sotelo46174584202Presidencia · Alba674585203José María Albiñana58374586204Presidencia · Alba1874587205José María Albiñana3774588206Presidencia · Alba374589207José María Albiñana31674590208Presidencia · Alba674591209Indalecio Prieto1.66374592210Presidencia · Alba1074593211Ricardo Samper3.24474594212Presidencia · Alba774595213Tomás Domínguez Arévalo89474596214Presidencia · Alba674597215Juan Ventosa Calvell69674598216Presidencia · Alba674599217Indalecio Prieto1.24574600218Presidencia · Alba674601219Faustino Valentín94974602220Presidencia · Alba774603221Faustino Valentín36174604222Presidencia · Alba1574605223Faustino Valentín51874606224Presidencia · Alba1074607225José María Gil Robles1.01874608226Presidencia · Alba2374609227Presidencia · Alba29874610228Manuel Muñoz Martínez2074611229Presidencia · Alba674612230Manuel Muñoz Martínez4274613231Presidencia · Alba6874614232Indalecio Prieto374615233Presidencia · Alba474616234Indalecio Prieto12174617235Presidencia · Alba1074618236Indalecio Prieto29374619237Presidencia · Alba3774620238Jaime Oriol de la Puerta26174621239Presidencia · Alba674622240Juan Tirado22474623241Presidencia · Alba3574624242José María Gil Robles1.38974625243Presidencia · Alba774626244Indalecio Prieto66974627245Presidencia · Alba774628246Diego Martínez Barrio74874629247Presidencia · Alba674630248Miguel Maura38874631249Presidencia · Alba1474632250Miguel Maura374633251Fernando de los Ríos10774634252Miguel Maura1.14974635253Presidencia · Alba4.53274636254Presidencia · Alba5874637,texto,V2,FIG,turnos de cada sesión de las puertas (FigTurnos); src/data/puertas.json · en es/cortes/sesiones/pistola-1934,2026-09-23,0Aurelio Ramos Acosta6743831Presidencia · Alba4743842Aurelio Ramos Acosta49743853Presidencia · Alba63743864Aurelio Ramos Acosta81743875Presidencia · Alba8743886Aurelio Ramos Acosta36743897Presidencia · Alba65743908Aurelio Ramos Acosta34743919Presidencia · Alba87439210Aurelio Ramos Acosta1.2017439311Edmundo Alfaro2327439412Presidencia · Alba2327439513Edmundo Alfaro807439614Presidencia · Alba947439715Presidencia · Alba57439816Pedro Armasa107439917Presidencia · Alba127440018Manuel Giménez Fernández1.6207440119Pedro Armasa37440220Presidencia · Alba47440321Pedro Armasa1927440422Presidencia · Alba287440523Pedro Armasa467440624Miguel García-Bravo Ferrer187440725Presidencia · Alba417440826Miguel Vidal Guardiola107440927Presidencia · Alba47441028Miguel Vidal Guardiola3167441129Presidencia · Alba67441230Pedro Armasa177441331Presidencia · Alba77441432Manuel Giménez Fernández7107441533Presidencia · Alba67441634Pedro Armasa617441735Presidencia · Alba827441836Presidencia · Alba107441937Cándido Casanueva337442038Presidencia · Alba457442139José María Álvarez Mendizábal37442240Presidencia · Alba47442341José María Álvarez Mendizábal877442442Presidencia · Alba127442543José María Trías de Bes9357442644José María Álvarez Mendizábal37442745Presidencia · Alba47442846José María Álvarez Mendizábal1.6627442947Presidencia · Alba107443048Mariano Matesanz77443149Presidencia · Alba47443250Mariano Matesanz87443351Presidencia · Alba467443452Mariano Matesanz77443553Presidencia · Alba97443654Ramiro de Maeztu3207443755Presidencia · Alba87443856José María Trías de Bes4167443957Presidencia · Alba87444058José María Trías de Bes3127444159Presidencia · Alba287444260José María Trías de Bes57444361Cirilo del Río1547444462José María Álvarez Mendizábal37444563Presidencia · Alba47444664José María Álvarez Mendizábal2617444765Presidencia · Alba67444866Manuel Florensa807444967Presidencia · Alba187445068Juan Ventosa37445169Presidencia · Alba247445270Juan Ventosa Calvell9607445371José María Álvarez Mendizábal37445472Presidencia · Alba67445573José María Álvarez Mendizábal3287445674José María Trías de Bes37445775Presidencia · Alba47445876José María Trías de Bes757445977Presidencia · Alba217446078José María Álvarez Mendizábal807446179Presidencia · Alba2087446280Presidencia · Alba2237446381Presidencia · Alba2657446482Presidencia · Casanueva917446583Presidencia · Alba207446684José Romero Radigales1547446785José María Cid37446886Presidencia · Alba47446987José María Cid1107447088José María Cid37447189Presidencia · Alba47447290José María Cid307447391Luis Rodríguez de Viguri37447492Presidencia · Alba87447593Luis Rodríguez de Viguri367447694Presidencia · Alba227447795Edmundo Alfaro1617447896Presidencia · Alba137447997Edmundo Alfaro1597448098Presidencia · Alba107448199Joaquín Pellicena19974482100Presidencia · Alba1674483101Pedro Armasa49474484102Presidencia · Alba574485103Pedro Armasa2274486104Presidencia · Alba674487105Carlos Echeguren37574488106Presidencia · Alba574489107Pedro Armasa4274490108Presidencia · Alba774491109Manuel Giménez Fernández64274492110Honorio Maura374493111Presidencia · Alba474494112Honorio Maura20574495113Presidencia · Alba1274496114Honorio Maura13974497115Pedro Armasa374498116Presidencia · Alba474499117Pedro Armasa20274500118Presidencia · Alba974501119José María Lamamié de Clairac374502120Presidencia · Alba1974503121José María Lamamié de Clairac14274504122Presidencia · Alba10874505123Honorio Maura274506124Presidencia · Alba4274507125José María Lamamié de Clairac874508126Presidencia · Alba1774509127José Prat14074510128Presidencia · Alba774511129Luis Recaséns Siches3274512130Presidencia · Alba1674513131Luis Recaséns Siches1574514132Presidencia · Alba774515133Eusebio González Suárez13274516134Presidencia · Alba6174517135Eusebio González Suárez3074518136Presidencia · Alba1274519137Eusebio González Suárez1.83474520138Presidencia · Alba4074521139Eusebio González Suárez1874522140Presidencia · Alba8174523141Eusebio González Suárez3574524142Presidencia · Alba674525143Pedro Armasa21374526144Presidencia · Alba674527145Presidencia · Alba11574528146Presidencia · Alba1674529147Edmundo Alfaro8874530148Presidencia · Alba1074531149Andrés Orozco1.55974532150José González Fernández de la Bandera374533151Presidencia · Alba474534152José González Fernández de la Bandera27374535153Presidencia · Alba6874536154José González Fernández de la Bandera2374537155Presidencia · Alba374538156Antonio Taboada6274539157José González Fernández de la Bandera374540158Presidencia · Alba474541159José González Fernández de la Bandera4774542160Presidencia · Alba7974543161Honorio Maura374544162Presidencia · Alba474545163Honorio Maura15974546164Presidencia · Alba6374547165Honorio Maura1174548166Presidencia · Alba974549167Honorio Maura274550168José González Fernández de la Bandera474551169Presidencia · Alba474552170José González Fernández de la Bandera15874553171Presidencia · Alba3774554172José González Fernández de la Bandera774555173Jesús Comín2374556174Joaquín Chapaprieta374557175Presidencia · Alba474558176Joaquín Chapaprieta24874559177Ricardo Samper374560178Presidencia · Alba474561179Ricardo Samper68974562180Joaquín Chapaprieta374563181Presidencia · Alba474564182Joaquín Chapaprieta26274565183Presidencia · Alba2774566184Presidencia · Alba674567185Cayetano Bolívar73174568186Presidencia · Alba1874569187Cayetano Bolívar10074570188Presidencia · Alba774571189José Calvo Sotelo5.08674572190Presidencia · Alba574573191José Calvo Sotelo10774574192Presidencia · Alba7574575193Jesús Comín874576194Presidencia · Alba12174577195Honorio Maura574578196Presidencia · Alba5374579197José Calvo Sotelo1874580198Presidencia · Alba4874581199José Calvo Sotelo13674582200Presidencia · Alba3474583201José Calvo Sotelo46174584202Presidencia · Alba674585203José María Albiñana58374586204Presidencia · Alba1874587205José María Albiñana3774588206Presidencia · Alba374589207José María Albiñana31674590208Presidencia · Alba674591209Indalecio Prieto1.66374592210Presidencia · Alba1074593211Ricardo Samper3.24474594212Presidencia · Alba774595213Tomás Domínguez Arévalo89474596214Presidencia · Alba674597215Juan Ventosa Calvell69674598216Presidencia · Alba674599217Indalecio Prieto1.24574600218Presidencia · Alba674601219Faustino Valentín94974602220Presidencia · Alba774603221Faustino Valentín36174604222Presidencia · Alba1574605223Faustino Valentín51874606224Presidencia · Alba1074607225José María Gil Robles1.01874608226Presidencia · Alba2374609227Presidencia · Alba29874610228Manuel Muñoz Martínez2074611229Presidencia · Alba674612230Manuel Muñoz Martínez4274613231Presidencia · Alba6874614232Indalecio Prieto374615233Presidencia · Alba474616234Indalecio Prieto12174617235Presidencia · Alba1074618236Indalecio Prieto29374619237Presidencia · Alba3774620238Jaime Oriol de la Puerta26174621239Presidencia · Alba674622240Juan Tirado22474623241Presidencia · Alba3574624242José María Gil Robles1.38974625243Presidencia · Alba774626244Indalecio Prieto66974627245Presidencia · Alba774628246Diego Martínez Barrio74874629247Presidencia · Alba674630248Miguel Maura38874631249Presidencia · Alba1474632250Miguel Maura374633251Fernando de los Ríos10774634252Miguel Maura1.14974635253Presidencia · Alba4.53274636254Presidencia · Alba5874637,figura:F30
puertas.turnos.1936-06-16-45,0José Antonio Trabal1881052241Luis Rodríguez de Viguri31052252Presidencia · Martínez Barrio41052263Luis Rodríguez de Viguri961052274Presidencia · Martínez Barrio221052285Luis Rodríguez de Viguri7091052296Augusto Barcia31052307Presidencia · Martínez Barrio41052318Augusto Barcia3131052329Luis Rodríguez de Viguri310523310Presidencia · Martínez Barrio610523411Luis Rodríguez de Viguri16310523512Antonio Bernabeu310523613Presidencia · Martínez Barrio410523714Antonio Bernabeu4810523815Augusto Barcia310523916Presidencia · Martínez Barrio410524017Augusto Barcia20110524118Presidencia · Martínez Barrio1210524219José Antonio Trabal10210524320Luis Rodríguez de Viguri310524421Presidencia · Martínez Barrio410524522Luis Rodríguez de Viguri12810524623Presidencia · Martínez Barrio3810524724José Antonio Trabal11510524825Augusto Barcia310524926Presidencia · Martínez Barrio410525027Augusto Barcia28210525128Luis Rodríguez de Viguri310525229Presidencia · Martínez Barrio610525330Luis Rodríguez de Viguri19610525431Presidencia · Martínez Barrio17410525532José Antonio Trabal6510525633José Antonio Trabal9410525734Presidencia · Martínez Barrio1310525835Juan Bautista Guerra1.33310525936Presidencia · Martínez Barrio610526037Juan Bautista Guerra4110526138Presidencia · Martínez Barrio910526239Juan Bautista Guerra2110526340Presidencia · Martínez Barrio1910526441Juan Bautista Guerra210526542Presidencia · Martínez Barrio2710526643Juan Bautista Guerra3010526744Presidencia · Martínez Barrio2410526845Juan Bautista Guerra75310526946Presidencia · Martínez Barrio3310527047Juan Bautista Guerra24510527148Presidencia · Martínez Barrio1610527249Juan Bautista Guerra3.17510527350Manuel Blasco Garzón310527451Presidencia · Martínez Barrio410527552Manuel Blasco Garzón1.90410527653Presidencia · Martínez Barrio4010527754Presidencia · Martínez Barrio510527855Jerónimo Gomariz4710527956Miguel Villalta310528057Presidencia · Martínez Barrio410528158Miguel Villalta24210528259Presidencia · Martínez Barrio4510528360Presidencia · Martínez Barrio1510528461José Antonio Trabal7210528562Presidencia · Martínez Barrio1110528663José María Gil Robles1.90610528764Presidencia · Martínez Barrio2710528865José María Gil Robles5110528966Presidencia · Martínez Barrio5910529067José María Gil Robles46910529168José María Gil Robles3910529269Presidencia · Martínez Barrio1310529370José María Gil Robles5210529471Presidencia · Martínez Barrio1510529572José María Gil Robles12510529673Presidencia · Martínez Barrio910529774José María Gil Robles2.07910529875Presidencia · Martínez Barrio1810529976Enrique de Francisco2.99210530077Presidencia · Martínez Barrio710530178José Calvo Sotelo4.45610530279Presidencia · Martínez Barrio1310530380José Calvo Sotelo29210530481Presidencia · Martínez Barrio910530582José Calvo Sotelo67010530683Presidencia · Martínez Barrio2410530784José Calvo Sotelo13710530885Presidencia · Martínez Barrio5810530986José Calvo Sotelo24010531087Presidencia · Martínez Barrio910531188José Calvo Sotelo7310531289Presidencia · Martínez Barrio1310531390José Calvo Sotelo1610531491Presidencia · Martínez Barrio6310531592José Calvo Sotelo5410531693Presidencia · Martínez Barrio3710531794José Calvo Sotelo310531895Presidencia · Martínez Barrio6510531996José Calvo Sotelo3910532097Presidencia · Martínez Barrio2210532198José Calvo Sotelo5410532299Presidencia · Martínez Barrio14105323100Fernando Suárez de Tangil25105324101Presidencia · Martínez Barrio58105325102José Calvo Sotelo307105326103Presidencia · Martínez Barrio71105327104José Calvo Sotelo506105328105Presidencia · Martínez Barrio10105329106Santiago Casares Quiroga2.783105330107Presidencia · Martínez Barrio24105331108Santiago Casares Quiroga16105332109Presidencia · Martínez Barrio11105333110Santiago Casares Quiroga1.238105334111Presidencia · Martínez Barrio60105335112Dolores Ibárruri3.326105336113Presidencia · Martínez Barrio8105337114Benito Pabón56105338115Presidencia · Martínez Barrio26105339116Benito Pabón654105340117Presidencia · Martínez Barrio6105341118Juan Ventosa Calvell2.188105342119Presidencia · Fernández Clérigo6105343120Joaquín Maurín1.782105344121Presidencia · Fernández Clérigo15105345122Joaquín Maurín199105346123Presidencia · Fernández Clérigo6105347124José María Cid1.359105348125Presidencia · Martínez Barrio82105349126José María Gil Robles1.077105350127Presidencia · Martínez Barrio9105351128José Calvo Sotelo58105352129Presidencia · Martínez Barrio14105353130José Calvo Sotelo3105354131Presidencia · Martínez Barrio23105355132José Calvo Sotelo1.718105356133Presidencia · Martínez Barrio9105357134Enrique de Francisco918105358135Presidencia · Martínez Barrio11105359136Santiago Fuentes Pila3105360137Enrique de Francisco72105361138Presidencia · Martínez Barrio23105362139Enrique de Francisco937105363140Presidencia · Martínez Barrio21105364141José Antonio Trabal89105365142Presidencia · Martínez Barrio6105366143José María Gil Robles17105367144Presidencia · Martínez Barrio10105368145José Antonio Trabal51105369146José María Gil Robles2105370147Ángel Galarza13105371148Presidencia · Martínez Barrio7105372149José Antonio Trabal47105373150Ángel Galarza2105374151José María Gil Robles161105375152Presidencia · Martínez Barrio6105376153Ángel Galarza153105377154Presidencia · Martínez Barrio51105378155Marcelino Domingo2.030105379156Presidencia · Martínez Barrio15105380157Presidencia · Martínez Barrio676105381158Presidencia · Martínez Barrio34105382,texto,V2,FIG,turnos de cada sesión de las puertas (FigTurnos); src/data/puertas.json · en es/cortes/sesiones/antesala-1936,2026-09-23,0José Antonio Trabal1881052241Luis Rodríguez de Viguri31052252Presidencia · Martínez Barrio41052263Luis Rodríguez de Viguri961052274Presidencia · Martínez Barrio221052285Luis Rodríguez de Viguri7091052296Augusto Barcia31052307Presidencia · Martínez Barrio41052318Augusto Barcia3131052329Luis Rodríguez de Viguri310523310Presidencia · Martínez Barrio610523411Luis Rodríguez de Viguri16310523512Antonio Bernabeu310523613Presidencia · Martínez Barrio410523714Antonio Bernabeu4810523815Augusto Barcia310523916Presidencia · Martínez Barrio410524017Augusto Barcia20110524118Presidencia · Martínez Barrio1210524219José Antonio Trabal10210524320Luis Rodríguez de Viguri310524421Presidencia · Martínez Barrio410524522Luis Rodríguez de Viguri12810524623Presidencia · Martínez Barrio3810524724José Antonio Trabal11510524825Augusto Barcia310524926Presidencia · Martínez Barrio410525027Augusto Barcia28210525128Luis Rodríguez de Viguri310525229Presidencia · Martínez Barrio610525330Luis Rodríguez de Viguri19610525431Presidencia · Martínez Barrio17410525532José Antonio Trabal6510525633José Antonio Trabal9410525734Presidencia · Martínez Barrio1310525835Juan Bautista Guerra1.33310525936Presidencia · Martínez Barrio610526037Juan Bautista Guerra4110526138Presidencia · Martínez Barrio910526239Juan Bautista Guerra2110526340Presidencia · Martínez Barrio1910526441Juan Bautista Guerra210526542Presidencia · Martínez Barrio2710526643Juan Bautista Guerra3010526744Presidencia · Martínez Barrio2410526845Juan Bautista Guerra75310526946Presidencia · Martínez Barrio3310527047Juan Bautista Guerra24510527148Presidencia · Martínez Barrio1610527249Juan Bautista Guerra3.17510527350Manuel Blasco Garzón310527451Presidencia · Martínez Barrio410527552Manuel Blasco Garzón1.90410527653Presidencia · Martínez Barrio4010527754Presidencia · Martínez Barrio510527855Jerónimo Gomariz4710527956Miguel Villalta310528057Presidencia · Martínez Barrio410528158Miguel Villalta24210528259Presidencia · Martínez Barrio4510528360Presidencia · Martínez Barrio1510528461José Antonio Trabal7210528562Presidencia · Martínez Barrio1110528663José María Gil Robles1.90610528764Presidencia · Martínez Barrio2710528865José María Gil Robles5110528966Presidencia · Martínez Barrio5910529067José María Gil Robles46910529168José María Gil Robles3910529269Presidencia · Martínez Barrio1310529370José María Gil Robles5210529471Presidencia · Martínez Barrio1510529572José María Gil Robles12510529673Presidencia · Martínez Barrio910529774José María Gil Robles2.07910529875Presidencia · Martínez Barrio1810529976Enrique de Francisco2.99210530077Presidencia · Martínez Barrio710530178José Calvo Sotelo4.45610530279Presidencia · Martínez Barrio1310530380José Calvo Sotelo29210530481Presidencia · Martínez Barrio910530582José Calvo Sotelo67010530683Presidencia · Martínez Barrio2410530784José Calvo Sotelo13710530885Presidencia · Martínez Barrio5810530986José Calvo Sotelo24010531087Presidencia · Martínez Barrio910531188José Calvo Sotelo7310531289Presidencia · Martínez Barrio1310531390José Calvo Sotelo1610531491Presidencia · Martínez Barrio6310531592José Calvo Sotelo5410531693Presidencia · Martínez Barrio3710531794José Calvo Sotelo310531895Presidencia · Martínez Barrio6510531996José Calvo Sotelo3910532097Presidencia · Martínez Barrio2210532198José Calvo Sotelo5410532299Presidencia · Martínez Barrio14105323100Fernando Suárez de Tangil25105324101Presidencia · Martínez Barrio58105325102José Calvo Sotelo307105326103Presidencia · Martínez Barrio71105327104José Calvo Sotelo506105328105Presidencia · Martínez Barrio10105329106Santiago Casares Quiroga2.783105330107Presidencia · Martínez Barrio24105331108Santiago Casares Quiroga16105332109Presidencia · Martínez Barrio11105333110Santiago Casares Quiroga1.238105334111Presidencia · Martínez Barrio60105335112Dolores Ibárruri3.326105336113Presidencia · Martínez Barrio8105337114Benito Pabón56105338115Presidencia · Martínez Barrio26105339116Benito Pabón654105340117Presidencia · Martínez Barrio6105341118Juan Ventosa Calvell2.188105342119Presidencia · Fernández Clérigo6105343120Joaquín Maurín1.782105344121Presidencia · Fernández Clérigo15105345122Joaquín Maurín199105346123Presidencia · Fernández Clérigo6105347124José María Cid1.359105348125Presidencia · Martínez Barrio82105349126José María Gil Robles1.077105350127Presidencia · Martínez Barrio9105351128José Calvo Sotelo58105352129Presidencia · Martínez Barrio14105353130José Calvo Sotelo3105354131Presidencia · Martínez Barrio23105355132José Calvo Sotelo1.718105356133Presidencia · Martínez Barrio9105357134Enrique de Francisco918105358135Presidencia · Martínez Barrio11105359136Santiago Fuentes Pila3105360137Enrique de Francisco72105361138Presidencia · Martínez Barrio23105362139Enrique de Francisco937105363140Presidencia · Martínez Barrio21105364141José Antonio Trabal89105365142Presidencia · Martínez Barrio6105366143José María Gil Robles17105367144Presidencia · Martínez Barrio10105368145José Antonio Trabal51105369146José María Gil Robles2105370147Ángel Galarza13105371148Presidencia · Martínez Barrio7105372149José Antonio Trabal47105373150Ángel Galarza2105374151José María Gil Robles161105375152Presidencia · Martínez Barrio6105376153Ángel Galarza153105377154Presidencia · Martínez Barrio51105378155Marcelino Domingo2.030105379156Presidencia · Martínez Barrio15105380157Presidencia · Martínez Barrio676105381158Presidencia · Martínez Barrio34105382,figura:F30
puertas.turnos.1936-07-01-54,0Presidencia · Martínez Barrio591061991Presidencia · Martínez Barrio1371062002Presidencia · Martínez Barrio461062013Presidencia · Martínez Barrio111062024Antonio Álvarez Robles5.4531062035Presidencia · Martínez Barrio121062046Andrés Revuelta Melgarejo4.0871062057Presidencia · Rosado Gil131062068Luis Fernández Clérigo4.2611062079Presidencia · Rosado Gil1210620810Ricardo Zabalza2.96610620911Presidencia · Martínez Barrio9710621012Ángel Pestaña1210621113Presidencia · Martínez Barrio3010621214Presidencia · Martínez Barrio12810621315José Antonio Trabal13010621416Presidencia · Martínez Barrio53410621517Enrique de Francisco92710621618José María Gil Robles310621719Presidencia · Martínez Barrio2310621820Enrique de Francisco5310621921José María Gil Robles4410622022Presidencia · Martínez Barrio6810622123José María Gil Robles3110622224Presidencia · Martínez Barrio510622325José María Gil Robles86210622426Presidencia · Martínez Barrio21810622527José María Cid46110622628Presidencia · Martínez Barrio1710622729Presidencia · Martínez Barrio1010622830José María Cid3.44310622931Presidencia · Martínez Barrio1410623032José María Cid97410623133Presidencia · Martínez Barrio2910623234José María Cid6.69110623335Juan Lluhí310623436Presidencia · Martínez Barrio410623537Juan Lluhí5.20710623638Presidencia · Jiménez de Asúa810623739Mariano Ruiz-Funes61710623840Presidencia · Jiménez de Asúa2310623941Mariano Ruiz-Funes4.10510624042Presidencia · Jiménez de Asúa610624143Dimas Madariaga4.16210624244Presidencia · Martínez Barrio1010624345Dimas Madariaga81810624446Presidencia · Martínez Barrio710624547José Calvo Sotelo6.59710624648Presidencia · Martínez Barrio810624749José Calvo Sotelo79610624850José Calvo Sotelo48710624951Presidencia · Martínez Barrio710625052Crescenciano Bilbao Castellanos1210625153José Calvo Sotelo3210625254Presidencia · Martínez Barrio810625355José Calvo Sotelo910625456Presidencia · Martínez Barrio4610625557Bernardo Aza2910625658Presidencia · Martínez Barrio2510625759José María Gil Robles310625860Presidencia · Martínez Barrio410625961José María Gil Robles13810626062Presidencia · Martínez Barrio1710626163José María Gil Robles39910626264Presidencia · Martínez Barrio84510626365José María Gil Robles310626466Presidencia · Martínez Barrio410626567José María Gil Robles51810626668Presidencia · Martínez Barrio22410626769Presidencia · Martínez Barrio11910626870José María Gil Robles310626971Presidencia · Martínez Barrio2010627072José María Gil Robles38910627173Presidencia · Martínez Barrio17410627274Tomás Domínguez Arévalo6210627375Presidencia · Martínez Barrio3210627476Tomás Domínguez Arévalo1.72010627577Presidencia · Martínez Barrio610627678Ricardo Zabalza4.19310627779Presidencia · Fernández Clérigo910627880Álvaro de Figueroa y Alonso Martínez3.80610627981Presidencia · Fernández Clérigo3310628082Álvaro de Figueroa y Alonso Martínez1110628183Presidencia · Fernández Clérigo610628284Álvaro de Figueroa y Alonso Martínez1.67010628385Presidencia · Fernández Clérigo1710628486Álvaro de Figueroa y Alonso Martínez6410628587Presidencia · Fernández Clérigo610628688Manuel Florensa2.53510628789Presidencia · Martínez Barrio610628890Ángel Galarza3.66610628991Presidencia · Martínez Barrio5510629092Ángel Galarza5610629193Presidencia · Martínez Barrio610629294Antonio Mije4.88510629395Presidencia · Martínez Barrio9910629496José María Álvarez Mendizábal1.48510629597Presidencia · Martínez Barrio1910629698José María Álvarez Mendizábal5210629799Presidencia · Martínez Barrio12106298100José María Álvarez Mendizábal781106299101Presidencia · Martínez Barrio19106300102Manuel Muñoz Martínez4106301103Presidencia · Martínez Barrio19106302104Fernando Suárez de Tangil490106303105Presidencia · Martínez Barrio10106304106Antonio Alonso Ríos1.646106305107Presidencia · Martínez Barrio20106306108Antonio Alonso Ríos74106307109Presidencia · Martínez Barrio52106308110Antonio Alonso Ríos763106309111Presidencia · Martínez Barrio9106310112Antonio Alonso Ríos349106311113Presidencia · Martínez Barrio7106312114Francisco Javier Bosch Marín3.098106313115Presidencia · Martínez Barrio8106314116José María Cid1.321106315117Presidencia · Martínez Barrio9106316118José María Cid1.543106317119Presidencia · Martínez Barrio8106318120Ángel Galarza1.612106319121Presidencia · Martínez Barrio8106320122Álvaro de Figueroa y Alonso Martínez15106321123Presidencia · Martínez Barrio882106322124Presidencia · Martínez Barrio2.050106323,texto,V2,FIG,turnos de cada sesión de las puertas (FigTurnos); src/data/puertas.json · en es/cortes/sesiones/antesala-1936,2026-09-23,0Presidencia · Martínez Barrio591061991Presidencia · Martínez Barrio1371062002Presidencia · Martínez Barrio461062013Presidencia · Martínez Barrio111062024Antonio Álvarez Robles5.4531062035Presidencia · Martínez Barrio121062046Andrés Revuelta Melgarejo4.0871062057Presidencia · Rosado Gil131062068Luis Fernández Clérigo4.2611062079Presidencia · Rosado Gil1210620810Ricardo Zabalza2.96610620911Presidencia · Martínez Barrio9710621012Ángel Pestaña1210621113Presidencia · Martínez Barrio3010621214Presidencia · Martínez Barrio12810621315José Antonio Trabal13010621416Presidencia · Martínez Barrio53410621517Enrique de Francisco92710621618José María Gil Robles310621719Presidencia · Martínez Barrio2310621820Enrique de Francisco5310621921José María Gil Robles4410622022Presidencia · Martínez Barrio6810622123José María Gil Robles3110622224Presidencia · Martínez Barrio510622325José María Gil Robles86210622426Presidencia · Martínez Barrio21810622527José María Cid46110622628Presidencia · Martínez Barrio1710622729Presidencia · Martínez Barrio1010622830José María Cid3.44310622931Presidencia · Martínez Barrio1410623032José María Cid97410623133Presidencia · Martínez Barrio2910623234José María Cid6.69110623335Juan Lluhí310623436Presidencia · Martínez Barrio410623537Juan Lluhí5.20710623638Presidencia · Jiménez de Asúa810623739Mariano Ruiz-Funes61710623840Presidencia · Jiménez de Asúa2310623941Mariano Ruiz-Funes4.10510624042Presidencia · Jiménez de Asúa610624143Dimas Madariaga4.16210624244Presidencia · Martínez Barrio1010624345Dimas Madariaga81810624446Presidencia · Martínez Barrio710624547José Calvo Sotelo6.59710624648Presidencia · Martínez Barrio810624749José Calvo Sotelo79610624850José Calvo Sotelo48710624951Presidencia · Martínez Barrio710625052Crescenciano Bilbao Castellanos1210625153José Calvo Sotelo3210625254Presidencia · Martínez Barrio810625355José Calvo Sotelo910625456Presidencia · Martínez Barrio4610625557Bernardo Aza2910625658Presidencia · Martínez Barrio2510625759José María Gil Robles310625860Presidencia · Martínez Barrio410625961José María Gil Robles13810626062Presidencia · Martínez Barrio1710626163José María Gil Robles39910626264Presidencia · Martínez Barrio84510626365José María Gil Robles310626466Presidencia · Martínez Barrio410626567José María Gil Robles51810626668Presidencia · Martínez Barrio22410626769Presidencia · Martínez Barrio11910626870José María Gil Robles310626971Presidencia · Martínez Barrio2010627072José María Gil Robles38910627173Presidencia · Martínez Barrio17410627274Tomás Domínguez Arévalo6210627375Presidencia · Martínez Barrio3210627476Tomás Domínguez Arévalo1.72010627577Presidencia · Martínez Barrio610627678Ricardo Zabalza4.19310627779Presidencia · Fernández Clérigo910627880Álvaro de Figueroa y Alonso Martínez3.80610627981Presidencia · Fernández Clérigo3310628082Álvaro de Figueroa y Alonso Martínez1110628183Presidencia · Fernández Clérigo610628284Álvaro de Figueroa y Alonso Martínez1.67010628385Presidencia · Fernández Clérigo1710628486Álvaro de Figueroa y Alonso Martínez6410628587Presidencia · Fernández Clérigo610628688Manuel Florensa2.53510628789Presidencia · Martínez Barrio610628890Ángel Galarza3.66610628991Presidencia · Martínez Barrio5510629092Ángel Galarza5610629193Presidencia · Martínez Barrio610629294Antonio Mije4.88510629395Presidencia · Martínez Barrio9910629496José María Álvarez Mendizábal1.48510629597Presidencia · Martínez Barrio1910629698José María Álvarez Mendizábal5210629799Presidencia · Martínez Barrio12106298100José María Álvarez Mendizábal781106299101Presidencia · Martínez Barrio19106300102Manuel Muñoz Martínez4106301103Presidencia · Martínez Barrio19106302104Fernando Suárez de Tangil490106303105Presidencia · Martínez Barrio10106304106Antonio Alonso Ríos1.646106305107Presidencia · Martínez Barrio20106306108Antonio Alonso Ríos74106307109Presidencia · Martínez Barrio52106308110Antonio Alonso Ríos763106309111Presidencia · Martínez Barrio9106310112Antonio Alonso Ríos349106311113Presidencia · Martínez Barrio7106312114Francisco Javier Bosch Marín3.098106313115Presidencia · Martínez Barrio8106314116José María Cid1.321106315117Presidencia · Martínez Barrio9106316118José María Cid1.543106317119Presidencia · Martínez Barrio8106318120Ángel Galarza1.612106319121Presidencia · Martínez Barrio8106320122Álvaro de Figueroa y Alonso Martínez15106321123Presidencia · Martínez Barrio882106322124Presidencia · Martínez Barrio2.050106323,figura:F30
puertas.turnos.1939-02-01-69,0Juan Negrín5.2911073261Presidencia · Martínez Barrio211073272Luis Fernández Clérigo8141073283Presidencia · Martínez Barrio61073294Ramón Lamoneda9471073305Presidencia · Martínez Barrio61073316Antonio Mije1.5471073327Presidencia · Martínez Barrio61073338Fernando Zulueta1691073349Presidencia · Martínez Barrio610733510Manuel Irujo60610733611Presidencia · Martínez Barrio23910733712Presidencia · Martínez Barrio1210733813Álvaro Pascual Leone46910733914Presidencia · Martínez Barrio8710734015Presidencia · Martínez Barrio226107341,texto,V2,FIG,turnos de cada sesión de las puertas (FigTurnos); src/data/puertas.json · en es/cortes/sesiones/figueres-1939,2026-09-23,0Juan Negrín5.2911073261Presidencia · Martínez Barrio211073272Luis Fernández Clérigo8141073283Presidencia · Martínez Barrio61073294Ramón Lamoneda9471073305Presidencia · Martínez Barrio61073316Antonio Mije1.5471073327Presidencia · Martínez Barrio61073338Fernando Zulueta1691073349Presidencia · Martínez Barrio610733510Manuel Irujo60610733611Presidencia · Martínez Barrio23910733712Presidencia · Martínez Barrio1210733813Álvaro Pascual Leone46910733914Presidencia · Martínez Barrio8710734015Presidencia · Martínez Barrio226107341,figura:F30
puertas.turnos.1945-08-17-71,0Presidencia · Fernández Clérigo6211073691Presidencia · Fernández Clérigo6861073702Presidencia · Fernández Clérigo891073713Presidencia · Fernández Clérigo181073724Presidencia · Fernández Clérigo59107373,texto,V2,FIG,turnos de cada sesión de las puertas (FigTurnos); src/data/puertas.json · en es/cortes/sesiones/mexico-1945,2026-09-23,0Presidencia · Fernández Clérigo6211073691Presidencia · Fernández Clérigo6861073702Presidencia · Fernández Clérigo891073713Presidencia · Fernández Clérigo181073724Presidencia · Fernández Clérigo59107373,figura:F30
puertas.turnos.1945-11-07-72,0Presidencia · Jiménez de Asúa1.5191073741José Giral7.4461073752Presidencia · Jiménez de Asúa441073763Alfonso Daniel Rodríguez Castelao1.1941073774Presidencia · Jiménez de Asúa71073785Luis Fernández Clérigo981073796Presidencia · Jiménez de Asúa711073807Luis Fernández Clérigo371073818Presidencia · Jiménez de Asúa191073829Luis Fernández Clérigo2810738310Presidencia · Jiménez de Asúa910738411José María Lasarte Arana310738512José María Lasarte Arana2.20210738613Presidencia · Jiménez de Asúa710738714Luis Cordero1.13710738815Presidencia · Jiménez de Asúa2710738916Benigno Ferrer Domingo1.19510739017Presidencia · Jiménez de Asúa4010739118Jerónimo Gomariz3310739219Presidencia · Jiménez de Asúa3410739320Presidencia · Jiménez de Asúa3810739421Francisco Félix Montiel11310739522Presidencia · Jiménez de Asúa7210739623Presidencia · Jiménez de Asúa20110739724Pedro Vargas310739825Presidencia · Jiménez de Asúa410739926Pedro Vargas35210740027Presidencia · Jiménez de Asúa610740128Ramón Lamoneda1.92410740229Presidencia · Jiménez de Asúa610740330Vicente Uribe2.24810740431Indalecio Prieto310740532Presidencia · Jiménez de Asúa410740633Indalecio Prieto26310740734Presidencia · Jiménez de Asúa610740835Pedro Vargas10410740936Presidencia · Jiménez de Asúa1610741037Pedro Vargas810741138Presidencia · Jiménez de Asúa1110741239Álvaro Pascual Leone1.40110741340Luis Fernández Clérigo310741441Presidencia · Jiménez de Asúa410741542Luis Fernández Clérigo1.46510741643José Giral110741744Luis Fernández Clérigo18510741845José Giral110741946Luis Fernández Clérigo30010742047Presidencia · El señor PRESIDENTE DE LA CAMARA1010742148Luis Fernández Clérigo2.78110742249Presidencia · Jiménez de Asúa1710742350José Giral1.90610742451Presidencia · Jiménez de Asúa15910742552Presidencia · Jiménez de Asúa33810742653Presidencia · Jiménez de Asúa610742754Juan María Aguilar Calvo18210742855Presidencia · Jiménez de Asúa122107429,texto,V2,FIG,turnos de cada sesión de las puertas (FigTurnos); src/data/puertas.json · en es/cortes/sesiones/mexico-1945,2026-09-23,0Presidencia · Jiménez de Asúa1.5191073741José Giral7.4461073752Presidencia · Jiménez de Asúa441073763Alfonso Daniel Rodríguez Castelao1.1941073774Presidencia · Jiménez de Asúa71073785Luis Fernández Clérigo981073796Presidencia · Jiménez de Asúa711073807Luis Fernández Clérigo371073818Presidencia · Jiménez de Asúa191073829Luis Fernández Clérigo2810738310Presidencia · Jiménez de Asúa910738411José María Lasarte Arana310738512José María Lasarte Arana2.20210738613Presidencia · Jiménez de Asúa710738714Luis Cordero1.13710738815Presidencia · Jiménez de Asúa2710738916Benigno Ferrer Domingo1.19510739017Presidencia · Jiménez de Asúa4010739118Jerónimo Gomariz3310739219Presidencia · Jiménez de Asúa3410739320Presidencia · Jiménez de Asúa3810739421Francisco Félix Montiel11310739522Presidencia · Jiménez de Asúa7210739623Presidencia · Jiménez de Asúa20110739724Pedro Vargas310739825Presidencia · Jiménez de Asúa410739926Pedro Vargas35210740027Presidencia · Jiménez de Asúa610740128Ramón Lamoneda1.92410740229Presidencia · Jiménez de Asúa610740330Vicente Uribe2.24810740431Indalecio Prieto310740532Presidencia · Jiménez de Asúa410740633Indalecio Prieto26310740734Presidencia · Jiménez de Asúa610740835Pedro Vargas10410740936Presidencia · Jiménez de Asúa1610741037Pedro Vargas810741138Presidencia · Jiménez de Asúa1110741239Álvaro Pascual Leone1.40110741340Luis Fernández Clérigo310741441Presidencia · Jiménez de Asúa410741542Luis Fernández Clérigo1.46510741643José Giral110741744Luis Fernández Clérigo18510741845José Giral110741946Luis Fernández Clérigo30010742047Presidencia · El señor PRESIDENTE DE LA CAMARA1010742148Luis Fernández Clérigo2.78110742249Presidencia · Jiménez de Asúa1710742350José Giral1.90610742451Presidencia · Jiménez de Asúa15910742552Presidencia · Jiménez de Asúa33810742653Presidencia · Jiménez de Asúa610742754Juan María Aguilar Calvo18210742855Presidencia · Jiménez de Asúa122107429,figura:F30
puertas.turnos.1945-11-08-73,0Presidencia · Jiménez de Asúa121074301Jerónimo Gomariz4911074312Ángel Galarza31074323Presidencia · Jiménez de Asúa31074334Ángel Galarza3.0861074345Jerónimo Gomariz31074356Presidencia · Jiménez de Asúa41074367Jerónimo Gomariz7011074378Presidencia · Jiménez de Asúa431074389Ángel Galarza29210743910Presidencia · Jiménez de Asúa4410744011Luis Fernández Clérigo210744112Presidencia · Jiménez de Asúa3010744213Presidencia · Jiménez de Asúa1310744314Indalecio Prieto8310744415Presidencia · Jiménez de Asúa910744516Indalecio Prieto5.62210744617Presidencia · Jiménez de Asúa1110744718Luis Fernández Clérigo2.90210744819Presidencia · Jiménez de Asúa2110744920Ángel Galarza1.66610745021Presidencia · Jiménez de Asúa14510745122Presidencia · Jiménez de Asúa610745223Ángel Galarza4210745324Presidencia · Jiménez de Asúa1110745425Antonio Jaén2610745526Presidencia · Jiménez de Asúa36107456,texto,V2,FIG,turnos de cada sesión de las puertas (FigTurnos); src/data/puertas.json · en es/cortes/sesiones/mexico-1945,2026-09-23,0Presidencia · Jiménez de Asúa121074301Jerónimo Gomariz4911074312Ángel Galarza31074323Presidencia · Jiménez de Asúa31074334Ángel Galarza3.0861074345Jerónimo Gomariz31074356Presidencia · Jiménez de Asúa41074367Jerónimo Gomariz7011074378Presidencia · Jiménez de Asúa431074389Ángel Galarza29210743910Presidencia · Jiménez de Asúa4410744011Luis Fernández Clérigo210744112Presidencia · Jiménez de Asúa3010744213Presidencia · Jiménez de Asúa1310744314Indalecio Prieto8310744415Presidencia · Jiménez de Asúa910744516Indalecio Prieto5.62210744617Presidencia · Jiménez de Asúa1110744718Luis Fernández Clérigo2.90210744819Presidencia · Jiménez de Asúa2110744920Ángel Galarza1.66610745021Presidencia · Jiménez de Asúa14510745122Presidencia · Jiménez de Asúa610745223Ángel Galarza4210745324Presidencia · Jiménez de Asúa1110745425Antonio Jaén2610745526Presidencia · Jiménez de Asúa36107456,figura:F30
puertas.turnos.1945-11-09-74,0Presidencia · Jiménez de Asúa3181074571Presidencia · Jiménez de Asúa131074582Antonio Jaén6801074593Presidencia · Jiménez de Asúa5081074604Presidencia · Jiménez de Asúa4711074615Presidencia · Jiménez de Asúa131074626Presidencia · Jiménez de Asúa4701074637Presidencia · Jiménez de Asúa981074648Presidencia · Jiménez de Asúa3841074659Presidencia · Jiménez de Asúa13710746610José María Álvarez Mendizábal810746711Presidencia · Jiménez de Asúa410746812José María Álvarez Mendizábal4310746913Presidencia · Jiménez de Asúa2310747014José María Álvarez Mendizábal3810747115Presidencia · Jiménez de Asúa1810747216José María Álvarez Mendizábal99610747317Indalecio Prieto310747418Presidencia · Jiménez de Asúa410747519Indalecio Prieto19310747620Presidencia · Jiménez de Asúa5810747721José María Álvarez Mendizábal17310747822Presidencia · Jiménez de Asúa4710747923Presidencia · Jiménez de Asúa610748024Indalecio Prieto45810748125Presidencia · Jiménez de Asúa610748226Julio Jáuregui Lasanta1.59710748327Presidencia · Jiménez de Asúa710748428Ramón Suárez Picallo1.42510748529Presidencia · Jiménez de Asúa1710748630José Tomás y Piera19310748731Presidencia · Jiménez de Asúa1110748832José Tomás y Piera53110748933Presidencia · Jiménez de Asúa610749034Jerónimo Gomariz32210749135Presidencia · Jiménez de Asúa110749236Jerónimo Gomariz1.22510749337Presidencia · Jiménez de Asúa610749438Edmundo Lorenzo24910749539Presidencia · Jiménez de Asúa410749640Edmundo Lorenzo710749741Presidencia · Jiménez de Asúa1010749842Edmundo Lorenzo610749943Presidencia · Jiménez de Asúa710750044Edmundo Lorenzo1.06610750145Presidencia · Jiménez de Asúa2310750246Antonio Alonso Ríos1.05710750347Presidencia · Jiménez de Asúa710750448Luis Cordero7510750549Presidencia · Jiménez de Asúa610750650Francisco Félix Montiel12110750751Presidencia · Jiménez de Asúa610750852Pedro Vargas19610750953Presidencia · Jiménez de Asúa810751054Indalecio Prieto40710751155José Giral210751256Indalecio Prieto31610751357Presidencia · Jiménez de Asúa1010751458Indalecio Prieto1.28010751559Antonio Alonso Ríos310751660Presidencia · Jiménez de Asúa410751761Antonio Alonso Ríos27110751862Presidencia · Jiménez de Asúa4310751963Antonio Alonso Ríos7910752064José Giral210752165Ángel Galarza910752266Antonio Alonso Ríos29310752367Ramón Fernández Mato310752468Presidencia · Jiménez de Asúa410752569Ramón Fernández Mato24110752670Pedro Vargas310752771Presidencia · Jiménez de Asúa410752872Pedro Vargas29110752973Julio Jáuregui Lasanta310753074Presidencia · Jiménez de Asúa410753175Julio Jáuregui Lasanta49810753276Jerónimo Gomariz310753377Presidencia · Jiménez de Asúa410753478Jerónimo Gomariz59910753579Indalecio Prieto310753680Presidencia · Jiménez de Asúa410753781Indalecio Prieto38010753882Presidencia · Jiménez de Asúa1010753983José Giral43410754084Indalecio Prieto310754185Presidencia · Jiménez de Asúa410754286Indalecio Prieto1610754387Presidencia · Jiménez de Asúa63410754488Ángel Galarza310754589Presidencia · Jiménez de Asúa410754690Ángel Galarza13510754791Presidencia · Jiménez de Asúa18610754892Presidencia · Jiménez de Asúa1110754993Félix Gordón Ordás1.58910755094Presidencia · Jiménez de Asúa87107551,texto,V2,FIG,turnos de cada sesión de las puertas (FigTurnos); src/data/puertas.json · en es/cortes/sesiones/mexico-1945,2026-09-23,0Presidencia · Jiménez de Asúa3181074571Presidencia · Jiménez de Asúa131074582Antonio Jaén6801074593Presidencia · Jiménez de Asúa5081074604Presidencia · Jiménez de Asúa4711074615Presidencia · Jiménez de Asúa131074626Presidencia · Jiménez de Asúa4701074637Presidencia · Jiménez de Asúa981074648Presidencia · Jiménez de Asúa3841074659Presidencia · Jiménez de Asúa13710746610José María Álvarez Mendizábal810746711Presidencia · Jiménez de Asúa410746812José María Álvarez Mendizábal4310746913Presidencia · Jiménez de Asúa2310747014José María Álvarez Mendizábal3810747115Presidencia · Jiménez de Asúa1810747216José María Álvarez Mendizábal99610747317Indalecio Prieto310747418Presidencia · Jiménez de Asúa410747519Indalecio Prieto19310747620Presidencia · Jiménez de Asúa5810747721José María Álvarez Mendizábal17310747822Presidencia · Jiménez de Asúa4710747923Presidencia · Jiménez de Asúa610748024Indalecio Prieto45810748125Presidencia · Jiménez de Asúa610748226Julio Jáuregui Lasanta1.59710748327Presidencia · Jiménez de Asúa710748428Ramón Suárez Picallo1.42510748529Presidencia · Jiménez de Asúa1710748630José Tomás y Piera19310748731Presidencia · Jiménez de Asúa1110748832José Tomás y Piera53110748933Presidencia · Jiménez de Asúa610749034Jerónimo Gomariz32210749135Presidencia · Jiménez de Asúa110749236Jerónimo Gomariz1.22510749337Presidencia · Jiménez de Asúa610749438Edmundo Lorenzo24910749539Presidencia · Jiménez de Asúa410749640Edmundo Lorenzo710749741Presidencia · Jiménez de Asúa1010749842Edmundo Lorenzo610749943Presidencia · Jiménez de Asúa710750044Edmundo Lorenzo1.06610750145Presidencia · Jiménez de Asúa2310750246Antonio Alonso Ríos1.05710750347Presidencia · Jiménez de Asúa710750448Luis Cordero7510750549Presidencia · Jiménez de Asúa610750650Francisco Félix Montiel12110750751Presidencia · Jiménez de Asúa610750852Pedro Vargas19610750953Presidencia · Jiménez de Asúa810751054Indalecio Prieto40710751155José Giral210751256Indalecio Prieto31610751357Presidencia · Jiménez de Asúa1010751458Indalecio Prieto1.28010751559Antonio Alonso Ríos310751660Presidencia · Jiménez de Asúa410751761Antonio Alonso Ríos27110751862Presidencia · Jiménez de Asúa4310751963Antonio Alonso Ríos7910752064José Giral210752165Ángel Galarza910752266Antonio Alonso Ríos29310752367Ramón Fernández Mato310752468Presidencia · Jiménez de Asúa410752569Ramón Fernández Mato24110752670Pedro Vargas310752771Presidencia · Jiménez de Asúa410752872Pedro Vargas29110752973Julio Jáuregui Lasanta310753074Presidencia · Jiménez de Asúa410753175Julio Jáuregui Lasanta49810753276Jerónimo Gomariz310753377Presidencia · Jiménez de Asúa410753478Jerónimo Gomariz59910753579Indalecio Prieto310753680Presidencia · Jiménez de Asúa410753781Indalecio Prieto38010753882Presidencia · Jiménez de Asúa1010753983José Giral43410754084Indalecio Prieto310754185Presidencia · Jiménez de Asúa410754286Indalecio Prieto1610754387Presidencia · Jiménez de Asúa63410754488Ángel Galarza310754589Presidencia · Jiménez de Asúa410754690Ángel Galarza13510754791Presidencia · Jiménez de Asúa18610754892Presidencia · Jiménez de Asúa1110754993Félix Gordón Ordás1.58910755094Presidencia · Jiménez de Asúa87107551,figura:F30
redes.json › 1931.C,111,n,afin,FIG,"redes de coautoría de CGOCUS V1.1: nodos por ideología y grado de cada diputado de la tabla (FigRed); src/data/afinidades/redes.json · en es/afinidades, es",2026-09-23,111,figura:F21
redes.json › 1931.CD,55,n,afin,FIG,"redes de coautoría de CGOCUS V1.1: nodos por ideología y grado de cada diputado de la tabla (FigRed); src/data/afinidades/redes.json · en es/afinidades, es",2026-09-23,55,figura:F21
redes.json › 1931.CI,121,n,afin,FIG,"redes de coautoría de CGOCUS V1.1: nodos por ideología y grado de cada diputado de la tabla (FigRed); src/data/afinidades/redes.json · en es/afinidades, es",2026-09-23,121,figura:F21
redes.json › 1931.D,15,n,afin,FIG,"redes de coautoría de CGOCUS V1.1: nodos por ideología y grado de cada diputado de la tabla (FigRed); src/data/afinidades/redes.json · en es/afinidades, es",2026-09-23,15,figura:F21
redes.json › 1931.ED,12,n,afin,FIG,"redes de coautoría de CGOCUS V1.1: nodos por ideología y grado de cada diputado de la tabla (FigRed); src/data/afinidades/redes.json · en es/afinidades, es",2026-09-23,12,figura:F21
redes.json › 1931.EI,0,n,afin,FIG,"redes de coautoría de CGOCUS V1.1: nodos por ideología y grado de cada diputado de la tabla (FigRed); src/data/afinidades/redes.json · en es/afinidades, es",2026-09-23,0,figura:F21
redes.json › 1931.I,161,n,afin,FIG,"redes de coautoría de CGOCUS V1.1: nodos por ideología y grado de cada diputado de la tabla (FigRed); src/data/afinidades/redes.json · en es/afinidades, es",2026-09-23,161,figura:F21
redes.json › 1931.grado,,n,afin,FIG,campo que la figura repite en cada fila: redes de coautoría de CGOCUS V1.1: nodos por ideología y grado de cada diputado de la tabla (FigRed); src/data/afinidades/redes.json · en es/afinidades,2026-09-23,"18 valores distintos, de 170 a 228",figura:F21
redes.json › 1933.C,120,n,afin,FIG,"redes de coautoría de CGOCUS V1.1: nodos por ideología y grado de cada diputado de la tabla (FigRed); src/data/afinidades/redes.json · en es/afinidades, es",2026-09-23,120,figura:F21
redes.json › 1933.CD,104,n,afin,FIG,"redes de coautoría de CGOCUS V1.1: nodos por ideología y grado de cada diputado de la tabla (FigRed); src/data/afinidades/redes.json · en es/afinidades, es",2026-09-23,104,figura:F21
redes.json › 1933.CI,12,n,afin,FIG,"redes de coautoría de CGOCUS V1.1: nodos por ideología y grado de cada diputado de la tabla (FigRed); src/data/afinidades/redes.json · en es/afinidades, es",2026-09-23,12,figura:F21
redes.json › 1933.D,109,n,afin,FIG,"redes de coautoría de CGOCUS V1.1: nodos por ideología y grado de cada diputado de la tabla (FigRed); src/data/afinidades/redes.json · en es/afinidades, es",2026-09-23,109,figura:F21
redes.json › 1933.ED,42,n,afin,FIG,"redes de coautoría de CGOCUS V1.1: nodos por ideología y grado de cada diputado de la tabla (FigRed); src/data/afinidades/redes.json · en es/afinidades, es",2026-09-23,42,figura:F21
redes.json › 1933.EI,1,n,afin,FIG,"redes de coautoría de CGOCUS V1.1: nodos por ideología y grado de cada diputado de la tabla (FigRed); src/data/afinidades/redes.json · en es/afinidades, es",2026-09-23,1,figura:F21
redes.json › 1933.I,82,n,afin,FIG,"redes de coautoría de CGOCUS V1.1: nodos por ideología y grado de cada diputado de la tabla (FigRed); src/data/afinidades/redes.json · en es/afinidades, es",2026-09-23,82,figura:F21
redes.json › 1933.grado,,n,afin,FIG,campo que la figura repite en cada fila: redes de coautoría de CGOCUS V1.1: nodos por ideología y grado de cada diputado de la tabla (FigRed); src/data/afinidades/redes.json · en es/afinidades,2026-09-23,"17 valores distintos, de 137 a 184",figura:F21
redes.json › 1936.C,29,n,afin,FIG,"redes de coautoría de CGOCUS V1.1: nodos por ideología y grado de cada diputado de la tabla (FigRed); src/data/afinidades/redes.json · en es/afinidades, es",2026-09-23,29,figura:F21
redes.json › 1936.CD,51,n,afin,FIG,"redes de coautoría de CGOCUS V1.1: nodos por ideología y grado de cada diputado de la tabla (FigRed); src/data/afinidades/redes.json · en es/afinidades, es",2026-09-23,51,figura:F21
redes.json › 1936.CI,130,n,afin,FIG,"redes de coautoría de CGOCUS V1.1: nodos por ideología y grado de cada diputado de la tabla (FigRed); src/data/afinidades/redes.json · en es/afinidades, es",2026-09-23,130,figura:F21
redes.json › 1936.D,107,n,afin,FIG,"redes de coautoría de CGOCUS V1.1: nodos por ideología y grado de cada diputado de la tabla (FigRed); src/data/afinidades/redes.json · en es/afinidades, es",2026-09-23,107,figura:F21
redes.json › 1936.ED,27,n,afin,FIG,"redes de coautoría de CGOCUS V1.1: nodos por ideología y grado de cada diputado de la tabla (FigRed); src/data/afinidades/redes.json · en es/afinidades, es",2026-09-23,27,figura:F21
redes.json › 1936.EI,20,n,afin,FIG,"redes de coautoría de CGOCUS V1.1: nodos por ideología y grado de cada diputado de la tabla (FigRed); src/data/afinidades/redes.json · en es/afinidades, es",2026-09-23,20,figura:F21
redes.json › 1936.I,137,n,afin,FIG,"redes de coautoría de CGOCUS V1.1: nodos por ideología y grado de cada diputado de la tabla (FigRed); src/data/afinidades/redes.json · en es/afinidades, es",2026-09-23,137,figura:F21
redes.json › 1936.grado,,n,afin,FIG,campo que la figura repite en cada fila: redes de coautoría de CGOCUS V1.1: nodos por ideología y grado de cada diputado de la tabla (FigRed); src/data/afinidades/redes.json · en es/afinidades,2026-09-23,"13 valores distintos, de 78 a 113",figura:F21
sesion.1931-10-01-48.diputados,48,n,V2,FIG,"campo de una sesión o de un mes (calendarios, fichas y puertas); src/data/sesiones.json · meses.json · en es/componentes",2026-09-23,48,figura:plantilla
sesion.1931-10-01-48.fecha,1931-10-01,fecha,V2,FIG,"campo de una sesión o de un mes (calendarios, fichas y puertas); src/data/sesiones.json · meses.json · en es/cortes/sesiones/sufragio-1931",2026-09-23,1 de octubre de 1931,figura:plantilla
sesion.1931-10-01-48.filas_pres,164,n,V2,FIG,"campo de una sesión o de un mes (calendarios, fichas y puertas); src/data/sesiones.json · meses.json · en es/componentes",2026-09-23,164,figura:plantilla
sesion.1931-10-01-48.id_v2.desde,5398,fecha,V2,FIG,"campo de una sesión o de un mes (calendarios, fichas y puertas); src/data/sesiones.json · meses.json · en es/componentes",2026-09-23,5398,figura:plantilla
sesion.1931-10-01-48.id_v2.hasta,5792,fecha,V2,FIG,"campo de una sesión o de un mes (calendarios, fichas y puertas); src/data/sesiones.json · meses.json · en es/componentes",2026-09-23,5792,figura:plantilla
sesion.1931-10-01-48.id_v3.desde,6050,fecha,v3,FIG,"campo de una sesión o de un mes (calendarios, fichas y puertas); src/data/sesiones.json · meses.json · en es/componentes",2026-09-23,6050,figura:plantilla
sesion.1931-10-01-48.id_v3.hasta,6464,fecha,v3,FIG,"campo de una sesión o de un mes (calendarios, fichas y puertas); src/data/sesiones.json · meses.json · en es/componentes",2026-09-23,6464,figura:plantilla
sesion.1931-10-13-55.fecha,1931-10-13,fecha,V2,FIG,"campo de una sesión o de un mes (calendarios, fichas y puertas); src/data/sesiones.json · meses.json · en es/cortes/sesiones/cuestion-religiosa-1931",2026-09-23,13 de octubre de 1931,figura:plantilla
sesion.1932-05-27-173.fecha,1932-05-27,fecha,V2,FIG,"campo de una sesión o de un mes (calendarios, fichas y puertas); src/data/sesiones.json · meses.json · en es/cortes/sesiones/estatuto-1932",2026-09-23,27 de mayo de 1932,figura:plantilla
sesion.1933-02-02-288.fecha,1933-02-02,fecha,V2,FIG,"campo de una sesión o de un mes (calendarios, fichas y puertas); src/data/sesiones.json · meses.json · en es/cortes/sesiones/casas-viejas-1933",2026-09-23,2 de febrero de 1933,figura:plantilla
sesion.1934-07-04-112.fecha,1934-07-04,fecha,V2,FIG,"campo de una sesión o de un mes (calendarios, fichas y puertas); src/data/sesiones.json · meses.json · en es/cortes/sesiones/pistola-1934",2026-09-23,4 de julio de 1934,figura:plantilla
sesion.1936-06-16-45.fecha,1936-06-16,fecha,V2,FIG,"campo de una sesión o de un mes (calendarios, fichas y puertas); src/data/sesiones.json · meses.json · en es/cortes/sesiones/antesala-1936",2026-09-23,16 de junio de 1936,figura:plantilla
sesion.1936-07-01-54.fecha,1936-07-01,fecha,V2,FIG,"campo de una sesión o de un mes (calendarios, fichas y puertas); src/data/sesiones.json · meses.json · en es/cortes/sesiones/antesala-1936",2026-09-23,1 de julio de 1936,figura:plantilla
sesion.1936-10-01-61.filas,29,n,V2,FIG,"campo de una sesión o de un mes (calendarios, fichas y puertas); src/data/sesiones.json · meses.json · en es/cortes/guerra",2026-09-23,29,figura:plantilla
sesion.1936-12-01-62.filas,27,n,V2,FIG,"campo de una sesión o de un mes (calendarios, fichas y puertas); src/data/sesiones.json · meses.json · en es/cortes/guerra",2026-09-23,27,figura:plantilla
sesion.1937-02-01-63.filas,17,n,V2,FIG,"campo de una sesión o de un mes (calendarios, fichas y puertas); src/data/sesiones.json · meses.json · en es/cortes/guerra",2026-09-23,17,figura:plantilla
sesion.1937-10-01-64.filas,25,n,V2,FIG,"campo de una sesión o de un mes (calendarios, fichas y puertas); src/data/sesiones.json · meses.json · en es/cortes/guerra",2026-09-23,25,figura:plantilla
sesion.1937-10-02-65.filas,55,n,V2,FIG,"campo de una sesión o de un mes (calendarios, fichas y puertas); src/data/sesiones.json · meses.json · en es/cortes/guerra",2026-09-23,55,figura:plantilla
sesion.1938-02-01-66.filas,36,n,V2,FIG,"campo de una sesión o de un mes (calendarios, fichas y puertas); src/data/sesiones.json · meses.json · en es/cortes/guerra",2026-09-23,36,figura:plantilla
sesion.1938-09-30-67.filas,55,n,V2,FIG,"campo de una sesión o de un mes (calendarios, fichas y puertas); src/data/sesiones.json · meses.json · en es/cortes/guerra",2026-09-23,55,figura:plantilla
sesion.1938-10-01-68.filas,16,n,V2,FIG,"campo de una sesión o de un mes (calendarios, fichas y puertas); src/data/sesiones.json · meses.json · en es/cortes/guerra",2026-09-23,16,figura:plantilla
sesion.1939-02-01-69.fecha,1939-02-01,fecha,V2,FIG,"campo de una sesión o de un mes (calendarios, fichas y puertas); src/data/sesiones.json · meses.json · en es/cortes/sesiones/figueres-1939",2026-09-23,1 de febrero de 1939,figura:plantilla
sesion.1945-01-10-70.filas,27,n,V2,FIG,"campo de una sesión o de un mes (calendarios, fichas y puertas); src/data/sesiones.json · meses.json · en es/cortes/mexico",2026-09-23,27,figura:plantilla
sesion.1945-08-17-71.fecha,1945-08-17,fecha,V2,FIG,"campo de una sesión o de un mes (calendarios, fichas y puertas); src/data/sesiones.json · meses.json · en es/cortes/sesiones/mexico-1945",2026-09-23,17 de agosto de 1945,figura:plantilla
sesion.1945-11-07-72.fecha,1945-11-07,fecha,V2,FIG,"campo de una sesión o de un mes (calendarios, fichas y puertas); src/data/sesiones.json · meses.json · en es/cortes/sesiones/mexico-1945",2026-09-23,7 de noviembre de 1945,figura:plantilla
sesion.1945-11-08-73.fecha,1945-11-08,fecha,V2,FIG,"campo de una sesión o de un mes (calendarios, fichas y puertas); src/data/sesiones.json · meses.json · en es/cortes/sesiones/mexico-1945",2026-09-23,8 de noviembre de 1945,figura:plantilla
sesion.1945-11-09-74.fecha,1945-11-09,fecha,V2,FIG,"campo de una sesión o de un mes (calendarios, fichas y puertas); src/data/sesiones.json · meses.json · en es/cortes/sesiones/mexico-1945",2026-09-23,9 de noviembre de 1945,figura:plantilla
voto.141-106.fecha,1931-10-01,fecha,V2,FIG,"votaciones nominales: fecha y sesión (FigVotaciones); src/data/votaciones.json · en es/cortes/sesiones, es/cortes/sesiones/sufragio-1931",2026-09-23,1-X-1931,figura:F26
voto.141-106.sesion,48,id,V2,FIG,votaciones nominales: fecha y sesión (FigVotaciones); src/data/votaciones.json · en es/cortes/sesiones,2026-09-23,48,figura:F26
voto.161-121.fecha,1931-10-01,fecha,V2,FIG,"votaciones nominales: fecha y sesión (FigVotaciones); src/data/votaciones.json · en es/cortes/sesiones, es/cortes/sesiones/sufragio-1931",2026-09-23,1-X-1931,figura:F26
voto.161-121.sesion,48,id,V2,FIG,votaciones nominales: fecha y sesión (FigVotaciones); src/data/votaciones.json · en es/cortes/sesiones,2026-09-23,48,figura:F26
voto.178-59.fecha,1931-10-13,fecha,V2,FIG,"votaciones nominales: fecha y sesión (FigVotaciones); src/data/votaciones.json · en es/cortes/sesiones/cuestion-religiosa-1931, es/cortes/sesiones",2026-09-23,13-X-1931,figura:F26
voto.178-59.sesion,55,id,V2,FIG,votaciones nominales: fecha y sesión (FigVotaciones); src/data/votaciones.json · en es/cortes/sesiones,2026-09-23,55,figura:F26
voto.238-5.fecha,1936-04-07,fecha,V2,FIG,votaciones nominales: fecha y sesión (FigVotaciones); src/data/votaciones.json · en es/cortes/sesiones,2026-09-23,7-IV-1936,figura:F26
voto.238-5.sesion,15,id,V2,FIG,votaciones nominales: fecha y sesión (FigVotaciones); src/data/votaciones.json · en es/cortes/sesiones,2026-09-23,15,figura:F26
voto.314-24.fecha,1932-09-09,fecha,V2,FIG,votaciones nominales: fecha y sesión (FigVotaciones); src/data/votaciones.json · en es/cortes/sesiones,2026-09-23,9-IX-1932,figura:F26
voto.314-24.sesion,233,id,V2,FIG,votaciones nominales: fecha y sesión (FigVotaciones); src/data/votaciones.json · en es/cortes/sesiones,2026-09-23,233,figura:F26
voto.318-19.fecha,1932-09-09,fecha,V2,FIG,votaciones nominales: fecha y sesión (FigVotaciones); src/data/votaciones.json · en es/cortes/sesiones,2026-09-23,9-IX-1932,figura:F26
voto.318-19.sesion,233,id,V2,FIG,votaciones nominales: fecha y sesión (FigVotaciones); src/data/votaciones.json · en es/cortes/sesiones,2026-09-23,233,figura:F26
voto.368-466.fecha,1931-12-09,fecha,V2,FIG,votaciones nominales: fecha y sesión (FigVotaciones); src/data/votaciones.json · en es/cortes/sesiones,2026-09-23,9-XII-1931,figura:F26
voto.368-466.sesion,88,id,V2,FIG,votaciones nominales: fecha y sesión (FigVotaciones); src/data/votaciones.json · en es/cortes/sesiones,2026-09-23,88,figura:F26
