nombre_completo;legislatura;nombre;apellidos;distrito;partido;familia_partidos;ideologia;id_dip
Luis Hermida Villelga;1933-1936;LUIS;HERMIDA VILLELGA;Badajoz;CEDA;Conservadores;C;430
Andres Maroto Rodriguez De Vera;1933-1936;ANDRES;MAROTO RODRIGUEZ DE VERA;Ciudad Real;CEDA;Conservadores;C;537
Jose Llado Y Valles;1931-1933;JOSE;LLADO Y VALLES;Lugo;RI;Conservadores;C;490
Antonio Rodriguez Perez;1933-1936;ANTONIO;RODRIGUEZ PEREZ;Coruña (La);RI;Conservadores;C;808
Francisco Molleda Garces;1931-1933;FRANCISCO;MOLLEDA GARCES;León;Independiente;Independiente;C;608
Luis Zulueta Y Escolano;1931-1933;LUIS;ZULUETA Y ESCOLANO;Badajoz;ASR;Liberales;C;1026
Juan Diaz Del Moral;1931-1933;JUAN;DIAZ DEL MORAL;Córdoba;ASR;Liberales;C;263
Enrique Fajardo Fernandez;1931-1933;ENRIQUE;FAJARDO FERNANDEZ;Granada;ASR;Liberales;C;297
Alfonso Garcia Valdecasas Y Garcia Valdecasas;1931-1933;ALFONSO;GARCIA VALDECASAS Y GARCIA VALDECASAS;Granada;ASR;Liberales;C;370
Juan Jose Santa Cruz Garces;1931-1933;JUAN JOSE;SANTA CRUZ GARCES;Granada;ASR;Liberales;C;883
Justino De Azcarate Y Florez;1931-1933;JUSTINO DE;AZCARATE Y FLOREZ;León;ASR;Liberales;C;91
Jose Ortega Y Gasset;1931-1933;JOSE;ORTEGA Y GASSET;León;ASR;Liberales;C;673
Publio Suarez Uriarte;1931-1933;PUBLIO;SUAREZ URIARTE;León;ASR;Liberales;C;926
Bernardo Giner De Los Rios Garcia;1931-1933;BERNARDO;GINER DE LOS RIOS GARCIA;Málaga;ASR;Liberales;C;383
Ramon Perez De Ayala;1931-1933;RAMON;PEREZ DE AYALA;Oviedo;ASR;Liberales;C;714
Manuel Rico Avello;1931-1933;MANUEL;RICO AVELLO;Oviedo;ASR;Liberales;C;784
Miguel De Unamuno Y Jugo;1931-1933;MIGUEL DE;UNAMUNO Y JUGO;Salamanca;ASR;Liberales;C;960
Vicente Iranzo Enguita;1931-1933;VICENTE;IRANZO ENGUITA;Teruel;ASR;Liberales;C;446
Gregorio Marañon Posadillo;1931-1933;GREGORIO;MARAÑON POSADILLO;Zamora;ASR;Liberales;C;525
Natalio Rivas Santiago;1936-1939;NATALIO;RIVAS SANTIAGO;Granada;Centro;Liberales;C;792
Manuel Becerra Fernandez;1936-1939;MANUEL;BECERRA FERNANDEZ;Lugo;Centro;Liberales;C;121
Virgilio Fernandez De La Vega Lombau;1936-1939;VIRGILIO;FERNANDEZ DE LA VEGA LOMBAU;Lugo;Centro;Liberales;C;309
Ramon Fernandez Mato;1936-1939;RAMON;FERNANDEZ MATO;Lugo;Centro;Liberales;C;317
Armando Peñamaria Alvarez;1936-1939;ARMANDO;PEÑAMARIA ALVAREZ;Lugo;Centro;Liberales;C;709
Francisco Medina Clares;1936-1939;FRANCISCO;MEDINA CLARES;Murcia;Centro;Liberales;C;584
Manuel Rico Avello;1936-1939;MANUEL;RICO AVELLO;Murcia;Centro;Liberales;C;784
Fernando Ramos Cerviño;1936-1939;FERNANDO;RAMOS CERVIÑO;Orense;Centro;Liberales;C;770
Antonio De Seras Gonzalez;1936-1939;ANTONIO DE;SERAS GONZALEZ;Sevilla;Centro;Liberales;C;903
Fermin Daza Diaz Del Castillo;1936-1939;FERMIN;DAZA DIAZ DEL CASTILLO;Badajoz;Centro;Liberales;C;257
Jose Rosado Gil;1936-1939;JOSE;ROSADO GIL;Badajoz;Centro;Liberales;C;819
Melchor Almagro San Martin;1936-1939;MELCHOR;ALMAGRO SAN MARTIN;Granada;Centro;Liberales;C;37
Manuel Portela Valladares;1936-1939;MANUEL;PORTELA VALLADARES;Pontevedra;Centro;Liberales;C;745
Filiberto Villalobos Gonzalez;1936-1939;FILIBERTO;VILLALOBOS GONZALEZ;Salamanca;Centro;Liberales;C;1006
Felix Eleuterio Benitez De Lugo Y Rodriguez;1936-1939;FELIX ELEUTERIO;BENITEZ DE LUGO Y RODRIGUEZ;Santa Cruz de Tenerife;Centro;Liberales;C;125
Publio Suarez Uriarte;1933-1936;PUBLIO;SUAREZ URIARTE;León;Independiente;Liberales;C;926
Manuel Portela Valladares;1931-1933;MANUEL;PORTELA VALLADARES;Lugo;Independiente;Liberales;C;745
Jeronimo Garcia Gallego;1931-1933;JERONIMO;GARCIA GALLEGO;Segovia;Independiente;Liberales;C;359
Miguel Villanueva Y Gomez;1931-1933;MIGUEL;VILLANUEVA Y GOMEZ;Logroño;LD;Liberales;C;1010
Melquiades Alvarez Gonzalez Posada;1936-1939;MELQUIADES;ALVAREZ GONZALEZ POSADA;Oviedo;LD;Liberales;C;50
Melquiades Alvarez Gonzalez Posada;1933-1936;MELQUIADES;ALVAREZ GONZALEZ POSADA;Oviedo;LD;Liberales;C;50
Ramon Alvarez Valdes Y Castañon;1936-1939;RAMON;ALVAREZ VALDES Y CASTAÑON;Oviedo;LD;Liberales;C;57
Ramon Alvarez Valdes Y Castañon;1933-1936;RAMON;ALVAREZ VALDES Y CASTAÑON;Oviedo;LD;Liberales;C;57
Alfredo Martinez Garcia Arguelles;1933-1936;ALFREDO;MARTINEZ GARCIA ARGUELLES;Oviedo;LD;Liberales;C;557
Mariano Merediz Diaz Parreño;1933-1936;MARIANO;MEREDIZ DIAZ PARREÑO;Oviedo;LD;Liberales;C;593
Pedro Miñor Rivas;1933-1936;PEDRO;MIÑOR RIVAS;Oviedo;LD;Liberales;C;601
Alfonso Muñoz De Diego;1933-1936;ALFONSO;MUÑOZ DE DIEGO;Oviedo;LD;Liberales;C;642
Manuel Pedregal Fernandez;1936-1939;MANUEL;PEDREGAL FERNANDEZ;Oviedo;LD;Liberales;C;702
Manuel Pedregal Fernandez;1933-1936;MANUEL;PEDREGAL FERNANDEZ;Oviedo;LD;Liberales;C;702
Filiberto Villalobos Gonzalez;1931-1933;FILIBERTO;VILLALOBOS GONZALEZ;Salamanca;LD;Liberales;C;1006
Filiberto Villalobos Gonzalez;1933-1936;FILIBERTO;VILLALOBOS GONZALEZ;Salamanca;LD;Liberales;C;1006
Melquiades Alvarez Gonzalez Posada;1931-1933;MELQUIADES;ALVAREZ GONZALEZ POSADA;Valencia;LD;Liberales;C;50
Jose Acuña Y Gomez De La Torre;1936-1939;JOSE;ACUÑA Y GOMEZ DE LA TORRE;Jaén;Mesocrata;Liberales;C;8
Vicente Iranzo Enguita;1933-1936;VICENTE;IRANZO ENGUITA;Teruel;Independiente;Republicanos;C;446
Edmundo Alfaro Gironda;1931-1933;EDMUNDO;ALFARO GIRONDA;Albacete;PRR;Republicanos;C;32
Edmundo Alfaro Gironda;1933-1936;EDMUNDO;ALFARO GIRONDA;Albacete;PRR;Republicanos;C;32
Jose Maria Blanc Rodriguez;1933-1936;JOSE MARIA;BLANC RODRIGUEZ;Albacete;PRR;Republicanos;C;138
Roman Ochando Y Valera;1933-1936;ROMAN;OCHANDO Y VALERA;Albacete;PRR;Republicanos;C;663
Miguel De Camara Cendoya;1931-1933;MIGUEL DE;CAMARA CENDOYA;Alicante;PRR;Republicanos;C;172
Cesar Oarrichena Jenaro;1931-1933;CESAR;OARRICHENA JENARO;Alicante;PRR;Republicanos;C;662
Cesar Puig Martinez;1931-1933;CESAR;PUIG MARTINEZ;Alicante;PRR;Republicanos;C;760
Miguel De Camara Cendoya;1933-1936;MIGUEL DE;CAMARA CENDOYA;Alicante;PRR;Republicanos;C;172
Cesar Oarrichena Jenaro;1933-1936;CESAR;OARRICHENA JENARO;Alicante;PRR;Republicanos;C;662
Jose Maria Ruiz Perez Aguila;1933-1936;JOSE MARIA;RUIZ PEREZ AGUILA;Alicante;PRR;Republicanos;C;837
Antonio Tuñon De Lara;1931-1933;ANTONIO;TUÑÓN DE LARA;Almería;PRR;Republicanos;C;958
Matias Segui Tarrazo;1933-1936;MATIAS;SEGUI TARRAZO;Almería;PRR;Republicanos;C;897
Antonio Tuñon De Lara;1933-1936;ANTONIO;TUÑON DE LARA;Almería;PRR;Republicanos;C;958
Francisco Vega De La Iglesia Manteca;1933-1936;FRANCISCO;VEGA DE LA IGLESIA MANTECA;Almería;PRR;Republicanos;C;985
Francisco Agustin Rodriguez;1931-1933;FRANCISCO;AGUSTIN RODRIGUEZ;Ávila;PRR;Republicanos;C;17
Jose Picon Meilhon;1936-1939;JOSE;PICON MEILHON;Ávila;PRR;Republicanos;C;734
Diego Hidalgo Duran;1931-1933;DIEGO;HIDALGO DURAN;Badajoz;PRR;Republicanos;C;435
Rafael Salazar Alonso;1931-1933;RAFAEL;SALAZAR ALONSO;Badajoz;PRR;Republicanos;C;851
Antonio Arqueros Garrido;1933-1936;ANTONIO;ARQUEROS GARRIDO;Badajoz;PRR;Republicanos;C;79
Luis Bardaji Lopez;1933-1936;LUIS;BARDAJI LOPEZ;Badajoz;PRR;Republicanos;C;104
Luis Bardaji Lopez;1936-1939;LUIS;BARDAJI LOPEZ;Badajoz;PRR;Republicanos;C;104
Miguel Barquero Hidalgo Barquero;1933-1936;MIGUEL;BARQUERO HIDALGO BARQUERO;Badajoz;PRR;Republicanos;C;108
Manuel Carrascal Montero De Espinosa;1933-1936;MANUEL;CARRASCAL MONTERO DE ESPINOSA;Badajoz;PRR;Republicanos;C;193
Diego Hidalgo Duran;1933-1936;DIEGO;HIDALGO DURAN;Badajoz;PRR;Republicanos;C;435
Rafael Salazar Alonso;1933-1936;RAFAEL;SALAZAR ALONSO;Badajoz;PRR;Republicanos;C;851
Jose Teodoro Canet Menendez;1931-1933;JOSE TEODORO;CANET MENENDEZ;Baleares;PRR;Republicanos;C;180
Jose Teodoro Canet Menendez;1933-1936;JOSE TEODORO;CANET MENENDEZ;Baleares;PRR;Republicanos;C;180
Francisco Julia Perello;1933-1936;FRANCISCO;JULIA PERELLO;Baleares;PRR;Republicanos;C;463
Perfecto Ruiz Dorronsoro;1931-1933;PERFECTO;RUIZ DORRONSORO;Burgos;PRR;Republicanos;C;834
Mariano Arrazola Madera;1933-1936;MARIANO;ARRAZOLA MADERA;Cáceres;PRR;Republicanos;C;81
Fulgencio Diez Pastor;1933-1936;FULGENCIO;DIEZ PASTOR;Cáceres;PRR;Republicanos;C;269
Luciano Escribano Lozano;1933-1936;LUCIANO;ESCRIBANO LOZANO;Cáceres;PRR;Republicanos;C;285
Teodoro Pascual Cordero;1936-1939;TEODORO;PASCUAL CORDERO;Cáceres;PRR;Republicanos;C;699
Teodoro Pascual Cordero;1933-1936;TEODORO;PASCUAL CORDERO;Cáceres;PRR;Republicanos;C;699
Santiago Rodriguez Piñero;1931-1933;SANTIAGO;RODRIGUEZ PIÑERO;Cádiz;PRR;Republicanos;C;809
Angel Rizo Bayona;1931-1933;ANGEL;RIZO BAYONA;Cartagena;PRR;Republicanos;C;794
Vicente Cantos Figuerola;1931-1933;VICENTE;CANTOS FIGUEROLA;Castellón;PRR;Republicanos;C;186
Fernando Gasset Y Lacasaña;1931-1933;FERNANDO;GASSET Y LACASAÑA;Castellón;PRR;Republicanos;C;376
Alvaro Pascual Leone;1931-1933;ALVARO;PASCUAL LEONE;Castellón;PRR;Republicanos;C;700
Juan Calot Sanz;1933-1936;JUAN;CALOT SANZ;Castellón;PRR;Republicanos;C;167
Vicente Cantos Figuerola;1933-1936;VICENTE;CANTOS FIGUEROLA;Castellón;PRR;Republicanos;C;186
Jose Morello Del Pozo;1933-1936;JOSE;MORELLO DEL POZO;Castellón;PRR;Republicanos;C;625
Alvaro Pascual Leone;1933-1936;ALVARO;PASCUAL LEONE;Castellón;PRR;Republicanos;C;700
Tomas Peire Cabaleiro;1933-1936;TOMAS;PEIRE CABALEIRO;Ceuta;PRR;Republicanos;C;703
Pedro Vicente Gomez Sanchez;1931-1933;PEDRO VICENTE;GOMEZ SANCHEZ;Ciudad Real;PRR;Republicanos;C;395
Aurelio Lerroux Y Romero De Oca;1931-1933;AURELIO;LERROUX Y ROMERO DE OCA;Ciudad Real;PRR;Republicanos;C;488
Joaquin Perez Madrigal;1936-1939;JOAQUIN;PEREZ MADRIGAL;Ciudad Real;PRR;Republicanos;C;722
Enrique Izquierdo Jimenez;1933-1936;ENRIQUE;IZQUIERDO JIMENEZ;Ciudad Real;PRR;Republicanos;C;449
Francisco Morayta Martinez;1933-1936;FRANCISCO;MORAYTA MARTINEZ;Ciudad Real;PRR;Republicanos;C;624
Joaquin Perez Madrigal;1933-1936;JOAQUIN;PEREZ MADRIGAL;Ciudad Real;PRR;Republicanos;C;722
Ramon Carreras Pons;1931-1933;RAMON;CARRERAS PONS;Córdoba;PRR;Republicanos;C;197
Eloy Vaquero Cantillo;1931-1933;ELOY;VAQUERO CANTILLO;Córdoba;PRR;Republicanos;C;975
Joaquin De Pablo Blanco Torres;1933-1936;JOAQUIN DE;PABLO BLANCO TORRES;Córdoba;PRR;Republicanos;C;681
Francisco De P. Salinas Dieguez;1933-1936;FRANCISCO DE P.;SALINAS DIEGUEZ;Córdoba;PRR;Republicanos;C;854
Eloy Vaquero Cantillo;1933-1936;ELOY;VAQUERO CANTILLO;Córdoba;PRR;Republicanos;C;975
Jose Garcia Ramos Y Segond;1933-1936;JOSE;GARCIA RAMOS Y SEGOND;Coruña (La);PRR;Republicanos;C;367
Jose Miñones Bernardez;1933-1936;JOSE;MIÑONES BERNARDEZ;Coruña (La);PRR;Republicanos;C;600
Leandro Pita Romero;1933-1936;LEANDRO;PITA ROMERO;Coruña (La);PRR;Republicanos;C;741
Jose Maria Alvarez Mendizabal Y Bonilla;1936-1939;JOSE MARIA;ALVAREZ MENDIZABAL Y BONILLA;Cuenca;PRR;Republicanos;C;52
Jose Maria Alvarez Mendizabal Y Bonilla;1931-1933;JOSE MARIA;ALVAREZ MENDIZABAL Y BONILLA;Cuenca;PRR;Republicanos;C;52
Tomas Sierra Rustarazo;1936-1939;TOMAS;SIERRA RUSTARAZO;Cuenca;PRR;Republicanos;C;911
Jose Maria Alvarez Mendizabal Y Bonilla;1933-1936;JOSE MARIA;ALVAREZ MENDIZABAL Y BONILLA;Cuenca;PRR;Republicanos;C;52
Tomas Sierra Rustarazo;1933-1936;TOMAS;SIERRA RUSTARAZO;Cuenca;PRR;Republicanos;C;911
Jose Puig De Asprer;1931-1933;JOSE;PUIG DE ASPRER;Gerona;PRR;Republicanos;C;757
Jose Palanco Romero;1931-1933;JOSE;PALANCO ROMERO;Granada;PRR;Republicanos;C;688
Jose Pareja Yevenes;1931-1933;JOSE;PAREJA YEVENES;Granada;PRR;Republicanos;C;696
Enrique Jimenez Molinero;1933-1936;ENRIQUE;JIMENEZ MOLINERO;Granada;PRR;Republicanos;C;460
Jose Cazorla Salcedo;1933-1936;JOSE;CAZORLA SALCEDO;Granada;PRR;Republicanos;C;222
Jose Pareja Yevenes;1933-1936;JOSE;PAREJA YEVENES;Granada;PRR;Republicanos;C;696
Francisco Roca Yevenes;1933-1936;FRANCISCO;ROCA YEVENES;Granada;PRR;Republicanos;C;797
Juan Felix Sanz Blanco;1933-1936;JUAN FELIX;SANZ BLANCO;Granada;PRR;Republicanos;C;887
Jose Carrasco Cabezuelo;1933-1936;JOSE;CARRASCO CABEZUELO;Guadalajara;PRR;Republicanos;C;194
Juan Usabiaga Lasquibar;1931-1933;JUAN;USABIAGA LASQUIBAR;Guipúzcoa;PRR;Republicanos;C;965
Luis Cordero Bel;1931-1933;LUIS;CORDERO BEL;Huelva;PRR;Republicanos;C;242
Fernando Rey Mora;1931-1933;FERNANDO;REY MORA;Huelva;PRR;Republicanos;C;783
Jose Terrero Sanchez;1931-1933;JOSE;TERRERO SANCHEZ;Huelva;PRR;Republicanos;C;939
Luis Velasco Coffin;1931-1933;LUIS;VELASCO COFFIN;Huelva;PRR;Republicanos;C;989
Fernando Rey Mora;1933-1936;FERNANDO;REY MORA;Huelva;PRR;Republicanos;C;783
Pio Diaz Pradas;1931-1933;PIO;DIAZ PRADAS;Huelva;PRR;Republicanos;C;265
Joaquin Mallo Castan;1931-1933;JOAQUIN;MALLO CASTAN;Huelva;PRR;Republicanos;C;520
Tomas Peire Cabaleiro;1931-1933;TOMAS;PEIRE CABALEIRO;Huelva;PRR;Republicanos;C;703
Rafael Ulled Altimer;1931-1933;RAFAEL;ULLED ALTIMER;Huelva;PRR;Republicanos;C;959
Joaquin Mallo Castan;1933-1936;JOAQUIN;MALLO CASTAN;Huelva;PRR;Republicanos;C;520
Jose Perez De Rozas Y Masdeu;1936-1939;JOSE;PEREZ DE ROZAS Y MASDEU;Jaén;PRR;Republicanos;C;716
Nicolas Alcala Espinosa;1933-1936;NICOLAS;ALCALA ESPINOSA;Jaén;PRR;Republicanos;C;27
Miguel Cabanellas Ferrer;1933-1936;MIGUEL;CABANELLAS FERRER;Jaén;PRR;Republicanos;C;161
Jose Perez De Rozas Y Masdeu;1933-1936;JOSE;PEREZ DE ROZAS Y MASDEU;Jaén;PRR;Republicanos;C;716
Herminio Fernandez De La Poza;1931-1933;HERMINIO;FERNANDEZ DE LA POZA;León;PRR;Republicanos;C;308
Jose Estadella Arno;1931-1933;JOSE;ESTADELLA ARNO;Lérida;PRR;Republicanos;C;289
Gerardo Abad Conde;1931-1933;GERARDO;ABAD CONDE;Lugo;PRR;Republicanos;C;1
Ubaldo De Azpiazu Y Artazu;1931-1933;UBALDO DE;AZPIAZU Y ARTAZU;Lugo;PRR;Republicanos;C;95
Manuel Becerra Fernandez;1931-1933;MANUEL;BECERRA FERNANDEZ;Lugo;PRR;Republicanos;C;121
Francisco Javier Elola Y Diaz Varela;1931-1933;FRANCISCO JAVIER;ELOLA Y DIAZ VARELA;Lugo;PRR;Republicanos;C;280
Rafael De Vega Barrera;1931-1933;RAFAEL DE;VEGA BARRERA;Lugo;PRR;Republicanos;C;983
Ubaldo De Azpiazu Y Artazu;1933-1936;UBALDO DE;AZPIAZU Y ARTAZU;Lugo;PRR;Republicanos;C;95
Manuel Becerra Fernandez;1933-1936;MANUEL;BECERRA FERNANDEZ;Lugo;PRR;Republicanos;C;121
Clara Campoamor Y Rodriguez;1931-1933;CLARA;CAMPOAMOR Y RODRIGUEZ;Madrid;PRR;Republicanos;C;175
Alejandro Lerroux Garcia;1931-1933;ALEJANDRO;LERROUX GARCIA;Madrid;PRR;Republicanos;C;487
Manuel Torres Campaña;1931-1933;MANUEL;TORRES CAMPAÑA;Madrid;PRR;Republicanos;C;953
Pedro Armasa Briales;1931-1933;PEDRO;ARMASA BRIALES;Málaga;PRR;Republicanos;C;77
Pedro Gomez Chaix;1931-1933;PEDRO;GOMEZ CHAIX;Málaga;PRR;Republicanos;C;387
Pedro Armasa Briales;1933-1936;PEDRO;ARMASA BRIALES;Málaga;PRR;Republicanos;C;77
Francisco Burgos Diaz;1933-1936;FRANCISCO;BURGOS DIAZ;Málaga;PRR;Republicanos;C;159
Eduardo Frapolli Y Ruiz De La Herran;1933-1936;EDUARDO;FRAPOLLI Y RUIZ DE LA HERRAN;Málaga;PRR;Republicanos;C;341
Bernardo Laude Alvarez;1933-1936;BERNARDO;LAUDE ALVAREZ;Málaga;PRR;Republicanos;C;482
Jose Martin Gomez;1933-1936;JOSE;MARTIN GOMEZ;Málaga;PRR;Republicanos;C;544
Diego Martin Rodriguez;1933-1936;DIEGO;MARTIN RODRIGUEZ;Málaga;PRR;Republicanos;C;546
Carlos Echeguren Ocio;1933-1936;CARLOS;ECHEGUREN OCIO;Melilla;PRR;Republicanos;C;277
Jose Cardona Serra;1931-1933;JOSE;CARDONA SERRA;Murcia;PRR;Republicanos;C;188
Salvador Martinez Moya Crespo;1931-1933;SALVADOR;MARTINEZ MOYA CRESPO;Murcia;PRR;Republicanos;C;565
Miguel Rivera Ruiz;1931-1933;MIGUEL;RIVERA RUIZ;Murcia;PRR;Republicanos;C;793
Jose Templado Martinez;1931-1933;JOSE;TEMPLADO MARTINEZ;Murcia;PRR;Republicanos;C;936
Jose Cardona Serra;1933-1936;JOSE;CARDONA SERRA;Murcia;PRR;Republicanos;C;188
Salvador Martinez Moya Crespo;1933-1936;SALVADOR;MARTINEZ MOYA CRESPO;Murcia;PRR;Republicanos;C;565
Juan Jose Rocha Garcia;1933-1936;JUAN JOSE;ROCHA GARCIA;Murcia;PRR;Republicanos;C;798
Damaso Velez Gonzalvez;1933-1936;DAMASO;VELEZ GONZALVEZ;Murcia;PRR;Republicanos;C;992
Basilio Alvarez Rodriguez;1931-1933;BASILIO;ALVAREZ RODRIGUEZ;Orense;PRR;Republicanos;C;55
Luis Fabrega Coello;1931-1933;LUIS;FABREGA COELLO;Orense;PRR;Republicanos;C;295
Manuel Garcia Becerra;1931-1933;MANUEL;GARCIA BECERRA;Orense;PRR;Republicanos;C;353
Alfonso Pazos Cid;1931-1933;ALFONSO;PAZOS CID;Orense;PRR;Republicanos;C;701
Justo Villanueva Y Gomez;1931-1933;JUSTO;VILLANUEVA Y GOMEZ;Orense;PRR;Republicanos;C;1011
Justo Villanueva Y Gomez;1936-1939;JUSTO;VILLANUEVA Y GOMEZ;Orense;PRR;Republicanos;C;1011
Basilio Alvarez Rodriguez;1933-1936;BASILIO;ALVAREZ RODRIGUEZ;Orense;PRR;Republicanos;C;55
Luis Fabrega Santamaria;1933-1936;LUIS;FABREGA SANTAMARIA;Orense;PRR;Republicanos;C;296
Fernando Ramos Cerviño;1933-1936;FERNANDO;RAMOS CERVIÑO;Orense;PRR;Republicanos;C;770
Justo Villanueva Y Gomez;1933-1936;JUSTO;VILLANUEVA Y GOMEZ;Orense;PRR;Republicanos;C;1011
Jose Alvarez Buylla Y Godino;1931-1933;JOSE;ALVAREZ BUYLLA Y GODINO;Oviedo;PRR;Republicanos;C;48
Rafael Guerra Del Rio;1931-1933;RAFAEL;GUERRA DEL RIO;Palmas (Las);PRR;Republicanos;C;422
Rafael Guerra Del Rio;1936-1939;RAFAEL;GUERRA DEL RIO;Palmas (Las);PRR;Republicanos;C;422
Rafael Guerra Del Rio;1933-1936;RAFAEL;GUERRA DEL RIO;Palmas (Las);PRR;Republicanos;C;422
Manuel Lorenzo Pardo;1933-1936;MANUEL;LORENZO PARDO;Palmas (Las);PRR;Republicanos;C;506
Camilo Martinon Navarro;1933-1936;CAMILO;MARTINON NAVARRO;Palmas (Las);PRR;Republicanos;C;573
Emiliano Iglesias Y Ambrosio;1931-1933;EMILIANO;IGLESIAS Y AMBROSIO;Pontevedra;PRR;Republicanos;C;443
Jose Lopez Varela;1931-1933;JOSE;LOPEZ VARELA;Pontevedra;PRR;Republicanos;C;503
Ramon Salgado Perez;1931-1933;RAMON;SALGADO PEREZ;Pontevedra;PRR;Republicanos;C;853
Luis Fontaiña Sarrapio;1933-1936;LUIS;FONTAIÑA SARRAPIO;Pontevedra;PRR;Republicanos;C;336
Emiliano Iglesias Y Ambrosio;1933-1936;EMILIANO;IGLESIAS Y AMBROSIO;Pontevedra;PRR;Republicanos;C;443
Jose Lopez Varela;1933-1936;JOSE;LOPEZ VARELA;Pontevedra;PRR;Republicanos;C;503
Isidoro Millan Mariño;1933-1936;ISIDORO;MILLAN MARIÑO;Pontevedra;PRR;Republicanos;C;599
Antonio Prieto Rivas;1933-1936;ANTONIO;PRIETO RIVAS;Pontevedra;PRR;Republicanos;C;753
Ramon Salgado Perez;1933-1936;RAMON;SALGADO PEREZ;Pontevedra;PRR;Republicanos;C;853
Vicente Sierra Martinez;1933-1936;VICENTE;SIERRA MARTINEZ;Pontevedra;PRR;Republicanos;C;909
Ramon Gil Roldan Y Martin;1931-1933;RAMON;GIL ROLDAN Y MARTIN;Santa Cruz de Tenerife;PRR;Republicanos;C;381
Antonio Lara Zarate;1931-1933;ANTONIO;LARA ZARATE;Santa Cruz de Tenerife;PRR;Republicanos;C;477
Alonso Perez Diaz;1931-1933;ALONSO;PEREZ DIAZ;Santa Cruz de Tenerife;PRR;Republicanos;C;718
Elfidio Alonso Rodriguez;1933-1936;ELFIDIO;ALONSO RODRIGUEZ;Santa Cruz de Tenerife;PRR;Republicanos;C;43
Antonio Lara Zarate;1933-1936;ANTONIO;LARA ZARATE;Santa Cruz de Tenerife;PRR;Republicanos;C;477
Rubens Marichal Lopez;1933-1936;RUBENS;MARICHAL LOPEZ;Santa Cruz de Tenerife;PRR;Republicanos;C;535
Andres Orozco Batista;1933-1936;ANDRES;OROZCO BATISTA;Santa Cruz de Tenerife;PRR;Republicanos;C;670
Alonso Perez Diaz;1933-1936;ALONSO;PEREZ DIAZ;Santa Cruz de Tenerife;PRR;Republicanos;C;718
Pedro Romero Rodriguez;1931-1933;PEDRO;ROMERO RODRIGUEZ;Segovia;PRR;Republicanos;C;817
Eutiquiano Rebollar Rodriguez;1933-1936;EUTIQUIANO;REBOLLAR RODRIGUEZ;Segovia;PRR;Republicanos;C;773
Jose Marcial Dorado;1931-1933;JOSE;MARCIAL DORADO;Sevilla;PRR;Republicanos;C;528
Juan Revilla Garcia;1931-1933;JUAN;REVILLA GARCIA;Sevilla;PRR;Republicanos;C;781
Rodrigo Fernandez Y Garcia De La Villa;1931-1933;RODRIGO;FERNANDEZ Y GARCIA DE LA VILLA;Sevilla;PRR;Republicanos;C;324
Manuel Blasco Garzon;1933-1936;MANUEL;BLASCO GARZON;Sevilla;PRR;Republicanos;C;144
Jose Gonzalez Fernandez De La Bandera;1933-1936;JOSE;GONZALEZ FERNANDEZ DE LA BANDERA;Sevilla;PRR;Republicanos;C;399
Jose Gonzalez Navas;1933-1936;JOSE;GONZALEZ NAVAS;Sevilla;PRR;Republicanos;C;402
Ramon Gonzalez Sicilia Y De La Corte;1933-1936;RAMON;GONZALEZ SICILIA Y DE LA CORTE;Sevilla;PRR;Republicanos;C;407
Diego Martinez Barrio;1933-1936;DIEGO;MARTINEZ BARRIO;Sevilla;PRR;Republicanos;C;550
Manuel Mateos Silva;1933-1936;MANUEL;MATEOS SILVA;Sevilla;PRR;Republicanos;C;578
Jaime Simo Bofarull;1931-1933;JAIME;SIMO BOFARULL;Tarragona;PRR;Republicanos;C;913
Juan Palau Mayor;1933-1936;JUAN;PALAU MAYOR;Tarragona;PRR;Republicanos;C;689
Jose Borrajo Esquiu;1931-1933;JOSE;BORRAJO ESQUIU;Teruel;PRR;Republicanos;C;151
Ramon Feced Gresa;1931-1933;RAMON;FECED GRESA;Teruel;PRR;Republicanos;C;301
Manuel Lorente Atienza;1931-1933;MANUEL;LORENTE ATIENZA;Teruel;PRR;Republicanos;C;505
Perfecto Diaz Alonso;1931-1933;PERFECTO;DIAZ ALONSO;Toledo;PRR;Republicanos;C;260
Emilio Palomo Aguado;1931-1933;EMILIO;PALOMO AGUADO;Toledo;PRR;Republicanos;C;692
Pedro Riera Vidal;1931-1933;PEDRO;RIERA VIDAL;Toledo;PRR;Republicanos;C;788
Juan Bort Olmos;1931-1933;JUAN;BORT OLMOS;Valencia;PRR;Republicanos;C;152
Alejandro Lerroux Garcia;1933-1936;ALEJANDRO;LERROUX GARCIA;Valencia;PRR;Republicanos;C;487
Angel Puig Puig;1933-1936;ANGEL;PUIG PUIG;Valencia;PRR;Republicanos;C;761
Faustino Valentin Torrejon;1933-1936;FAUSTINO;VALENTIN TORREJON;Valencia;PRR;Republicanos;C;968
Santiago Alba Bonifaz;1936-1939;SANTIAGO;ALBA BONIFAZ;Zamora;PRR;Republicanos;C;20
Santiago Alba Bonifaz;1933-1936;SANTIAGO;ALBA BONIFAZ;Zamora;PRR;Republicanos;C;20
Sebastian Banzo Urrea;1931-1933;SEBASTIAN;BANZO URREA;Zaragoza;PRR;Republicanos;C;102
Gil Gil Y Gil;1931-1933;GIL;GIL Y GIL;Zaragoza;PRR;Republicanos;C;382
Manuel Marraco Ramon;1931-1933;MANUEL;MARRACO RAMON;Zaragoza;PRR;Republicanos;C;538
Basilio Paraiso Labad;1931-1933;BASILIO;PARAISO LABAD;Zaragoza;PRR;Republicanos;C;693
Dario Perez Garcia;1931-1933;DARIO;PEREZ GARCIA;Zaragoza;PRR;Republicanos;C;719
Mariano Gaspar Lausin;1933-1936;MARIANO;GASPAR LAUSIN;Zaragoza;PRR;Republicanos;C;374
Ernesto Montes Azcona;1933-1936;ERNESTO;MONTES AZCONA;Zaragoza;PRR;Republicanos;C;616
Basilio Paraiso Labad;1933-1936;BASILIO;PARAISO LABAD;Zaragoza;PRR;Republicanos;C;693
Dario Perez Garcia;1933-1936;DARIO;PEREZ GARCIA;Zaragoza;PRR;Republicanos;C;719
Andres Orozco Batista;1931-1933;ANDRES;OROZCO BATISTA;Santa Cruz de Tenerife;PRR;Republicanos;C;670
Hector Altabas Alio;1931-1933;HECTOR;ALTABAS ALIO;Valencia;PURA;Republicanos;C;45
Sigfrido Blasco Blasco;1931-1933;SIGFRIDO;BLASCO BLASCO;Valencia;PURA;Republicanos;C;143
Juan Calot Sanz;1931-1933;JUAN;CALOT SANZ;Valencia;PURA;Republicanos;C;167
Gerardo Carreres Bayarri;1931-1933;GERARDO;CARRERES BAYARRI;Valencia;PURA;Republicanos;C;199
Jose Garcia Berlanga Pardo;1931-1933;JOSE;GARCIA BERLANGA PARDO;Valencia;PURA;Republicanos;C;354
Joaquin Garcia Ribes;1931-1933;JOAQUIN;GARCIA RIBES;Valencia;PURA;Republicanos;C;368
Julio Just Gimeno;1931-1933;JULIO;JUST GIMENO;Valencia;PURA;Republicanos;C;466
Jose Manteca Roger;1931-1933;JOSE;MANTECA ROGER;Valencia;PURA;Republicanos;C;524
Vicente Marco Miranda;1931-1933;VICENTE;MARCO MIRANDA;Valencia;PURA;Republicanos;C;529
Ricardo Samper Ibañez;1931-1933;RICARDO;SAMPER IBAÑEZ;Valencia;PURA;Republicanos;C;863
Gerardo Carreres Bayarri;1933-1936;GERARDO;CARRERES BAYARRI;Valencia;PURA;Republicanos;C;199
Juan Chabret Bru;1933-1936;JUAN;CHABRET BRU;Valencia;PURA;Republicanos;C;227
Jose Garcia Berlanga Pardo;1933-1936;JOSE;GARCIA BERLANGA PARDO;Valencia;PURA;Republicanos;C;354
Julio Just Gimeno;1933-1936;JULIO;JUST GIMENO;Valencia;PURA;Republicanos;C;466
Sigfrido Blasco Blasco;1933-1936;SIGFRIDO;BLASCO BLASCO;Valencia;PURA;Republicanos;C;143
Ramon Cantos Saiz De Carlos;1933-1936;RAMON;CANTOS SAIZ DE CARLOS;Valencia;PURA;Republicanos;C;187
Vicente Lambies Grancha;1933-1936;VICENTE;LAMBIES GRANCHA;Valencia;PURA;Republicanos;C;471
Vicente Marco Miranda;1933-1936;VICENTE;MARCO MIRANDA;Valencia;PURA;Republicanos;C;529
Pascual Martinez Sala;1933-1936;PASCUAL;MARTINEZ SALA;Valencia;PURA;Republicanos;C;570
Vicente De Roig Ibañez;1933-1936;VICENTE DE;ROIG IBAÑEZ;Valencia;PURA;Republicanos;C;810
Ricardo Samper Ibañez;1933-1936;RICARDO;SAMPER IBAÑEZ;Valencia;PURA;Republicanos;C;863
Luis Garcia Y Garcia Lozano;1931-1933;LUIS;GARCIA Y GARCIA LOZANO;Burgos;PRR;Republicanos;C;372
Pedro Acacio Sandoval;1933-1936;PEDRO;ACACIO SANDOVAL;Albacete;Agrarios;Agrario;CD;4
Mateo Sanchez Rovira;1936-1939;MATEO;SANCHEZ ROVIRA;Albacete;Agrarios;Agrario;CD;875
Angel Torres Alonso;1931-1933;ANGEL;TORRES ALONSO;Ávila;Agrarios;Agrario;CD;951
Nicasio Velayos Y Velayos;1931-1933;NICASIO;VELAYOS Y VELAYOS;Ávila;Agrarios;Agrario;CD;991
Nicasio Velayos Y Velayos;1936-1939;NICASIO;VELAYOS Y VELAYOS;Ávila;Agrarios;Agrario;CD;991
Nicasio Velayos Y Velayos;1933-1936;NICASIO;VELAYOS Y VELAYOS;Ávila;Agrarios;Agrario;CD;991
Tomas Alonso De Armiño Y Calleja;1933-1936;TOMAS;ALONSO DE ARMIÑO Y CALLEJA;Burgos;Agrarios;Agrario;CD;39
Tomas Alonso De Armiño Y Calleja;1931-1933;TOMAS;ALONSO DE ARMIÑO Y CALLEJA;Burgos;Agrarios;Agrario;CD;39
Ramon De La Cuesta Y Cobo De La Torre;1933-1936;RAMON DE LA;CUESTA Y COBO DE LA TORRE;Burgos;Agrarios;Agrario;CD;255
Ramon De La Cuesta Y Cobo De La Torre;1931-1933;RAMON DE LA;CUESTA Y COBO DE LA TORRE;Burgos;Agrarios;Agrario;CD;255
Angel Garcia Vedoya;1933-1936;ANGEL;GARCIA VEDOYA;Burgos;Agrarios;Agrario;CD;371
Aurelio Gomez Gonzalez;1933-1936;AURELIO;GOMEZ GONZALEZ;Burgos;Agrarios;Agrario;CD;388
Aurelio Gomez Gonzalez;1931-1933;AURELIO;GOMEZ GONZALEZ;Burgos;Agrarios;Agrario;CD;388
Jose Martinez De Velasco Escolar;1933-1936;JOSE;MARTINEZ DE VELASCO ESCOLAR;Burgos;Agrarios;Agrario;CD;556
Jose Martinez De Velasco Escolar;1931-1933;JOSE;MARTINEZ DE VELASCO ESCOLAR;Burgos;Agrarios;Agrario;CD;556
Antonio Navajas Moreno;1933-1936;ANTONIO;NAVAJAS MORENO;Córdoba;Agrarios;Agrario;CD;648
Jose Blanco Rodriguez;1936-1939;JOSE;BLANCO RODRIGUEZ;Jaén;Agrarios;Agrario;CD;142
Antonio Perez Crespo;1936-1939;ANTONIO;PEREZ CRESPO;León;Agrarios;Agrario;CD;713
Manuel Saenz De Miera Millan;1936-1939;MANUEL;SAENZ DE MIERA MILLAN;León;Agrarios;Agrario;CD;845
Tomas Ortiz De Solorzano Y Ortiz De La Puente;1933-1936;TOMAS;ORTIZ DE SOLORZANO Y ORTIZ DE LA PUENTE;Logroño;Agrarios;Agrario;CD;674
Luis Rodriguez De Viguri;1936-1939;LUIS;RODRIGUEZ DE VIGURI;Lugo;Agrarios;Agrario;CD;804
Angel Fernandez Ruano;1933-1936;ANGEL;FERNANDEZ RUANO;Málaga;Agrarios;Agrario;CD;321
Tomas Maestre Zapata;1933-1936;TOMAS;MAESTRE ZAPATA;Murcia;Agrarios;Agrario;CD;515
Antonio Taboada Tundidor;1936-1939;ANTONIO;TABOADA TUNDIDOR;Orense;Agrarios;Agrario;CD;930
Julio Gonzalez Sandoval Mogollon;1933-1936;JULIO;GONZALEZ SANDOVAL MOGOLLON;Toledo;Agrarios;Agrario;CD;406
Jesus Salvador Madero Ortiz Cicuendez;1933-1936;JESUS SALVADOR;MADERO ORTIZ CICUENDEZ;Toledo;Agrarios;Agrario;CD;514
Luis Felipe Sanchez Cabezudo Salanova;1936-1939;LUIS FELIPE;SANCHEZ CABEZUDO SALANOVA;Toledo;Agrarios;Agrario;CD;867
Jose Maria Cid Ruiz Zorrilla;1936-1939;JOSE MARIA;CID RUIZ ZORRILLA;Zamora;Agrarios;Agrario;CD;231
Antonio Rodriguez Cid;1936-1939;ANTONIO;RODRIGUEZ CID;Zamora;Agrarios;Agrario;CD;802
Ramon Serrano Suñer;1933-1936;RAMON;SERRANO SUÑER;Zaragoza;Agrarios;Agrario;CD;908
Joaquin Fanjul Goñi;1931-1933;JOAQUIN;FANJUL GOÑI;Cuenca;Agrarios;Agrario;CD;298
Joaquin Fanjul Goñi;1933-1936;JOAQUIN;FANJUL GOÑI;Cuenca;Agrarios;Agrario;CD;298
Modesto Gosalvez Fuentes Manresa;1933-1936;MODESTO;GOSALVEZ FUENTES MANRESA;Cuenca;Agrarios;Agrario;CD;414
Modesto Gosalvez Fuentes Manresa;1936-1939;MODESTO;GOSALVEZ FUENTES MANRESA;Cuenca;Agrarios;Agrario;CD;414
Joaquin Fanjul Goñi;1936-1939;JOAQUIN;FANJUL GOÑI;Cuenca;Agrarios;Agrario;CD;298
Francisco Gonzalez Carrascosa;1936-1939;FRANCISCO;GONZALEZ CARRASCOSA;Granada;Agrarios;Agrario;CD;397
Jose Moncasi Sangenis;1933-1936;JOSE;MONCASI SANGENIS;Huelva;Agrarios;Agrario;CD;611
Jose Romero Radigales;1933-1936;JOSE;ROMERO RADIGALES;Huelva;Agrarios;Agrario;CD;816
Lorenzo Vidal Tolosana;1933-1936;LORENZO;VIDAL TOLOSANA;Huelva;Agrarios;Agrario;CD;999
Leon Carlos Alvarez Lara;1933-1936;LEON CARLOS;ALVAREZ LARA;Jaén;Agrarios;Agrario;CD;51
Jose Blanco Rodriguez;1933-1936;JOSE;BLANCO RODRIGUEZ;Jaén;Agrarios;Agrario;CD;142
Jose Cos Serrano;1933-1936;JOSE;COS SERRANO;Jaén;Agrarios;Agrario;CD;248
Antonio Perez Crespo;1933-1936;ANTONIO;PEREZ CRESPO;León;Agrarios;Agrario;CD;713
Manuel Saenz De Miera Millan;1933-1936;MANUEL;SAENZ DE MIERA MILLAN;León;Agrarios;Agrario;CD;845
Luis Rodriguez De Viguri;1933-1936;LUIS;RODRIGUEZ DE VIGURI;Lugo;Agrarios;Agrario;CD;804
Adolfo Rodriguez Jurado Y De La Hera;1933-1936;ADOLFO;RODRIGUEZ JURADO Y DE LA HERA;Madrid;Agrarios;Agrario;CD;806
Abilio Calderon Rojo;1931-1933;ABILIO;CALDERON ROJO;Palencia;Agrarios;Agrario;CD;166
Abilio Calderon Rojo;1933-1936;ABILIO;CALDERON ROJO;Palencia;Agrarios;Agrario;CD;166
Alfredo Garcia Ramos;1933-1936;ALFREDO;GARCIA RAMOS;Pontevedra;Agrarios;Agrario;CD;366
Candido Casanueva Y Gorjon;1931-1933;CANDIDO;CASANUEVA Y GORJON;Salamanca;Agrarios;Agrario;CD;208
Ernesto Castaño Arevalo;1933-1936;ERNESTO;CASTAÑO AREVALO;Salamanca;Agrarios;Agrario;CD;213
Eduardo Perez Del Molino Herrera;1933-1936;EDUARDO;PEREZ DEL MOLINO HERRERA;Santander;Agrarios;Agrario;CD;717
Rufino Cano De Rueda;1933-1936;RUFINO;CANO DE RUEDA;Segovia;Agrarios;Agrario;CD;183
Juan De Contreras Y Lopez De Ayala;1933-1936;JUAN DE;CONTRERAS Y LOPEZ DE AYALA;Segovia;Agrarios;Agrario;CD;241
Mariano Fernandez De Cordoba Y Castrillo;1933-1936;MARIANO;FERNANDEZ DE CORDOBA Y CASTRILLO;Segovia;Agrarios;Agrario;CD;307
Luis Alarcon De La Lastra;1933-1936;LUIS;ALARCON DE LA LASTRA;Sevilla;Agrarios;Agrario;CD;19
Luis Amores Jimenez;1933-1936;LUIS;AMORES JIMENEZ;Sevilla;Agrarios;Agrario;CD;62
Jaime Oriol De La Puerta;1933-1936;JAIME;ORIOL DE LA PUERTA;Sevilla;Agrarios;Agrario;CD;668
Jose Martinez De Azagra;1933-1936;JOSE;MARTINEZ DE AZAGRA;Soria;Agrarios;Agrario;CD;553
Cayetano Vilella Puig;1933-1936;CAYETANO;VILELLA PUIG;Tarragona;Agrarios;Agrario;CD;1004
Leopoldo Igual Padilla;1933-1936;LEOPOLDO;IGUAL PADILLA;Teruel;Agrarios;Agrario;CD;444
Felix Avia Garcia;1933-1936;FELIX;AVIA GARCIA;Toledo;Agrarios;Agrario;CD;84
Constantino Vega Gregorio;1933-1936;CONSTANTINO;VEGA GREGORIO;Toledo;Agrarios;Agrario;CD;986
Pedro Martin Y Martin;1931-1933;PEDRO;MARTIN Y MARTIN;Valladolid;Agrarios;Agrario;CD;548
Antonio Royo Villanova Morales;1931-1933;ANTONIO;ROYO VILLANOVA MORALES;Valladolid;Agrarios;Agrario;CD;821
Blas Cantalapiedra Gutierrez;1933-1936;BLAS;CANTALAPIEDRA GUTIERREZ;Valladolid;Agrarios;Agrario;CD;185
Pedro Martin Y Martin;1933-1936;PEDRO;MARTIN Y MARTIN;Valladolid;Agrarios;Agrario;CD;548
Antonio Royo Villanova Morales;1933-1936;ANTONIO;ROYO VILLANOVA MORALES;Valladolid;Agrarios;Agrario;CD;821
Jose Maria Cid Ruiz Zorrilla;1931-1933;JOSE MARIA;CID RUIZ ZORRILLA;Zamora;Agrarios;Agrario;CD;231
Jose Maria Cid Ruiz Zorrilla;1933-1936;JOSE MARIA;CID RUIZ ZORRILLA;Zamora;Agrarios;Agrario;CD;231
Vicente Tome Prieto;1933-1936;VICENTE;TOME PRIETO;Zamora;Agrarios;Agrario;CD;946
Daniel Mondejar Funez;1936-1939;DANIEL;MONDEJAR FUNEZ;Ciudad Real;Agrarios;Agrario;CD;612
Raimundo De Abadal Caldero;1931-1933;RAIMUNDO DE;ABADAL CALDERO;Barcelona;Lliga;Catalanista de derecha;CD;2
Francisco Bastos Ansart;1933-1936;FRANCISCO;BASTOS ANSART;Barcelona;Lliga;Catalanista de derecha;CD;117
Francisco De Asis Cambo Y Batlle;1933-1936;FRANCISCO DE ASIS;CAMBO Y BATLLE;Barcelona;Lliga;Catalanista de derecha;CD;173
Antonio Gabarro Y Torres;1933-1936;ANTONIO;GABARRO Y TORRES;Barcelona;Lliga;Catalanista de derecha;CD;343
Alejandro Gallart Y Folch;1933-1936;ALEJANDRO;GALLART Y FOLCH;Barcelona;Lliga;Catalanista de derecha;CD;347
Joaquin Maria De Nadal Y Ferrer;1933-1936;JOAQUIN MARIA DE;NADAL Y FERRER;Barcelona;Lliga;Catalanista de derecha;CD;647
Joaquin Pellicena Y Camacho;1933-1936;JOAQUIN;PELLICENA Y CAMACHO;Barcelona;Lliga;Catalanista de derecha;CD;705
Francisco Pons Y Pla;1933-1936;FRANCISCO;PONS Y PLA;Barcelona;Lliga;Catalanista de derecha;CD;744
Luis Puig De La Bellacasa Y Deu;1936-1939;LUIS;PUIG DE LA BELLACASA Y DEU;Barcelona;Lliga;Catalanista de derecha;CD;758
Luis Puig De La Bellacasa Y Deu;1933-1936;LUIS;PUIG DE LA BELLACASA Y DEU;Barcelona;Lliga;Catalanista de derecha;CD;758
Pedro Rahola Y Molinas;1931-1933;PEDRO;RAHOLA Y MOLINAS;Barcelona;Lliga;Catalanista de derecha;CD;767
Pedro Rahola Y Molinas;1933-1936;PEDRO;RAHOLA Y MOLINAS;Barcelona;Lliga;Catalanista de derecha;CD;767
Pedro Rahola Y Molinas;1936-1939;PEDRO;RAHOLA Y MOLINAS;Barcelona;Lliga;Catalanista de derecha;CD;767
Joaquin Reig Y Rodriguez;1933-1936;JOAQUIN;REIG Y RODRIGUEZ;Barcelona;Lliga;Catalanista de derecha;CD;776
Felipe Rodes Baldrich;1936-1939;FELIPE;RODES BALDRICH;Barcelona;Lliga;Catalanista de derecha;CD;799
Francisco Salvans Armengol;1933-1936;FRANCISCO;SALVANS ARMENGOL;Barcelona;Lliga;Catalanista de derecha;CD;861
Felipe De Sola Y Cañizares;1933-1936;FELIPE DE;SOLA Y CAÑIZARES;Barcelona;Lliga;Catalanista de derecha;CD;916
Vicente Sole De Sojo;1933-1936;VICENTE;SOLE DE SOJO;Barcelona;Lliga;Catalanista de derecha;CD;918
Jose Maria Trias De Bes;1933-1936;JOSE MARIA;TRIAS DE BES;Barcelona;Lliga;Catalanista de derecha;CD;957
Jose Maria Trias De Bes;1936-1939;JOSE MARIA;TRIAS DE BES;Barcelona;Lliga;Catalanista de derecha;CD;957
Fernando Valls Taberner;1936-1939;FERNANDO;VALLS TABERNER;Barcelona;Lliga;Catalanista de derecha;CD;974
Juan Ventosa Calvell;1936-1939;JUAN;VENTOSA CALVELL;Barcelona;Lliga;Catalanista de derecha;CD;993
Juan Ventosa Calvell;1933-1936;JUAN;VENTOSA CALVELL;Barcelona;Lliga;Catalanista de derecha;CD;993
Miguel Vidal Guardiola;1936-1939;MIGUEL;VIDAL GUARDIOLA;Barcelona;Lliga;Catalanista de derecha;CD;998
Miguel Vidal Guardiola;1933-1936;MIGUEL;VIDAL GUARDIOLA;Barcelona;Lliga;Catalanista de derecha;CD;998
Manuel Carrasco Y Formiguera;1931-1933;MANUEL;CARRASCO Y FORMIGUERA;Gerona;Lliga;Catalanista de derecha;CD;195
Carlos Badia Malagrida;1933-1936;CARLOS;BADIA MALAGRIDA;Gerona;Lliga;Catalanista de derecha;CD;96
Carlos Badia Malagrida;1936-1939;CARLOS;BADIA MALAGRIDA;Gerona;Lliga;Catalanista de derecha;CD;96
Juan Estelrich Artigues;1933-1936;JUAN;ESTELRICH ARTIGUES;Gerona;Lliga;Catalanista de derecha;CD;290
Juan Estelrich Artigues;1931-1933;JUAN;ESTELRICH ARTIGUES;Gerona;Lliga;Catalanista de derecha;CD;290
Juan Estelrich Artigues;1936-1939;JUAN;ESTELRICH ARTIGUES;Gerona;Lliga;Catalanista de derecha;CD;290
Luis Piñol Agullo;1933-1936;LUIS;PIÑOL AGULLO;Lérida;Lliga;Catalanista de derecha;CD;738
Manuel Florensa Farre;1933-1936;MANUEL;FLORENSA FARRE;Lérida;Lliga;Catalanista de derecha;CD;334
Manuel Florensa Farre;1936-1939;MANUEL;FLORENSA FARRE;Lérida;Lliga;Catalanista de derecha;CD;334
Luis Massot Balaguer;1933-1936;LUIS;MASSOT BALAGUER;Lérida;Lliga;Catalanista de derecha;CD;576
Luis Piñol Agullo;1936-1939;LUIS;PIÑOL AGULLO;Lérida;Lliga;Catalanista de derecha;CD;738
Jose Maria Casabo Torras;1933-1936;JOSE MARIA;CASABO TORRAS;Tarragona;Lliga;Catalanista de derecha;CD;203
Jose Maria Casabo Torras;1936-1939;JOSE MARIA;CASABO TORRAS;Tarragona;Lliga;Catalanista de derecha;CD;203
Jose Mullerat Soldevilla;1933-1936;JOSE;MULLERAT SOLDEVILLA;Tarragona;Lliga;Catalanista de derecha;CD;641
Tomas Ortiz De Solorzano Y Ortiz De La Puente;1931-1933;TOMAS;ORTIZ DE SOLORZANO Y ORTIZ DE LA PUENTE;Logroño;CEDA;Conservadores;CD;674
Juan Martinez Ortiz;1933-1936;JUAN;MARTINEZ ORTIZ;Albacete;PRC;Conservadores;CD;566
Jose Martinez Arenas;1933-1936;JOSE;MARTINEZ ARENAS;Alicante;PRC;Conservadores;CD;549
Fermin Daza Diaz Del Castillo;1933-1936;FERMIN;DAZA DIAZ DEL CASTILLO;Badajoz;PRC;Conservadores;CD;257
Jose Diaz Ambrona Moreno;1933-1936;JOSE;DIAZ AMBRONA MORENO;Badajoz;PRC;Conservadores;CD;261
Dionisio Cano Lopez;1933-1936;DIONISIO;CANO LOPEZ;Huelva;PRC;Conservadores;CD;184
Francisco Perez De Guzman Y Urzaiz;1933-1936;FRANCISCO;PEREZ DE GUZMAN Y URZAIZ;Huelva;PRC;Conservadores;CD;715
Enrique Del Castillo Folache;1933-1936;ENRIQUE DEL;CASTILLO FOLACHE;Jaén;PRC;Conservadores;CD;217
Jenaro Navarro Lopez;1933-1936;JENARO;NAVARRO LOPEZ;Jaén;PRC;Conservadores;CD;650
Enrique Gomez Jimenez;1936-1939;ENRIQUE;GOMEZ JIMENEZ;Lugo;PRC;Conservadores;CD;390
Enrique Gomez Jimenez;1933-1936;ENRIQUE;GOMEZ JIMENEZ;Lugo;PRC;Conservadores;CD;390
Luis Recasens Siches;1933-1936;LUIS;RECASENS SICHES;Lugo;PRC;Conservadores;CD;774
Fernando Villamarin Rodriguez;1933-1936;FERNANDO;VILLAMARIN RODRIGUEZ;Pontevedra;PRC;Conservadores;CD;1009
Miguel Garcia Bravo Ferrer;1933-1936;MIGUEL;GARCIA BRAVO FERRER;Sevilla;PRC;Conservadores;CD;356
Gregorio Arranz Olalla;1936-1939;GREGORIO;ARRANZ OLALLA;Soria;PRC;Conservadores;CD;80
Miguel Maura Gamazo;1936-1939;MIGUEL;MAURA GAMAZO;Soria;PRC;Conservadores;CD;581
Gregorio Arranz Olalla;1933-1936;GREGORIO;ARRANZ OLALLA;Soria;PRC;Conservadores;CD;80
Eduardo Molero Massa;1933-1936;EDUARDO;MOLERO MASSA;Valencia;PRC;Conservadores;CD;604
Francisco Gonzalez Garcia;1933-1936;FRANCISCO;GONZALEZ GARCIA;Zamora;PRC;Conservadores;CD;400
Miguel Maura Gamazo;1933-1936;MIGUEL;MAURA GAMAZO;Zamora;PRC;Conservadores;CD;581
Daniel Mondejar Funez;1933-1936;DANIEL;MONDEJAR FUNEZ;Ciudad Real;PRC;Conservadores;CD;612
Jose Reino Caamaño;1933-1936;JOSE;REINO CAAMAÑO;Coruña (La);PRC;Conservadores;CD;777
Joaquin Chapaprieta Y Torregrosa;1933-1936;JOAQUIN;CHAPAPRIETA Y TORREGROSA;Alicante;RI;Conservadores;CD;229
Joaquin Chapaprieta Y Torregrosa;1936-1939;JOAQUIN;CHAPAPRIETA Y TORREGROSA;Alicante;RI;Conservadores;CD;229
Alvaro De Albornoz Y Liminiana;1936-1939;ALVARO DE;ALBORNOZ Y LIMINIANA;Oviedo;Independiente;Independiente;CD;26
Rogelio Perez Burgos;1931-1933;ROGELIO;PEREZ BURGOS;Almería;DLR;Liberales;CD;712
Gustavo Pittaluga Fattorini;1931-1933;GUSTAVO;PITTALUGA FATTORINI;Badajoz;DLR;Liberales;CD;742
Francisco Aramburu E Inda;1931-1933;FRANCISCO;ARAMBURU E INDA;Cádiz;DLR;Liberales;CD;69
Vicente Sales Musoles;1931-1933;VICENTE;SALES MUSOLES;Castellón;DLR;Liberales;CD;852
Manuel Osorio Florit;1931-1933;MANUEL;OSORIO FLORIT;Ciudad Real;DLR;Liberales;CD;675
Cirilo Del Rio Rodriguez;1931-1933;CIRILO DEL;RIO RODRIGUEZ;Ciudad Real;DLR;Liberales;CD;790
Carlos Blanco Perez;1931-1933;CARLOS;BLANCO PEREZ;Cuenca;DLR;Liberales;CD;140
Jose Sanchez Covisa Y Sanchez Covisa;1931-1933;JOSE;SANCHEZ COVISA Y SANCHEZ COVISA;Cuenca;DLR;Liberales;CD;868
Jose Ayats Surribas;1931-1933;JOSE;AYATS SURRIBAS;Gerona;DLR;Liberales;CD;85
Niceto Alcala Zamora Y Torres;1931-1933;NICETO;ALCALA ZAMORA Y TORRES;Jaén;DLR;Liberales;CD;28
Federico Del Castillo Extremera;1931-1933;FEDERICO DEL;CASTILLO EXTREMERA;Jaén;DLR;Liberales;CD;216
Enrique Del Castillo Folache;1931-1933;ENRIQUE DEL;CASTILLO FOLACHE;Jaén;DLR;Liberales;CD;217
Juan Castrillo Santos;1931-1933;JUAN;CASTRILLO SANTOS;León;DLR;Liberales;CD;218
Enrique Gomez Jimenez;1931-1933;ENRIQUE;GOMEZ JIMENEZ;Lugo;DLR;Liberales;CD;390
Luis Recasens Siches;1931-1933;LUIS;RECASENS SICHES;Lugo;DLR;Liberales;CD;774
Cesar Juarros Ortega;1931-1933;CESAR;JUARROS ORTEGA;Madrid;DLR;Liberales;CD;462
Jose Maria Roldan Sanchez De La Fuente;1931-1933;JOSE MARIA;ROLDAN SANCHEZ DE LA FUENTE;Málaga;DLR;Liberales;CD;813
Julian Ayesta Manchola;1931-1933;JULIAN;AYESTA MANCHOLA;Oviedo;DLR;Liberales;CD;86
Cesar Gusano Rodriguez;1931-1933;CESAR;GUSANO RODRIGUEZ;Palencia;DLR;Liberales;CD;427
Laureano Gomez Paratcha;1931-1933;LAUREANO;GOMEZ PARATCHA;Pontevedra;DLR;Liberales;CD;392
Tomas Marcos Escribano;1931-1933;TOMAS;MARCOS ESCRIBANO;Salamanca;DLR;Liberales;CD;531
Jose Centeno Gonzalez;1931-1933;JOSE;CENTENO GONZALEZ;Sevilla;DLR;Liberales;CD;224
Manuel Figueroa Rojas;1936-1939;MANUEL;FIGUEROA ROJAS;Sevilla;DLR;Liberales;CD;330
Federico Fernandez Castillejo;1931-1933;FEDERICO;FERNANDEZ CASTILLEJO;Sevilla;DLR;Liberales;CD;305
Gregorio Arranz Olalla;1931-1933;GREGORIO;ARRANZ OLALLA;Soria;DLR;Liberales;CD;80
Miguel Maura Gamazo;1931-1933;MIGUEL;MAURA GAMAZO;Zamora;DLR;Liberales;CD;581
Antonio Jaen Morente;1931-1933;ANTONIO;JAEN MORENTE;Córdoba;DLR;Liberales;CD;450
Jose Reino Caamaño;1931-1933;JOSE;REINO CAAMAÑO;Coruña (La);DLR;Liberales;CD;777
Luis Cornide Quiroga;1931-1933;LUIS;CORNIDE QUIROGA;Coruña (La);Independiente;Liberales;CD;244
Alvaro Figueroa Y Torres;1933-1936;ALVARO;FIGUEROA Y TORRES;Guadalajara;Independiente;Liberales;CD;332
Alvaro Figueroa Y Torres;1936-1939;ALVARO;FIGUEROA Y TORRES;Guadalajara;Independiente;Liberales;CD;332
Angel Osorio Gallardo;1931-1933;ANGEL;OSORIO GALLARDO;Madrid;Independiente;Liberales;CD;676
Santiago Alba Bonifaz;1931-1933;SANTIAGO;ALBA BONIFAZ;Zamora;Independiente;Liberales;CD;20
Luis Cornide Quiroga;1936-1939;LUIS;CORNIDE QUIROGA;Coruña (La);Independiente;Liberales;CD;244
Alvaro Figueroa Y Torres;1931-1933;ALVARO;FIGUEROA Y TORRES;Guadalajara;Liberal Monárquico;Liberales;CD;332
Leopoldo Lopez Y Lopez;1936-1939;LEOPOLDO;LOPEZ Y LOPEZ;Albacete;PRP;Liberales;CD;504
Cirilo Del Rio Rodriguez;1933-1936;CIRILO DEL;RIO RODRIGUEZ;Ciudad Real;PRP;Liberales;CD;790
Rafael Delgado Benitez;1936-1939;RAFAEL;DELGADO BENITEZ;Córdoba;PRP;Liberales;CD;258
Federico Fernandez Castillejo;1936-1939;FEDERICO;FERNANDEZ CASTILLEJO;Córdoba;PRP;Liberales;CD;305
Jose Tomas Rubio Chavarri;1936-1939;JOSE TOMAS;RUBIO CHAVARRI;Córdoba;PRP;Liberales;CD;823
Federico Fernandez Castillejo;1933-1936;FEDERICO;FERNANDEZ CASTILLEJO;Córdoba;PRP;Liberales;CD;305
Jose Tomas Rubio Chavarri;1933-1936;JOSE TOMAS;RUBIO CHAVARRI;Córdoba;PRP;Liberales;CD;823
Gonzalo Muñoz Ruiz;1936-1939;GONZALO;MUÑOZ RUIZ;Granada;PRP;Liberales;CD;645
Joaquin De Urzaiz Y Cadaval;1936-1939;JOAQUIN DE;URZAIZ Y CADAVAL;Huelva;PRP;Liberales;CD;964
Jose Maria Roldan Sanchez De La Fuente;1936-1939;JOSE MARIA;ROLDAN SANCHEZ DE LA FUENTE;Málaga;PRP;Liberales;CD;813
Francisco Javier De Landaburu Fernandez De Betoño;1933-1936;FRANCISCO JAVIER DE;LANDABURU FERNANDEZ DE BETOÑO;Álava;PNV;Nacionalista Vasco;CD;474
Jesus Maria Leizaola Sanchez;1931-1933;JESUS MARIA;LEIZAOLA SANCHEZ;Guipúzcoa;PNV;Nacionalista Vasco;CD;485
Rafael Picavea Leguia;1931-1933;RAFAEL;PICAVEA LEGUIA;Guipúzcoa;PNV;Nacionalista Vasco;CD;733
Juan Antonio Irazusta Muñoa;1933-1936;JUAN ANTONIO;IRAZUSTA MUÑOA;Guipúzcoa;PNV;Nacionalista Vasco;CD;447
Juan Antonio Irazusta Muñoa;1936-1939;JUAN ANTONIO;IRAZUSTA MUÑOA;Guipúzcoa;PNV;Nacionalista Vasco;CD;447
Manuel Irujo Ollo;1933-1936;MANUEL;IRUJO OLLO;Guipúzcoa;PNV;Nacionalista Vasco;CD;448
Manuel Irujo Ollo;1936-1939;MANUEL;IRUJO OLLO;Guipúzcoa;PNV;Nacionalista Vasco;CD;448
Jose Maria Lasarte Arana;1936-1939;JOSE MARIA;LASARTE ARANA;Guipúzcoa;PNV;Nacionalista Vasco;CD;480
Jesus Maria Leizaola Sanchez;1933-1936;JESUS MARIA;LEIZAOLA SANCHEZ;Guipúzcoa;PNV;Nacionalista Vasco;CD;485
Telesforo Monzon Y Ortiz De Urruela;1933-1936;TELESFORO;MONZON Y ORTIZ DE URRUELA;Guipúzcoa;PNV;Nacionalista Vasco;CD;620
Rafael Picavea Leguia;1933-1936;RAFAEL;PICAVEA LEGUIA;Guipúzcoa;PNV;Nacionalista Vasco;CD;733
Rafael Picavea Leguia;1936-1939;RAFAEL;PICAVEA LEGUIA;Guipúzcoa;PNV;Nacionalista Vasco;CD;733
Jose Antonio Aguirre Y Lecube;1931-1933;JOSE ANTONIO;AGUIRRE Y LECUBE;Navarra;PNV;Nacionalista Vasco;CD;16
Jose Antonio Aguirre Y Lecube;1933-1936;JOSE ANTONIO;AGUIRRE Y LECUBE;Vizcaya;PNV;Nacionalista Vasco;CD;16
Jose Antonio Aguirre Y Lecube;1936-1939;JOSE ANTONIO;AGUIRRE Y LECUBE;Vizcaya;PNV;Nacionalista Vasco;CD;16
Juan Antonio De Careaga Y Andueza;1933-1936;JUAN ANTONIO DE;CAREAGA Y ANDUEZA;Vizcaya;PNV;Nacionalista Vasco;CD;189
Jose Horn Areilza;1933-1936;JOSE;HORN AREILZA;Vizcaya;PNV;Nacionalista Vasco;CD;436
Jose Horn Areilza;1936-1939;JOSE;HORN AREILZA;Vizcaya;PNV;Nacionalista Vasco;CD;436
Julio Jauregui Lasanta;1936-1939;JULIO;JAUREGUI LASANTA;Vizcaya;PNV;Nacionalista Vasco;CD;452
Manuel Robles Aranguiz;1933-1936;MANUEL;ROBLES ARANGUIZ;Vizcaya;PNV;Nacionalista Vasco;CD;796
Manuel Robles Aranguiz;1936-1939;MANUEL;ROBLES ARANGUIZ;Vizcaya;PNV;Nacionalista Vasco;CD;796
Heliodoro De La Torre Larrinaga;1933-1936;HELIODORO DE LA;TORRE LARRINAGA;Vizcaya;PNV;Nacionalista Vasco;CD;949
Heliodoro De La Torre Larrinaga;1936-1939;HELIODORO DE LA;TORRE LARRINAGA;Vizcaya;PNV;Nacionalista Vasco;CD;949
Ramon De Vicuña Y Epalza;1933-1936;RAMON DE;VICUÑA Y EPALZA;Vizcaya;PNV;Nacionalista Vasco;CD;997
Francisco Basterrechea Zaldivar;1931-1933;FRANCISCO;BASTERRECHEA ZALDIVAR;Vizcaya;PNV;Nacionalista Vasco;CD;116
Manuel De Eguileor Y Orueta;1931-1933;MANUEL DE;EGUILEOR Y ORUETA;Vizcaya;PNV;Nacionalista Vasco;CD;278
Jose Horn Areilza;1931-1933;JOSE;HORN AREILZA;Vizcaya;PNV;Nacionalista Vasco;CD;436
Manuel Robles Aranguiz;1931-1933;MANUEL;ROBLES ARANGUIZ;Vizcaya;PNV;Nacionalista Vasco;CD;796
Jose Antonio Canals Alvarez;1936-1939;JOSE ANTONIO;CANALS ALVAREZ;Cádiz;Independiente;Republicanos;CD;179
Emilio Gonzalez Lopez;1931-1933;EMILIO;GONZALEZ LOPEZ;Coruña (La);FRG;Galleguista;CI;401
Ramon Suarez Picallo;1931-1933;RAMON;SUAREZ PICALLO;Coruña (La);FRG;Galleguista;CI;925
Antonio Villar Ponte;1931-1933;ANTONIO;VILLAR PONTE;Coruña (La);FRG;Galleguista;CI;1012
Emilio Gonzalez Lopez;1933-1936;EMILIO;GONZALEZ LOPEZ;Coruña (La);FRG;Galleguista;CI;401
Manuel Iglesias Corral;1933-1936;MANUEL;IGLESIAS CORRAL;Coruña (La);FRG;Galleguista;CI;442
Sergio Andion Perez;1931-1933;SERGIO;ANDION PEREZ;Lugo;FRG;Galleguista;CI;63
Luis Peña Novo;1931-1933;LUIS;PEÑA NOVO;Lugo;FRG;Galleguista;CI;707
Roberto Novoa Santos;1931-1933;ROBERTO;NOVOA SANTOS;Coruña (La);FRG;Galleguista;CI;658
Santiago Casares Quiroga;1931-1933;SANTIAGO;CASARES QUIROGA;Coruña (La);FRG;Galleguista;CI;209
Salvador Madariaga Rojo;1931-1933;SALVADOR;MADARIAGA ROJO;Coruña (La);FRG;Galleguista;CI;513
Leandro Pita Romero;1931-1933;LEANDRO;PITA ROMERO;Coruña (La);FRG;Galleguista;CI;741
Alejandro Rodriguez Cadarso;1931-1933;ALEJANDRO;RODRIGUEZ CADARSO;Coruña (La);FRG;Galleguista;CI;800
Antonio Rodriguez Perez;1931-1933;ANTONIO;RODRIGUEZ PEREZ;Coruña (La);FRG;Galleguista;CI;808
Ramon Maria Tenreiro Rodriguez;1931-1933;RAMON MARIA;TENREIRO RODRIGUEZ;Coruña (La);FRG;Galleguista;CI;938
Santiago Casares Quiroga;1933-1936;SANTIAGO;CASARES QUIROGA;Coruña (La);FRG;Galleguista;CI;209
Daniel Vazquez Campo;1931-1933;DANIEL;VAZQUEZ CAMPO;Lugo;FRG;Galleguista;CI;978
Bibiano Fernandez Osorio Tafall;1931-1933;BIBIANO;FERNANDEZ OSORIO TAFALL;Pontevedra;FRG;Galleguista;CI;319
Manuel Varela Radio;1931-1933;MANUEL;VARELA RADIO;Pontevedra;FRG;Galleguista;CI;976
Ramon Suarez Picallo;1936-1939;RAMON;SUAREZ PICALLO;Coruña (La);PG;Galleguista;CI;925
Antonio Villar Ponte;1936-1939;ANTONIO;VILLAR PONTE;Coruña (La);PG;Galleguista;CI;1012
Ramon Otero Pedrayo;1931-1933;RAMON;OTERO PEDRAYO;Orense;PG;Galleguista;CI;678
Antonio Alonso Rios;1936-1939;ANTONIO;ALONSO RIOS;Pontevedra;PG;Galleguista;CI;42
Alfonso Daniel Rodriguez Castelao;1936-1939;ALFONSO DANIEL;RODRIGUEZ CASTELAO;Pontevedra;PG;Galleguista;CI;801
Alfonso Daniel Rodriguez Castelao;1931-1933;ALFONSO DANIEL;RODRIGUEZ CASTELAO;Pontevedra;PG;Galleguista;CI;801
Ramon Viguri Y Ruiz De Olano;1936-1939;RAMON;VIGURI Y RUIZ DE OLANO;Álava;AR;Republicanos;CI;1002
Fernando Coca Gonzalez Saavedra;1931-1933;FERNANDO;COCA GONZALEZ SAAVEDRA;Albacete;AR;Republicanos;CI;233
Esteban Mirasol Ruiz;1931-1933;ESTEBAN;MIRASOL RUIZ;Albacete;AR;Republicanos;CI;603
Antonio Velao Oñate;1931-1933;ANTONIO;VELAO OÑATE;Albacete;AR;Republicanos;CI;988
Esteban Mirasol Ruiz;1936-1939;ESTEBAN;MIRASOL RUIZ;Albacete;AR;Republicanos;CI;603
Enrique Navarro Esparcia;1936-1939;ENRIQUE;NAVARRO ESPARCIA;Albacete;AR;Republicanos;CI;649
Juan Jose Cremades Fons;1936-1939;JUAN JOSE;CREMADES FONS;Alicante;AR;Republicanos;CI;249
Carlos Espla Rizo;1936-1939;CARLOS;ESPLA RIZO;Alicante;AR;Republicanos;CI;288
Eliseo Gomez Serrano;1936-1939;ELISEO;GOMEZ SERRANO;Alicante;AR;Republicanos;CI;396
Augusto Barcia Y Trelles;1936-1939;AUGUSTO;BARCIA Y TRELLES;Almería;AR;Republicanos;CI;103
Juan Company Jimenez;1936-1939;JUAN;COMPANY JIMENEZ;Almería;AR;Republicanos;CI;238
Augusto Barcia Y Trelles;1933-1936;AUGUSTO;BARCIA Y TRELLES;Almería;AR;Republicanos;CI;103
Claudio Sanchez Albornoz Menduiña;1931-1933;CLAUDIO;SANCHEZ ALBORNOZ MENDUIÑA;Ávila;AR;Republicanos;CI;865
Claudio Sanchez Albornoz Menduiña;1936-1939;CLAUDIO;SANCHEZ ALBORNOZ MENDUIÑA;Ávila;AR;Republicanos;CI;865
Claudio Sanchez Albornoz Menduiña;1933-1936;CLAUDIO;SANCHEZ ALBORNOZ MENDUIÑA;Ávila;AR;Republicanos;CI;865
Jesus De Miguel Lancho;1936-1939;JESUS DE;MIGUEL LANCHO;Badajoz;AR;Republicanos;CI;597
Miguel Muñoz Gonzalez De Ocampo;1936-1939;MIGUEL;MUÑOZ GONZALEZ DE OCAMPO;Badajoz;AR;Republicanos;CI;643
Vicente Sol Sanchez;1936-1939;VICENTE;SOL SANCHEZ;Badajoz;AR;Republicanos;CI;915
Francisco Carreras Reura;1931-1933;FRANCISCO;CARRERAS REURA;Baleares;AR;Republicanos;CI;198
Faustino Ballve Pallicer;1936-1939;FAUSTINO;BALLVE PALLICER;Barcelona;AR;Republicanos;CI;100
Moises Barrio Duque;1936-1939;MOISES;BARRIO DUQUE;Burgos;AR;Republicanos;CI;111
Eliseo Cuadrado Garcia;1936-1939;ELISEO;CUADRADO GARCIA;Burgos;AR;Republicanos;CI;253
Jose Giral Pereira;1936-1939;JOSE;GIRAL PEREIRA;Cáceres;AR;Republicanos;CI;384
Luis Martinez Carvajal;1936-1939;LUIS;MARTINEZ CARVAJAL;Cáceres;AR;Republicanos;CI;552
Fermin Aranda Y Fernandez Caballero;1931-1933;FERMIN;ARANDA Y FERNANDEZ CABALLERO;Cádiz;AR;Republicanos;CI;70
Adolfo Chacon De La Mata;1931-1933;ADOLFO;CHACON DE LA MATA;Cádiz;AR;Republicanos;CI;228
Manuel Moreno Mendoza;1931-1933;MANUEL;MORENO MENDOZA;Cádiz;AR;Republicanos;CI;632
Emilio De Sola Y Ramos;1931-1933;EMILIO DE;SOLA Y RAMOS;Cádiz;AR;Republicanos;CI;917
Francisco Aguado De Miguel;1936-1939;FRANCISCO;AGUADO DE MIGUEL;Cádiz;AR;Republicanos;CI;12
Manuel Muñoz Martinez;1936-1939;MANUEL;MUÑOZ MARTINEZ;Cádiz;AR;Republicanos;CI;644
Jose Royo Gomez;1931-1933;JOSE;ROYO GOMEZ;Castellón;AR;Republicanos;CI;820
Francisco Casas Sala;1936-1939;FRANCISCO;CASAS SALA;Castellón;AR;Republicanos;CI;211
Vicente Fe Castell;1936-1939;VICENTE;FE CASTELL;Castellón;AR;Republicanos;CI;300
Gumersindo Alberca Montoya;1931-1933;GUMERSINDO;ALBERCA MONTOYA;Ciudad Real;AR;Republicanos;CI;22
Antonio Jaen Morente;1936-1939;ANTONIO;JAEN MORENTE;Córdoba;AR;Republicanos;CI;450
Ramon Rubio Vicenti;1936-1939;RAMON;RUBIO VICENTI;Córdoba;AR;Republicanos;CI;827
Jose Calviño Dominguez;1936-1939;JOSE;CALVIÑO DOMINGUEZ;Coruña (La);AR;Republicanos;CI;169
Santiago Casares Quiroga;1936-1939;SANTIAGO;CASARES QUIROGA;Coruña (La);AR;Republicanos;CI;209
Emilio Gonzalez Lopez;1936-1939;EMILIO;GONZALEZ LOPEZ;Coruña (La);AR;Republicanos;CI;401
Manuel Guzman Garcia;1936-1939;MANUEL;GUZMAN GARCIA;Coruña (La);AR;Republicanos;CI;429
Alfredo Somoza Gutierrez;1936-1939;ALFREDO;SOMOZA GUTIERREZ;Coruña (La);AR;Republicanos;CI;919
Victorino Veiga Gonzalez;1936-1939;VICTORINO;VEIGA GONZALEZ;Coruña (La);AR;Republicanos;CI;987
Albino Lasso Conde;1936-1939;ALBINO;LASSO CONDE;Cuenca;AR;Republicanos;CI;481
Aurelio Lopez Malo Andres;1936-1939;AURELIO;LOPEZ MALO ANDRES;Cuenca;AR;Republicanos;CI;498
Jose Palanco Romero;1936-1939;JOSE;PALANCO ROMERO;Granada;AR;Republicanos;CI;688
Miguel Rodriguez Molina;1936-1939;MIGUEL;RODRIGUEZ MOLINA;Granada;AR;Republicanos;CI;807
Jose Serrano Batanero;1931-1933;JOSE;SERRANO BATANERO;Guadalajara;AR;Republicanos;CI;905
Mariano Anso Zunzarren;1936-1939;MARIANO;ANSO ZUNZARREN;Guipúzcoa;AR;Republicanos;CI;65
Ildefonso Beltran Pueyo;1936-1939;ILDEFONSO;BELTRAN PUEYO;Huelva;AR;Republicanos;CI;124
Casimiro Lana Sarrate;1936-1939;CASIMIRO;LANA SARRATE;Huelva;AR;Republicanos;CI;473
Pedro Fernandez Hernandez;1936-1939;PEDRO;FERNANDEZ HERNANDEZ;Jaén;AR;Republicanos;CI;313
Victoria Kent Siano;1936-1939;VICTORIA;KENT SIANO;Jaén;AR;Republicanos;CI;467
Gabriel Franco Lopez;1931-1933;GABRIEL;FRANCO LOPEZ;León;AR;Republicanos;CI;340
Gabriel Franco Lopez;1936-1939;GABRIEL;FRANCO LOPEZ;León;AR;Republicanos;CI;340
Luis Bello Trompeta;1933-1936;LUIS;BELLO TROMPETA;Lérida;AR;Republicanos;CI;123
Amos Salvador Saenz Y Carreras;1933-1936;AMOS;SALVADOR SAENZ Y CARRERAS;Logroño;AR;Republicanos;CI;859
Amos Salvador Saenz Y Carreras;1936-1939;AMOS;SALVADOR SAENZ Y CARRERAS;Logroño;AR;Republicanos;CI;859
Jose Maria Diaz Y Diaz Villamil;1936-1939;JOSE MARIA;DIAZ Y DIAZ VILLAMIL;Lugo;AR;Republicanos;CI;267
Roberto Ouro Vazquez;1936-1939;ROBERTO;OURO VAZQUEZ;Lugo;AR;Republicanos;CI;679
Luis Bello Trompeta;1931-1933;LUIS;BELLO TROMPETA;Madrid;AR;Republicanos;CI;123
Luis Fernandez Clerigo;1931-1933;LUIS;FERNANDEZ CLERIGO;Madrid;AR;Republicanos;CI;306
Pedro Rico Lopez;1931-1933;PEDRO;RICO LOPEZ;Madrid;AR;Republicanos;CI;786
Manuel Azaña Diaz;1936-1939;MANUEL;AZAÑA DIAZ;Madrid;AR;Republicanos;CI;89
Roberto Escribano Iglesias;1936-1939;ROBERTO;ESCRIBANO IGLESIAS;Madrid;AR;Republicanos;CI;284
Luis Fernandez Clerigo;1936-1939;LUIS;FERNANDEZ CLERIGO;Madrid;AR;Republicanos;CI;306
Leandro Perez Urria;1936-1939;LEANDRO;PEREZ URRIA;Madrid;AR;Republicanos;CI;726
Enrique Ramos Ramos;1936-1939;ENRIQUE;RAMOS RAMOS;Madrid;AR;Republicanos;CI;772
Antonio Velao Oñate;1936-1939;ANTONIO;VELAO OÑATE;Madrid;AR;Republicanos;CI;988
Enrique Ramos Ramos;1931-1933;ENRIQUE;RAMOS RAMOS;Málaga;AR;Republicanos;CI;772
Emilio Baeza Medina;1936-1939;EMILIO;BAEZA MEDINA;Málaga;AR;Republicanos;CI;97
Federico Casamayor Toscano;1936-1939;FEDERICO;CASAMAYOR TOSCANO;Málaga;AR;Republicanos;CI;204
Luis Velasco Damas;1936-1939;LUIS;VELASCO DAMAS;Málaga;AR;Republicanos;CI;990
Gonzalo Figueroa O'neill;1931-1933;GONZALO;FIGUEROA O'NEILL;Murcia;AR;Republicanos;CI;329
Mariano Ruiz Funes Garcia;1931-1933;MARIANO;RUIZ FUNES GARCIA;Murcia;AR;Republicanos;CI;835
Jose Diaz Fernandez;1936-1939;JOSE;DIAZ FERNANDEZ;Murcia;AR;Republicanos;CI;264
Alfonso Ruiz Blazquez;1936-1939;ALFONSO;RUIZ BLAZQUEZ;Murcia;AR;Republicanos;CI;830
Felix Templado Martinez;1936-1939;FELIX;TEMPLADO MARTINEZ;Murcia;AR;Republicanos;CI;937
Mariano Anso Zunzarren;1931-1933;MARIANO;ANSO ZUNZARREN;Navarra;AR;Republicanos;CI;65
Manuel Martinez Risco Y Macias;1931-1933;MANUEL;MARTINEZ RISCO Y MACIAS;Orense;AR;Republicanos;CI;568
Manuel Martinez Risco Y Macias;1936-1939;MANUEL;MARTINEZ RISCO Y MACIAS;Orense;AR;Republicanos;CI;568
Felix Fernandez Vega;1936-1939;FELIX;FERNANDEZ VEGA;Oviedo;AR;Republicanos;CI;322
Luis Laredo Vega;1936-1939;LUIS;LAREDO VEGA;Oviedo;AR;Republicanos;CI;478
Jose Maldonado Gonzalez;1936-1939;JOSE;MALDONADO GONZALEZ;Oviedo;AR;Republicanos;CI;519
Angel Menendez Suarez;1936-1939;ANGEL;MENENDEZ SUAREZ;Oviedo;AR;Republicanos;CI;590
Matias Peñalba Alonso De Ojeda;1931-1933;MATIAS;PEÑALBA ALONSO DE OJEDA;Palencia;AR;Republicanos;CI;708
Bibiano Fernandez Osorio Tafall;1936-1939;BIBIANO;FERNANDEZ OSORIO TAFALL;Pontevedra;AR;Republicanos;CI;319
Alejandro Viana Esperon;1936-1939;ALEJANDRO;VIANA ESPERON;Pontevedra;AR;Republicanos;CI;996
Elpidio Villaverde Rey;1936-1939;ELPIDIO;VILLAVERDE REY;Pontevedra;AR;Republicanos;CI;1015
Joaquin Poza Juncal;1931-1933;JOAQUIN;POZA JUNCAL;Pontevedra;AR;Republicanos;CI;747
Casto Prieto Carrasco;1936-1939;CASTO;PRIETO CARRASCO;Salamanca;AR;Republicanos;CI;751
Luis Rodriguez Figueroa;1936-1939;LUIS;RODRIGUEZ FIGUEROA;Santa Cruz de Tenerife;AR;Republicanos;CI;805
Ramon Ruiz Rebollo;1936-1939;RAMON;RUIZ REBOLLO;Santander;AR;Republicanos;CI;838
Juan Maria Aguilar Calvo;1936-1939;JUAN MARIA;AGUILAR CALVO;Sevilla;AR;Republicanos;CI;14
Manuel Perez Jofre De Villegas;1936-1939;MANUEL;PEREZ JOFRE DE VILLEGAS;Sevilla;AR;Republicanos;CI;721
Ricardo Crespo Romero;1931-1933;RICARDO;CRESPO ROMERO;Sevilla;AR;Republicanos;CI;251
Jose Dominguez Barbero;1931-1933;JOSE;DOMINGUEZ BARBERO;Sevilla;AR;Republicanos;CI;274
Miguel Garcia Bravo Ferrer;1931-1933;MIGUEL;GARCIA BRAVO FERRER;Sevilla;AR;Republicanos;CI;356
Ramon Gonzalez Sicilia Y De La Corte;1931-1933;RAMON;GONZALEZ SICILIA Y DE LA CORTE;Sevilla;AR;Republicanos;CI;407
Diego Martinez Barrio;1931-1933;DIEGO;MARTINEZ BARRIO;Sevilla;AR;Republicanos;CI;550
Marcelino Domingo Sanjuan;1936-1939;MARCELINO;DOMINGO SANJUAN;Tarragona;AR;Republicanos;CI;272
Jose Pardo Gayoso;1936-1939;JOSE;PARDO GAYOSO;Teruel;AR;Republicanos;CI;694
Gregorio Vilatela Abad;1936-1939;GREGORIO;VILATELA ABAD;Teruel;AR;Republicanos;CI;1003
Manuel Alvarez Ugena Y Sanchez Tembleque;1936-1939;MANUEL;ALVAREZ UGENA Y SANCHEZ TEMBLEQUE;Toledo;AR;Republicanos;CI;56
Emilio Palomo Aguado;1936-1939;EMILIO;PALOMO AGUADO;Toledo;AR;Republicanos;CI;692
Manuel Azaña Diaz;1931-1933;MANUEL;AZAÑA DIAZ;Valencia;AR;Republicanos;CI;89
Julio Just Gimeno;1936-1939;JULIO;JUST GIMENO;Valencia;AR;Republicanos;CI;466
Dario Marcos Cano;1936-1939;DARIO;MARCOS CANO;Valencia;AR;Republicanos;CI;530
Federico Martinez Miñana;1936-1939;FEDERICO;MARTINEZ MIÑANA;Valencia;AR;Republicanos;CI;563
Miguel Perez Martinez;1936-1939;MIGUEL;PEREZ MARTINEZ;Valencia;AR;Republicanos;CI;723
Juan Peset Aleixandre;1936-1939;JUAN;PESET ALEIXANDRE;Valencia;AR;Republicanos;CI;729
Miguel San Andres Castro;1936-1939;MIGUEL;SAN ANDRES CASTRO;Valencia;AR;Republicanos;CI;864
Pedro Vargas Guerendiain;1936-1939;PEDRO;VARGAS GUERENDIAIN;Valencia;AR;Republicanos;CI;977
Isidoro Vergara Castrillon;1931-1933;ISIDORO;VERGARA CASTRILLON;Valladolid;AR;Republicanos;CI;995
Isidoro Vergara Castrillon;1936-1939;ISIDORO;VERGARA CASTRILLON;Valladolid;AR;Republicanos;CI;995
Vicente Sol Sanchez;1931-1933;VICENTE;SOL SANCHEZ;Valladolid;AR;Republicanos;CI;915
Manuel Azaña Diaz;1933-1936;MANUEL;AZAÑA DIAZ;Vizcaya;AR;Republicanos;CI;89
Mariano Ruiz Funes Garcia;1936-1939;MARIANO;RUIZ FUNES GARCIA;Vizcaya;AR;Republicanos;CI;835
Antonio Moreno Jover;1936-1939;ANTONIO;MORENO JOVER;Zamora;AR;Republicanos;CI;630
Honorato De Castro Bonel;1931-1933;HONORATO DE;CASTRO BONEL;Zaragoza;AR;Republicanos;CI;219
Honorato De Castro Bonel;1936-1939;HONORATO DE;CASTRO BONEL;Zaragoza;AR;Republicanos;CI;219
Mariano Joven Hernandez;1936-1939;MARIANO;JOVEN HERNANDEZ;Zaragoza;AR;Republicanos;CI;461
Mariano Tejero Manero;1936-1939;MARIANO;TEJERO MANERO;Zaragoza;AR;Republicanos;CI;935
Francisco Julia Perello;1931-1933;FRANCISCO;JULIA PERELLO;Baleares;Federalista;Republicanos;CI;463
Felipe Sanchez Roman Y Gallifa;1931-1933;FELIPE;SANCHEZ ROMAN Y GALLIFA;Madrid;Independiente;Republicanos;CI;874
Manuel Dolcet Carmen;1931-1933;MANUEL;DOLCET CARMEN;Barcelona;PRDF;Republicanos;CI;270
Juan Company Jimenez;1931-1933;JUAN;COMPANY JIMENEZ;Almería;PRDF;Republicanos;CI;238
Joaquin Pi Y Arsuaga;1931-1933;JOAQUIN;PI Y ARSUAGA;Barcelona;PRDF;Republicanos;CI;731
Luis Cordero Bel;1936-1939;LUIS;CORDERO BEL;Huelva;PRDF;Republicanos;CI;242
Eugenio Arauz Payardo;1931-1933;EUGENIO;ARAUZ PAYARDO;Madrid;PRDF;Republicanos;CI;73
Melchor Marial Mundet;1931-1933;MELCHOR;MARIAL MUNDET;Madrid;PRDF;Republicanos;CI;534
Rodrigo Soriano Barroeta Aldamar;1931-1933;RODRIGO;SORIANO BARROETA ALDAMAR;Málaga;PRDF;Republicanos;CI;920
Angel Menendez Suarez;1931-1933;ANGEL;MENENDEZ SUAREZ;Oviedo;PRDF;Republicanos;CI;590
Eduardo Barriobero Herran;1931-1933;EDUARDO;BARRIOBERO HERRAN;Oviedo;PRDF;Republicanos;CI;112
Emilio Niembro Gutierrez;1931-1933;EMILIO;NIEMBRO GUTIERREZ;Oviedo;PRDF;Republicanos;CI;655
Angel Sarmiento Gonzalez;1931-1933;ANGEL;SARMIENTO GONZALEZ;Oviedo;PRDF;Republicanos;CI;890
Jose Franchy Roca;1931-1933;JOSE;FRANCHY ROCA;Palmas (Las);PRDF;Republicanos;CI;337
Bernardino Valle Gracia;1931-1933;BERNARDINO;VALLE GRACIA;Palmas (Las);PRDF;Republicanos;CI;973
Bernardino Valle Gracia;1936-1939;BERNARDINO;VALLE GRACIA;Palmas (Las);PRDF;Republicanos;CI;973
Eduardo Perez Iglesias;1931-1933;EDUARDO;PEREZ IGLESIAS;Santander;PRDF;Republicanos;CI;720
Ramon Ruiz Rebollo;1931-1933;RAMON;RUIZ REBOLLO;Santander;PRDF;Republicanos;CI;838
Manuel Hilario Ayuso E Iglesias;1931-1933;MANUEL HILARIO;AYUSO E IGLESIAS;Soria;PRDF;Republicanos;CI;87
Felix Susaeta Y Mardones;1931-1933;FELIX;SUSAETA Y MARDONES;Álava;PRRS;Republicanos;CI;929
Manuel Alcazar Gonzalez Zamorano;1931-1933;MANUEL;ALCAZAR GONZALEZ ZAMORANO;Albacete;PRRS;Republicanos;CI;29
Juan Botella Asensi;1931-1933;JUAN;BOTELLA ASENSI;Alicante;PRRS;Republicanos;CI;155
Jeronimo Gomariz Latorre;1931-1933;JERONIMO;GOMARIZ LATORRE;Alicante;PRRS;Republicanos;CI;386
Julio Maria Lopez Orozco;1931-1933;JULIO MARIA;LOPEZ OROZCO;Alicante;PRRS;Republicanos;CI;499
Antonio Perez Torreblanca;1931-1933;ANTONIO;PEREZ TORREBLANCA;Alicante;PRRS;Republicanos;CI;724
Miguel Granados Ruiz;1931-1933;MIGUEL;GRANADOS RUIZ;Almería;PRRS;Republicanos;CI;417
Nicolas Salmeron Garcia;1931-1933;NICOLAS;SALMERON GARCIA;Almería;PRRS;Republicanos;CI;856
Francisco Barnes Salinas;1931-1933;FRANCISCO;BARNES SALINAS;Ávila;PRRS;Republicanos;CI;107
Jose Salmeron Garcia;1931-1933;JOSE;SALMERON GARCIA;Badajoz;PRRS;Republicanos;CI;855
Gabriel Alomar Villalonga;1931-1933;GABRIEL;ALOMAR VILLALONGA;Baleares;PRRS;Republicanos;CI;38
Angel Segovia Burillo;1931-1933;ANGEL;SEGOVIA BURILLO;Cáceres;PRRS;Republicanos;CI;896
Antonio De La Villa Gutierrez;1931-1933;ANTONIO DE LA;VILLA GUTIERREZ;Cáceres;PRRS;Republicanos;CI;1005
Manuel Muñoz Martinez;1931-1933;MANUEL;MUÑOZ MARTINEZ;Cádiz;PRRS;Republicanos;CI;644
Ramon Navarro Vives;1931-1933;RAMON;NAVARRO VIVES;Cartagena;PRRS;Republicanos;CI;651
Antonio L. Sanchez Prados;1931-1933;ANTONIO L.;SANCHEZ PRADOS;Ceuta;PRRS;Republicanos;CI;873
Eduardo Ortega Y Gasset;1931-1933;EDUARDO;ORTEGA Y GASSET;Ciudad Real;PRRS;Republicanos;CI;672
Joaquin Perez Madrigal;1931-1933;JOAQUIN;PEREZ MADRIGAL;Ciudad Real;PRRS;Republicanos;CI;722
Luis Lopez Doriga Meseguer;1931-1933;LUIS;LOPEZ DORIGA MESEGUER;Granada;PRRS;Republicanos;CI;497
Casimiro Lana Sarrate;1931-1933;CASIMIRO;LANA SARRATE;Huelva;PRRS;Republicanos;CI;473
Felix Gordon Ordas;1931-1933;FELIX;GORDON ORDAS;León;PRRS;Republicanos;CI;412
Felix Gordon Ordas;1933-1936;FELIX;GORDON ORDAS;León;PRRS;Republicanos;CI;412
Isaac Abeytua Perez Iñigo;1931-1933;ISAAC;ABEYTUA PEREZ IÑIGO;Logroño;PRRS;Republicanos;CI;3
Jesus Ruiz Del Rio;1931-1933;JESUS;RUIZ DEL RIO;Logroño;PRRS;Republicanos;CI;832
Victoria Kent Siano;1931-1933;VICTORIA;KENT SIANO;Madrid;PRRS;Republicanos;CI;467
Juan Luis Martin De Antonio;1931-1933;JUAN LUIS;MARTIN DE ANTONIO;Madrid;PRRS;Republicanos;CI;541
Emilio Baeza Medina;1931-1933;EMILIO;BAEZA MEDINA;Málaga;PRRS;Republicanos;CI;97
Jose Maria Martinez Jimenez;1931-1933;JOSE MARIA;MARTINEZ JIMENEZ;Málaga;PRRS;Republicanos;CI;561
Francisco Saval Moris;1931-1933;FRANCISCO;SAVAL MORIS;Málaga;PRRS;Republicanos;CI;893
Francisco Lopez De Goicoechea E Inchaurrandieta;1931-1933;FRANCISCO;LOPEZ DE GOICOECHEA E INCHAURRANDIETA;Murcia;PRRS;Republicanos;CI;495
Jose Moreno Galvache;1931-1933;JOSE;MORENO GALVACHE;Murcia;PRRS;Republicanos;CI;628
Emilio Azarola Gresillon;1931-1933;EMILIO;AZAROLA GRESILLON;Navarra;PRRS;Republicanos;CI;90
Alvaro De Albornoz Y Liminiana;1931-1933;ALVARO DE;ALBORNOZ Y LIMINIANA;Oviedo;PRRS;Republicanos;CI;26
Jose Diaz Fernandez;1931-1933;JOSE;DIAZ FERNANDEZ;Oviedo;PRRS;Republicanos;CI;264
Leopoldo Garcia Alas Y Garcia Arguelles;1931-1933;LEOPOLDO;GARCIA ALAS Y GARCIA ARGUELLES;Oviedo;PRRS;Republicanos;CI;351
Carlos Martinez Y Martinez;1931-1933;CARLOS;MARTINEZ Y MARTINEZ;Oviedo;PRRS;Republicanos;CI;572
Manuel Ruiz De Villa Y P. Carral;1931-1933;MANUEL;RUIZ DE VILLA Y P. CARRAL;Santander;PRRS;Republicanos;CI;831
Gregorio Villarias Lopez;1931-1933;GREGORIO;VILLARIAS LOPEZ;Santander;PRRS;Republicanos;CI;1013
Jose Antonio Balbontin Y Gutierrez;1931-1933;JOSE ANTONIO;BALBONTIN Y GUTIERREZ;Sevilla;PRRS;Republicanos;CI;98
Benito Artigas Arpon;1931-1933;BENITO;ARTIGAS ARPON;Soria;PRRS;Republicanos;CI;83
Jose Berenguer Cros;1931-1933;JOSE;BERENGUER CROS;Tarragona;PRRS;Republicanos;CI;127
Jaime Carner Romeu;1931-1933;JAIME;CARNER ROMEU;Tarragona;PRRS;Republicanos;CI;190
Marcelino Domingo Sanjuan;1931-1933;MARCELINO;DOMINGO SANJUAN;Tarragona;PRRS;Republicanos;CI;272
Juan Loperena Roma;1931-1933;JUAN;LOPERENA ROMA;Tarragona;PRRS;Republicanos;CI;494
Ramon Nogues Y Bizet;1931-1933;RAMON;NOGUES Y BIZET;Tarragona;PRRS;Republicanos;CI;657
Gregorio Vilatela Abad;1931-1933;GREGORIO;VILATELA ABAD;Teruel;PRRS;Republicanos;CI;1003
Jose Ballester Gozalvo;1931-1933;JOSE;BALLESTER GOZALVO;Toledo;PRRS;Republicanos;CI;99
Jose Cano Coloma;1931-1933;JOSE;CANO COLOMA;Valencia;PRRS;Republicanos;CI;182
Miguel San Andres Castro;1931-1933;MIGUEL;SAN ANDRES CASTRO;Valencia;PRRS;Republicanos;CI;864
Fernando Valera Aparicio;1931-1933;FERNANDO;VALERA APARICIO;Valencia;PRRS;Republicanos;CI;970
Pedro Vargas Guerendiain;1931-1933;PEDRO;VARGAS GUERENDIAIN;Valencia;PRRS;Republicanos;CI;977
Vicente Fatras Neira;1931-1933;VICENTE;FATRAS NEIRA;Vizcaya;PRRS;Republicanos;CI;299
Ramon Maria Aldasoro Y Galarza;1931-1933;RAMON MARIA;ALDASORO Y GALARZA;Vizcaya;PRRS;Republicanos;CI;30
Angel Galarza Gago;1931-1933;ANGEL;GALARZA GAGO;Zamora;PRRS;Republicanos;CI;345
Antonio Guallar Poza;1931-1933;ANTONIO;GUALLAR POZA;Zaragoza;PRRS;Republicanos;CI;420
Venancio Sarria Simon;1931-1933;VENANCIO;SARRIA SIMON;Zaragoza;PRRS;Republicanos;CI;892
Francisco Aguado De Miguel;1933-1936;FRANCISCO;AGUADO DE MIGUEL;Cádiz;PRSI;Republicanos;CI;12
Manuel Muñoz Martinez;1933-1936;MANUEL;MUÑOZ MARTINEZ;Cádiz;PRSI;Republicanos;CI;644
Aurelio Ramos Acosta;1933-1936;AURELIO;RAMOS ACOSTA;Málaga;PRSI;Republicanos;CI;769
Maximiliano Martinez Moreno;1936-1939;MAXIMILIANO;MARTINEZ MORENO;Albacete;UR;Republicanos;CI;564
Jeronimo Gomariz Latorre;1936-1939;JERONIMO;GOMARIZ LATORRE;Alicante;UR;Republicanos;CI;386
Alvaro Pascual Leone;1936-1939;ALVARO;PASCUAL LEONE;Almería;UR;Republicanos;CI;700
Fernando Valera Aparicio;1936-1939;FERNANDO;VALERA APARICIO;Badajoz;UR;Republicanos;CI;970
Fulgencio Diez Pastor;1936-1939;FULGENCIO;DIEZ PASTOR;Cáceres;UR;Republicanos;CI;269
Faustino Valentin Torrejon;1936-1939;FAUSTINO;VALENTIN TORREJON;Cáceres;UR;Republicanos;CI;968
Gabriel Gonzalez Taltabull;1936-1939;GABRIEL;GONZALEZ TALTABULL;Cádiz;UR;Republicanos;CI;409
Juan Manuel Sanchez Caballero;1936-1939;JUAN MANUEL;SANCHEZ CABALLERO;Cádiz;UR;Republicanos;CI;866
Francisco Gomez Hidalgo Y Alvarez;1936-1939;FRANCISCO;GOMEZ HIDALGO Y ALVAREZ;Castellón;UR;Republicanos;CI;389
Pedro Rico Lopez;1936-1939;PEDRO;RICO LOPEZ;Córdoba;UR;Republicanos;CI;786
Jose Garcia Ramos Y Segond;1936-1939;JOSE;GARCIA RAMOS Y SEGOND;Coruña (La);UR;Republicanos;CI;367
Jose Miñones Bernardez;1936-1939;JOSE;MIÑONES BERNARDEZ;Coruña (La);UR;Republicanos;CI;600
Ricardo Corro Moncho;1936-1939;RICARDO;CORRO MONCHO;Granada;UR;Republicanos;CI;246
Emilio Martinez Jerez;1936-1939;EMILIO;MARTINEZ JEREZ;Granada;UR;Republicanos;CI;560
Santiago Lopez Rodriguez;1936-1939;SANTIAGO;LOPEZ RODRIGUEZ;Huelva;UR;Republicanos;CI;502
Joaquin Mallo Castan;1936-1939;JOAQUIN;MALLO CASTAN;Huelva;UR;Republicanos;CI;520
Bernardo Giner De Los Rios Garcia;1936-1939;BERNARDO;GINER DE LOS RIOS GARCIA;Jaén;UR;Republicanos;CI;383
Felix Gordon Ordas;1936-1939;FELIX;GORDON ORDAS;León;UR;Republicanos;CI;412
Ricardo Gasset Y Alzugaray;1936-1939;RICARDO;GASSET Y ALZUGARAY;Lugo;UR;Republicanos;CI;375
Diego Martinez Barrio;1936-1939;DIEGO;MARTINEZ BARRIO;Madrid;UR;Republicanos;CI;550
Manuel Torres Campaña;1936-1939;MANUEL;TORRES CAMPAÑA;Madrid;UR;Republicanos;CI;953
Federico Alva Varela;1936-1939;FEDERICO;ALVA VARELA;Málaga;UR;Republicanos;CI;46
Eduardo Frapolli Y Ruiz De La Herran;1936-1939;EDUARDO;FRAPOLLI Y RUIZ DE LA HERRAN;Málaga;UR;Republicanos;CI;341
Luis Barrena Y Alonso De Ojeda;1936-1939;LUIS;BARRENA Y ALONSO DE OJEDA;Melilla;UR;Republicanos;CI;109
Francisco Lopez De Goicoechea E Inchaurrandieta;1936-1939;FRANCISCO;LOPEZ DE GOICOECHEA E INCHAURRANDIETA;Murcia;UR;Republicanos;CI;495
Juan Antonio Mendez Martinez;1936-1939;JUAN ANTONIO;MENDEZ MARTINEZ;Murcia;UR;Republicanos;CI;588
Jose Moreno Galvache;1936-1939;JOSE;MORENO GALVACHE;Murcia;UR;Republicanos;CI;628
Alfonso Pazos Cid;1936-1939;ALFONSO;PAZOS CID;Orense;UR;Republicanos;CI;701
Celestino Poza Cobas;1936-1939;CELESTINO;POZA COBAS;Pontevedra;UR;Republicanos;CI;746
Elfidio Alonso Rodriguez;1936-1939;ELFIDIO;ALONSO RODRIGUEZ;Santa Cruz de Tenerife;UR;Republicanos;CI;43
Arturo Martin De Nicolas Y Garcia;1936-1939;ARTURO;MARTIN DE NICOLAS Y GARCIA;Segovia;UR;Republicanos;CI;542
Manuel Blasco Garzon;1936-1939;MANUEL;BLASCO GARZON;Sevilla;UR;Republicanos;CI;144
Jose Gonzalez Fernandez De La Bandera;1936-1939;JOSE;GONZALEZ FERNANDEZ DE LA BANDERA;Sevilla;UR;Republicanos;CI;399
Ramon Gonzalez Sicilia Y De La Corte;1936-1939;RAMON;GONZALEZ SICILIA Y DE LA CORTE;Sevilla;UR;Republicanos;CI;407
Antonio Lara Zarate;1936-1939;ANTONIO;LARA ZARATE;Sevilla;UR;Republicanos;CI;477
Rafael Pina Milan;1936-1939;RAFAEL;PINA MILAN;Sevilla;UR;Republicanos;CI;736
Benito Artigas Arpon;1936-1939;BENITO;ARTIGAS ARPON;Soria;UR;Republicanos;CI;83
Jose Garcia Berlanga Pardo;1936-1939;JOSE;GARCIA BERLANGA PARDO;Valencia;UR;Republicanos;CI;354
Joaquin La Casta España;1936-1939;JOAQUIN;LA CASTA ESPAÑA;Valencia;UR;Republicanos;CI;468
Modesto Gosalvez Fuentes Manresa;1931-1933;MODESTO;GOSALVEZ FUENTES MANRESA;Cuenca;AN;Conservadores;D;414
Manuel De La Chica Damas;1933-1936;MANUEL DE LA;CHICA DAMAS;Granada;CEDA;Conservadores;D;230
Rafael Montes Diaz;1933-1936;RAFAEL;MONTES DIAZ;Granada;CEDA;Conservadores;D;617
Pedro Acacio Sandoval;1936-1939;PEDRO;ACACIO SANDOVAL;Albacete;CEDA;Conservadores;D;4
Antonio Bernabeu De Yeste;1936-1939;ANTONIO;BERNABEU DE YESTE;Albacete;CEDA;Conservadores;D;132
Rafael Alberola Herrera;1933-1936;RAFAEL;ALBEROLA HERRERA;Alicante;CEDA;Conservadores;D;23
Eusebio Escolano Gonzalvo;1936-1939;EUSEBIO;ESCOLANO GONZALVO;Alicante;CEDA;Conservadores;D;283
Francisco Molto Pascual;1933-1936;FRANCISCO;MOLTO PASCUAL;Alicante;CEDA;Conservadores;D;610
Juan Torres Sala;1936-1939;JUAN;TORRES SALA;Alicante;CEDA;Conservadores;D;955
Juan Torres Sala;1933-1936;JUAN;TORRES SALA;Alicante;CEDA;Conservadores;D;955
Andres Cassinello Barroeta;1933-1936;ANDRES;CASSINELLO BARROETA;Almería;CEDA;Conservadores;D;212
Lorenzo Gallardo Y Gallardo;1933-1936;LORENZO;GALLARDO Y GALLARDO;Almería;CEDA;Conservadores;D;346
Lorenzo Gallardo Y Gallardo;1936-1939;LORENZO;GALLARDO Y GALLARDO;Almería;CEDA;Conservadores;D;346
Luis Jimenez Canga Arguelles;1933-1936;LUIS;JIMENEZ CANGA ARGUELLES;Almería;CEDA;Conservadores;D;454
Luis Jimenez Canga Arguelles;1936-1939;LUIS;JIMENEZ CANGA ARGUELLES;Almería;CEDA;Conservadores;D;454
Benito Davila Sanchez Monje;1933-1936;BENITO;DAVILA SANCHEZ MONJE;Ávila;CEDA;Conservadores;D;256
Benito Davila Sanchez Monje;1936-1939;BENITO;DAVILA SANCHEZ MONJE;Ávila;CEDA;Conservadores;D;256
Robustiano Perez Arroyo;1933-1936;ROBUSTIANO;PEREZ ARROYO;Ávila;CEDA;Conservadores;D;711
Salvador Represa Marazuela;1933-1936;SALVADOR;REPRESA MARAZUELA;Ávila;CEDA;Conservadores;D;778
Salvador Represa Marazuela;1936-1939;SALVADOR;REPRESA MARAZUELA;Ávila;CEDA;Conservadores;D;778
Manuel Jimenez Fernandez;1933-1936;MANUEL;JIMENEZ FERNANDEZ;Badajoz;CEDA;Conservadores;D;456
Francisco De Asis Sanchez Miranda;1933-1936;FRANCISCO DE ASIS;SANCHEZ MIRANDA;Badajoz;CEDA;Conservadores;D;872
Cesar Puget Piquer;1936-1939;CESAR;PUGET PIQUER;Baleares;CEDA;Conservadores;D;756
Juan Pujol Martinez;1936-1939;JUAN;PUJOL MARTINEZ;Baleares;CEDA;Conservadores;D;763
Tomas Salort Y De Olives;1933-1936;TOMAS;SALORT Y DE OLIVES;Baleares;CEDA;Conservadores;D;858
Tomas Salort Y De Olives;1936-1939;TOMAS;SALORT Y DE OLIVES;Baleares;CEDA;Conservadores;D;858
Luis Zaforteza Villalonga;1933-1936;LUIS;ZAFORTEZA VILLALONGA;Baleares;CEDA;Conservadores;D;1021
Jose Ayats Surribas;1933-1936;JOSE;AYATS SURRIBAS;Barcelona;CEDA;Conservadores;D;85
Manuel Bermejillo Martinez;1936-1939;MANUEL;BERMEJILLO MARTINEZ;Burgos;CEDA;Conservadores;D;129
Julio Gonzalo Soto;1936-1939;JULIO;GONZALO SOTO;Burgos;CEDA;Conservadores;D;411
Victor Jose Berjano Gomez;1936-1939;VICTOR JOSE;BERJANO GOMEZ;Cáceres;CEDA;Conservadores;D;128
Adolfo Fernandez Gutierrez;1933-1936;ADOLFO;FERNANDEZ GUTIERREZ;Cáceres;CEDA;Conservadores;D;311
Eduardo Silva Gregorio;1933-1936;EDUARDO;SILVA GREGORIO;Cáceres;CEDA;Conservadores;D;912
Fernando Vega Bermejo;1933-1936;FERNANDO;VEGA BERMEJO;Cáceres;CEDA;Conservadores;D;984
Manuel Garcia Atance;1933-1936;MANUEL;GARCIA ATANCE;Cádiz;CEDA;Conservadores;D;352
Carlos Nuñez Manso;1933-1936;CARLOS;NUÑEZ MANSO;Cádiz;CEDA;Conservadores;D;659
Antonio Marti Olucha;1936-1939;ANTONIO;MARTI OLUCHA;Castellón;CEDA;Conservadores;D;539
Antonio Marti Olucha;1933-1936;ANTONIO;MARTI OLUCHA;Castellón;CEDA;Conservadores;D;539
Ignacio Villalonga Villalba;1936-1939;IGNACIO;VILLALONGA VILLALBA;Castellón;CEDA;Conservadores;D;1007
Ignacio Villalonga Villalba;1933-1936;IGNACIO;VILLALONGA VILLALBA;Castellón;CEDA;Conservadores;D;1007
Francisco Cervera Jimenez Alfaro;1936-1939;FRANCISCO;CERVERA JIMENEZ ALFARO;Ciudad Real;CEDA;Conservadores;D;226
Ramon Diez De Rivera Y Casares;1936-1939;RAMON;DIEZ DE RIVERA Y CASARES;Ciudad Real;CEDA;Conservadores;D;268
Jose Maria De Mateo La Iglesia;1933-1936;JOSE MARIA DE;MATEO LA IGLESIA;Ciudad Real;CEDA;Conservadores;D;577
Jose Maria De Mateo La Iglesia;1936-1939;JOSE MARIA DE;MATEO LA IGLESIA;Ciudad Real;CEDA;Conservadores;D;577
Rafael Melgarejo Tordesillas;1936-1939;RAFAEL;MELGAREJO TORDESILLAS;Ciudad Real;CEDA;Conservadores;D;586
Luis Montes Lopez De La Torre;1933-1936;LUIS;MONTES LOPEZ DE LA TORRE;Ciudad Real;CEDA;Conservadores;D;618
Luis Ruiz Valdepeñas Utrilla;1933-1936;LUIS;RUIZ VALDEPEÑAS UTRILLA;Ciudad Real;CEDA;Conservadores;D;839
Luis Ruiz Valdepeñas Utrilla;1936-1939;LUIS;RUIZ VALDEPEÑAS UTRILLA;Ciudad Real;CEDA;Conservadores;D;839
Miguel Cabrera Castro;1933-1936;MIGUEL;CABRERA CASTRO;Córdoba;CEDA;Conservadores;D;163
Laureano Fernandez Martos;1933-1936;LAUREANO;FERNANDEZ MARTOS;Córdoba;CEDA;Conservadores;D;316
Jose De Medina Togores;1933-1936;JOSE DE;MEDINA TOGORES;Córdoba;CEDA;Conservadores;D;585
Jose Montero Tirado;1933-1936;JOSE;MONTERO TIRADO;Córdoba;CEDA;Conservadores;D;615
Benito Blanco Rajoy Y Espada;1936-1939;BENITO;BLANCO RAJOY Y ESPADA;Coruña (La);CEDA;Conservadores;D;141
Benito Blanco Rajoy Y Espada;1933-1936;BENITO;BLANCO RAJOY Y ESPADA;Coruña (La);CEDA;Conservadores;D;141
Felipe Gil Casares;1933-1936;FELIPE;GIL CASARES;Coruña (La);CEDA;Conservadores;D;379
Felipe Gil Casares;1936-1939;FELIPE;GIL CASARES;Coruña (La);CEDA;Conservadores;D;379
Jose Maria Mendez Gil Brandon;1933-1936;JOSE MARIA;MENDEZ GIL BRANDON;Coruña (La);CEDA;Conservadores;D;587
Jose Maria Mendez Gil Brandon;1936-1939;JOSE MARIA;MENDEZ GIL BRANDON;Coruña (La);CEDA;Conservadores;D;587
Eugenio Vazquez Gundin;1933-1936;EUGENIO;VAZQUEZ GUNDIN;Coruña (La);CEDA;Conservadores;D;979
Manuel Casanova Conderana;1936-1939;MANUEL;CASANOVA CONDERANA;Cuenca;CEDA;Conservadores;D;206
Enrique Cuartero Pascual;1933-1936;ENRIQUE;CUARTERO PASCUAL;Cuenca;CEDA;Conservadores;D;254
Enrique Cuartero Pascual;1936-1939;ENRIQUE;CUARTERO PASCUAL;Cuenca;CEDA;Conservadores;D;254
Jose Fernandez Arroyo Y Caro;1936-1939;JOSE;FERNANDEZ ARROYO Y CARO;Granada;CEDA;Conservadores;D;302
Francisco Herrera Oria;1936-1939;FRANCISCO;HERRERA ORIA;Granada;CEDA;Conservadores;D;434
Carlos Morenilla Blanes;1933-1936;CARLOS;MORENILLA BLANES;Granada;CEDA;Conservadores;D;626
Julio Moreno Davila;1933-1936;JULIO;MORENO DAVILA;Granada;CEDA;Conservadores;D;627
Julio Moreno Davila;1936-1939;JULIO;MORENO DAVILA;Granada;CEDA;Conservadores;D;627
Ramon Ruiz Alonso;1933-1936;RAMON;RUIZ ALONSO;Granada;CEDA;Conservadores;D;829
Ramon Ruiz Alonso;1936-1939;RAMON;RUIZ ALONSO;Granada;CEDA;Conservadores;D;829
Manuel Torres Lopez;1936-1939;MANUEL;TORRES LOPEZ;Granada;CEDA;Conservadores;D;954
Jose Arizcun Moreno;1933-1936;JOSE;ARIZCUN MORENO;Guadalajara;CEDA;Conservadores;D;76
Jose Arizcun Moreno;1936-1939;JOSE;ARIZCUN MORENO;Guadalajara;CEDA;Conservadores;D;76
Felix Valenzuela De Hita;1936-1939;FELIX;VALENZUELA DE HITA;Guadalajara;CEDA;Conservadores;D;969
Francisco Perez De Guzman Y Urzaiz;1936-1939;FRANCISCO;PEREZ DE GUZMAN Y URZAIZ;Huelva;CEDA;Conservadores;D;715
Jose Moncasi Sangenis;1936-1939;JOSE;MONCASI SANGENIS;Huelva;CEDA;Conservadores;D;611
Jose Moreno Torres;1933-1936;JOSE;MORENO TORRES;Jaén;CEDA;Conservadores;D;635
Jose Moreno Torres;1936-1939;JOSE;MORENO TORRES;Jaén;CEDA;Conservadores;D;635
Jose Alberto Palanca Y Martinez Fortun;1933-1936;JOSE ALBERTO;PALANCA Y MARTINEZ FORTUN;Jaén;CEDA;Conservadores;D;687
Antonio Alvarez Robles;1933-1936;ANTONIO;ALVAREZ ROBLES;León;CEDA;Conservadores;D;54
Antonio Alvarez Robles;1936-1939;ANTONIO;ALVAREZ ROBLES;León;CEDA;Conservadores;D;54
Pedro Barrios Caamaño;1936-1939;PEDRO;BARRIOS CAAMAÑO;León;CEDA;Conservadores;D;113
Francisca Bohigas Gavilanes;1933-1936;FRANCISCA;BOHIGAS GAVILANES;León;CEDA;Conservadores;D;147
Cesar Contreras Dueñas;1936-1939;CESAR;CONTRERAS DUEÑAS;León;CEDA;Conservadores;D;240
Pedro Martinez Juarez;1933-1936;PEDRO;MARTINEZ JUAREZ;León;CEDA;Conservadores;D;562
Pedro Martinez Juarez;1936-1939;PEDRO;MARTINEZ JUAREZ;León;CEDA;Conservadores;D;562
Francisco Roa De La Vega;1933-1936;FRANCISCO;ROA DE LA VEGA;León;CEDA;Conservadores;D;795
Antonio Arnedo Monguilan;1936-1939;ANTONIO;ARNEDO MONGUILAN;Logroño;CEDA;Conservadores;D;78
Angeles Gil Albarellos;1933-1936;ANGELES;GIL ALBARELLOS;Logroño;CEDA;Conservadores;D;378
Angeles Gil Albarellos;1936-1939;ANGELES;GIL ALBARELLOS;Logroño;CEDA;Conservadores;D;378
Tomas Ortiz De Solorzano Y Ortiz De La Puente;1936-1939;TOMAS;ORTIZ DE SOLORZANO Y ORTIZ DE LA PUENTE;Logroño;CEDA;Conservadores;D;674
Felipe Lazcano Y Morales De Setien;1933-1936;FELIPE;LAZCANO Y MORALES DE SETIEN;Lugo;CEDA;Conservadores;D;484
Angel Lopez Perez;1933-1936;ANGEL;LOPEZ PEREZ;Lugo;CEDA;Conservadores;D;500
Jose Benito Pardo Y Pardo;1936-1939;JOSE BENITO;PARDO Y PARDO;Lugo;CEDA;Conservadores;D;695
Antonio Bermudez Cañete;1936-1939;ANTONIO;BERMUDEZ CAÑETE;Madrid;CEDA;Conservadores;D;130
Rafael Esparza Garcia;1933-1936;RAFAEL;ESPARZA GARCIA;Madrid;CEDA;Conservadores;D;287
Rafael Esparza Garcia;1936-1939;RAFAEL;ESPARZA GARCIA;Madrid;CEDA;Conservadores;D;287
Luis Fernandez Heredia Y Del Pozo;1933-1936;LUIS;FERNANDEZ HEREDIA Y DEL POZO;Madrid;CEDA;Conservadores;D;312
Luis Fernandez Heredia Y Del Pozo;1936-1939;LUIS;FERNANDEZ HEREDIA Y DEL POZO;Madrid;CEDA;Conservadores;D;312
Jose Maria Hueso Ballester;1933-1936;JOSE MARIA;HUESO BALLESTER;Madrid;CEDA;Conservadores;D;438
Rafael Marin Lazaro;1936-1939;RAFAEL;MARIN LAZARO;Madrid;CEDA;Conservadores;D;536
Javier Martin Artajo Y Alvarez;1933-1936;JAVIER;MARTIN ARTAJO Y ALVAREZ;Madrid;CEDA;Conservadores;D;540
Juan Pujol Martinez;1933-1936;JUAN;PUJOL MARTINEZ;Madrid;CEDA;Conservadores;D;763
Honorio Riesgo Garcia;1933-1936;HONORIO;RIESGO GARCIA;Madrid;CEDA;Conservadores;D;789
Honorio Riesgo Garcia;1936-1939;HONORIO;RIESGO GARCIA;Madrid;CEDA;Conservadores;D;789
Mariano Serrano Mendicute;1936-1939;MARIANO;SERRANO MENDICUTE;Madrid;CEDA;Conservadores;D;907
Bernardo Laude Alvarez;1936-1939;BERNARDO;LAUDE ALVAREZ;Málaga;CEDA;Conservadores;D;482
Jose Ibañez Martin;1933-1936;JOSE;IBAÑEZ MARTIN;Murcia;CEDA;Conservadores;D;440
Antonio Reverte Moreno;1933-1936;ANTONIO;REVERTE MORENO;Murcia;CEDA;Conservadores;D;780
Federico Salmon Amorin;1933-1936;FEDERICO;SALMON AMORIN;Murcia;CEDA;Conservadores;D;857
Rafael Aizpun Santafe;1936-1939;RAFAEL;AIZPUN SANTAFE;Navarra;CEDA;Conservadores;D;18
Rafael Aizpun Santafe;1933-1936;RAFAEL;AIZPUN SANTAFE;Navarra;CEDA;Conservadores;D;18
Miguel Gortari Errea;1936-1939;MIGUEL;GORTARI ERREA;Navarra;CEDA;Conservadores;D;413
Luis Espada Guntin;1936-1939;LUIS;ESPADA GUNTIN;Orense;CEDA;Conservadores;D;286
Laureano Pelaez Canellas;1936-1939;LAUREANO;PELAEZ CANELLAS;Orense;CEDA;Conservadores;D;704
Carlos Taboada Tundidor;1933-1936;CARLOS;TABOADA TUNDIDOR;Orense;CEDA;Conservadores;D;931
Ramon Villarino De Saa;1936-1939;RAMON;VILLARINO DE SAA;Orense;CEDA;Conservadores;D;1014
Romualdo Alvargonzalez Lanquinez;1933-1936;ROMUALDO;ALVARGONZALEZ LANQUINEZ;Oviedo;CEDA;Conservadores;D;58
Romualdo Alvargonzalez Lanquinez;1936-1939;ROMUALDO;ALVARGONZALEZ LANQUINEZ;Oviedo;CEDA;Conservadores;D;58
Bernardo Aza Gonzalez Escalada;1933-1936;BERNARDO;AZA GONZALEZ ESCALADA;Oviedo;CEDA;Conservadores;D;88
Bernardo Aza Gonzalez Escalada;1936-1939;BERNARDO;AZA GONZALEZ ESCALADA;Oviedo;CEDA;Conservadores;D;88
Jose Maria Fernandez Ladreda Y Menendez Valdes;1933-1936;JOSE MARIA;FERNANDEZ LADREDA Y MENENDEZ VALDES;Oviedo;CEDA;Conservadores;D;315
Jose Maria Fernandez Ladreda Y Menendez Valdes;1936-1939;JOSE MARIA;FERNANDEZ LADREDA Y MENENDEZ VALDES;Oviedo;CEDA;Conservadores;D;315
Gonzalo Meras Navia Osorio;1933-1936;GONZALO;MERAS NAVIA OSORIO;Oviedo;CEDA;Conservadores;D;592
Jose Maria Moutas Meras;1933-1936;JOSE MARIA;MOUTAS MERAS;Oviedo;CEDA;Conservadores;D;638
Jose Maria Moutas Meras;1936-1939;JOSE MARIA;MOUTAS MERAS;Oviedo;CEDA;Conservadores;D;638
Eduardo Piñan Y Malvar;1933-1936;EDUARDO;PIÑAN Y MALVAR;Oviedo;CEDA;Conservadores;D;737
Ricardo Cortes Villasana;1931-1933;RICARDO;CORTES VILLASANA;Palencia;CEDA;Conservadores;D;247
Ricardo Cortes Villasana;1933-1936;RICARDO;CORTES VILLASANA;Palencia;CEDA;Conservadores;D;247
Ricardo Cortes Villasana;1936-1939;RICARDO;CORTES VILLASANA;Palencia;CEDA;Conservadores;D;247
Juan Bautista Guerra Garcia;1936-1939;JUAN BAUTISTA;GUERRA GARCIA;Palencia;CEDA;Conservadores;D;423
Jose Mesa Lopez;1933-1936;JOSE;MESA LOPEZ;Palmas (Las);CEDA;Conservadores;D;594
Severino Barros De Lis;1936-1939;SEVERINO;BARROS DE LIS;Pontevedra;CEDA;Conservadores;D;115
Severino Barros De Lis;1933-1936;SEVERINO;BARROS DE LIS;Pontevedra;CEDA;Conservadores;D;115
Nicasio Guisasola Dominguez;1933-1936;NICASIO;GUISASOLA DOMINGUEZ;Pontevedra;CEDA;Conservadores;D;426
Victor Lis Quiben;1933-1936;VICTOR;LIS QUIBEN;Pontevedra;CEDA;Conservadores;D;489
Jose Maria Gil Robles Y Quiñones De Leon;1931-1933;JOSE MARIA;GIL ROBLES Y QUIÑONES DE LEON;Salamanca;CEDA;Conservadores;D;380
Candido Casanueva Y Gorjon;1933-1936;CANDIDO;CASANUEVA Y GORJON;Salamanca;CEDA;Conservadores;D;208
Candido Casanueva Y Gorjon;1936-1939;CANDIDO;CASANUEVA Y GORJON;Salamanca;CEDA;Conservadores;D;208
Ernesto Castaño Arevalo;1936-1939;ERNESTO;CASTAÑO AREVALO;Salamanca;CEDA;Conservadores;D;213
Jose Cimas Leal;1933-1936;JOSE;CIMAS LEAL;Salamanca;CEDA;Conservadores;D;232
Jose Cimas Leal;1936-1939;JOSE;CIMAS LEAL;Salamanca;CEDA;Conservadores;D;232
Jose Maria Gil Robles Y Quiñones De Leon;1933-1936;JOSE MARIA;GIL ROBLES Y QUIÑONES DE LEON;Salamanca;CEDA;Conservadores;D;380
Jose Maria Gil Robles Y Quiñones De Leon;1936-1939;JOSE MARIA;GIL ROBLES Y QUIÑONES DE LEON;Salamanca;CEDA;Conservadores;D;380
Ramon Olleros Gregorio;1936-1939;RAMON;OLLEROS GREGORIO;Salamanca;CEDA;Conservadores;D;664
Tomas Cruz Garcia;1933-1936;TOMAS;CRUZ GARCIA;Santa Cruz de Tenerife;CEDA;Conservadores;D;252
Emilio Gonzalez De Mesa Y Suarez;1936-1939;EMILIO;GONZALEZ DE MESA Y SUAREZ;Santa Cruz de Tenerife;CEDA;Conservadores;D;398
Jose Victor Lopez De Vergara Y Larraondo;1936-1939;JOSE VICTOR;LOPEZ DE VERGARA Y LARRAONDO;Santa Cruz de Tenerife;CEDA;Conservadores;D;496
Pablo Ceballos Botin;1936-1939;PABLO;CEBALLOS BOTIN;Santander;CEDA;Conservadores;D;223
Eduardo Perez Del Molino Herrera;1936-1939;EDUARDO;PEREZ DEL MOLINO HERRERA;Santander;CEDA;Conservadores;D;717
Ricardo Sanchez De Movellan Y Gutierrez De Celis;1936-1939;RICARDO;SANCHEZ DE MOVELLAN Y GUTIERREZ DE CELIS;Santander;CEDA;Conservadores;D;869
Jose Maria Valiente Soriano;1933-1936;JOSE MARIA;VALIENTE SORIANO;Santander;CEDA;Conservadores;D;972
Rufino Cano De Rueda;1936-1939;RUFINO;CANO DE RUEDA;Segovia;CEDA;Conservadores;D;183
Juan De Contreras Y Lopez De Ayala;1936-1939;JUAN DE;CONTRERAS Y LOPEZ DE AYALA;Segovia;CEDA;Conservadores;D;241
Manuel Jimenez Fernandez;1936-1939;MANUEL;JIMENEZ FERNANDEZ;Segovia;CEDA;Conservadores;D;456
Manuel Beca Mateos;1933-1936;MANUEL;BECA MATEOS;Sevilla;CEDA;Conservadores;D;120
Jose Luis Illanes Del Rio;1933-1936;JOSE LUIS;ILLANES DEL RIO;Sevilla;CEDA;Conservadores;D;445
Jose Monje Y Bernal;1933-1936;JOSE;MONJE Y BERNAL;Sevilla;CEDA;Conservadores;D;613
Jesus Pabon Y Suarez De Urbina;1933-1936;JESUS;PABON Y SUAREZ DE URBINA;Sevilla;CEDA;Conservadores;D;683
Jesus Pabon Y Suarez De Urbina;1936-1939;JESUS;PABON Y SUAREZ DE URBINA;Sevilla;CEDA;Conservadores;D;683
Jose Rojas Marcos;1933-1936;JOSE;ROJAS MARCOS;Sevilla;CEDA;Conservadores;D;811
Ricardo Moreno Navarrete;1933-1936;RICARDO;MORENO NAVARRETE;Soria;CEDA;Conservadores;D;633
Bartolome Estevan Mata;1936-1939;BARTOLOME;ESTEVAN MATA;Teruel;CEDA;Conservadores;D;291
Jose Maria Julian Gil;1933-1936;JOSE MARIA;JULIAN GIL;Teruel;CEDA;Conservadores;D;464
Jose Maria Julian Gil;1936-1939;JOSE MARIA;JULIAN GIL;Teruel;CEDA;Conservadores;D;464
Miguel Sancho Izquierdo;1933-1936;MIGUEL;SANCHO IZQUIERDO;Teruel;CEDA;Conservadores;D;879
Miguel Sancho Izquierdo;1936-1939;MIGUEL;SANCHO IZQUIERDO;Teruel;CEDA;Conservadores;D;879
Casto Simon Castillo;1933-1936;CASTO;SIMON CASTILLO;Teruel;CEDA;Conservadores;D;914
Dimas Madariaga Almendros;1931-1933;DIMAS;MADARIAGA ALMENDROS;Toledo;CEDA;Conservadores;D;512
Ramon Molina Nieto;1931-1933;RAMON;MOLINA NIETO;Toledo;CEDA;Conservadores;D;607
Dimas Adanez Horcajuelo;1933-1936;DIMAS;ADANEZ HORCAJUELO;Toledo;CEDA;Conservadores;D;9
Dimas Adanez Horcajuelo;1936-1939;DIMAS;ADANEZ HORCAJUELO;Toledo;CEDA;Conservadores;D;9
Felix Avia Garcia;1936-1939;FELIX;AVIA GARCIA;Toledo;CEDA;Conservadores;D;84
Jose Finat Y Escriva De Romani;1933-1936;JOSE;FINAT Y ESCRIVA DE ROMANI;Toledo;CEDA;Conservadores;D;333
Jose Finat Y Escriva De Romani;1936-1939;JOSE;FINAT Y ESCRIVA DE ROMANI;Toledo;CEDA;Conservadores;D;333
Dimas Madariaga Almendros;1933-1936;DIMAS;MADARIAGA ALMENDROS;Toledo;CEDA;Conservadores;D;512
Dimas Madariaga Almendros;1936-1939;DIMAS;MADARIAGA ALMENDROS;Toledo;CEDA;Conservadores;D;512
Jesus Salvador Madero Ortiz Cicuendez;1936-1939;JESUS SALVADOR;MADERO ORTIZ CICUENDEZ;Toledo;CEDA;Conservadores;D;514
Ramon Molina Nieto;1933-1936;RAMON;MOLINA NIETO;Toledo;CEDA;Conservadores;D;607
Ramon Molina Nieto;1936-1939;RAMON;MOLINA NIETO;Toledo;CEDA;Conservadores;D;607
Francisco Javier Bosch Marin;1936-1939;FRANCISCO JAVIER;BOSCH MARIN;Valencia;CEDA;Conservadores;D;153
Francisco Javier Bosch Marin;1933-1936;FRANCISCO JAVIER;BOSCH MARIN;Valencia;CEDA;Conservadores;D;153
Julio Colomer Vidal;1936-1939;JULIO;COLOMER VIDAL;Valencia;CEDA;Conservadores;D;234
Jose Duato Chapa;1936-1939;JOSE;DUATO CHAPA;Valencia;CEDA;Conservadores;D;276
Luis Garcia Guijarro;1936-1939;LUIS;GARCIA GUIJARRO;Valencia;CEDA;Conservadores;D;362
Luis Garcia Guijarro;1933-1936;LUIS;GARCIA GUIJARRO;Valencia;CEDA;Conservadores;D;362
Luis Lucia Lucia;1936-1939;LUIS;LUCIA LUCIA;Valencia;CEDA;Conservadores;D;509
Luis Lucia Lucia;1933-1936;LUIS;LUCIA LUCIA;Valencia;CEDA;Conservadores;D;509
Fernando Oria De Rueda Y Fontan;1933-1936;FERNANDO;ORIA DE RUEDA Y FONTAN;Valencia;CEDA;Conservadores;D;667
German Adanez Horcajuelo;1936-1939;GERMAN;ADANEZ HORCAJUELO;Valladolid;CEDA;Conservadores;D;10
Luciano De La Calzada Rodriguez;1933-1936;LUCIANO DE LA;CALZADA RODRIGUEZ;Valladolid;CEDA;Conservadores;D;171
Luciano De La Calzada Rodriguez;1936-1939;LUCIANO DE LA;CALZADA RODRIGUEZ;Valladolid;CEDA;Conservadores;D;171
Amando Valentin Aguilar;1936-1939;AMANDO;VALENTIN AGUILAR;Valladolid;CEDA;Conservadores;D;967
Geminiano Carrascal Martin;1933-1936;GEMINIANO;CARRASCAL MARTIN;Zamora;CEDA;Conservadores;D;192
Geminiano Carrascal Martin;1936-1939;GEMINIANO;CARRASCAL MARTIN;Zamora;CEDA;Conservadores;D;192
Santiago Guallar Poza;1931-1933;SANTIAGO;GUALLAR POZA;Zaragoza;CEDA;Conservadores;D;421
Mateo Azpeitia Esteban;1933-1936;MATEO;AZPEITIA ESTEBAN;Zaragoza;CEDA;Conservadores;D;94
Miguel Blasco Roncal;1936-1939;MIGUEL;BLASCO RONCAL;Zaragoza;CEDA;Conservadores;D;145
Juan Antonio Cremades Royo;1936-1939;JUAN ANTONIO;CREMADES ROYO;Zaragoza;CEDA;Conservadores;D;250
Santiago Guallar Poza;1933-1936;SANTIAGO;GUALLAR POZA;Zaragoza;CEDA;Conservadores;D;421
Mariano De La Hoz Saldaña;1933-1936;MARIANO DE LA;HOZ SALDAÑA;Zaragoza;CEDA;Conservadores;D;437
Dionisio Perez Viana;1936-1939;DIONISIO;PEREZ VIANA;Zaragoza;CEDA;Conservadores;D;727
Jose Maria Sanchez Ventura;1936-1939;JOSE MARIA;SANCHEZ VENTURA;Zaragoza;CEDA;Conservadores;D;876
Ramon Serrano Suñer;1936-1939;RAMON;SERRANO SUÑER;Zaragoza;CEDA;Conservadores;D;908
Manuel Sierra Pomares;1933-1936;MANUEL;SIERRA POMARES;Zaragoza;CEDA;Conservadores;D;910
Angel Aperribay Y Pita Da Veiga;1933-1936;ANGEL;APERRIBAY Y PITA DA VEIGA;Coruña (La);Independiente;Conservadores;D;67
Alvaro De Figueroa Y Alonso Martinez;1936-1939;ALVARO DE;FIGUEROA Y ALONSO MARTINEZ;Guadalajara;Independiente;Conservadores;D;331
Manuel Saco Rivera;1933-1936;MANUEL;SACO RIVERA;Lugo;Independiente;Conservadores;D;843
Jose Sanjurjo Sacanell;1931-1933;JOSE;SANJURJO SACANELL;Lugo;Independiente;Conservadores;D;881
Mariano Matesanz De La Torre;1933-1936;MARIANO;MATESANZ DE LA TORRE;Madrid;Independiente;Conservadores;D;579
Jose Sanchez Guerra Y Martinez;1931-1933;JOSE;SANCHEZ GUERRA Y MARTINEZ;Madrid;Independiente;Conservadores;D;871
Juan Antonio Perea Martinez;1933-1936;JUAN ANTONIO;PEREA MARTINEZ;Murcia;Independiente;Conservadores;D;710
Agustin Virgili Quintanilla;1933-1936;AGUSTIN;VIRGILI QUINTANILLA;Murcia;Independiente;Conservadores;D;1017
Agustin Virgili Quintanilla;1936-1939;AGUSTIN;VIRGILI QUINTANILLA;Murcia;Independiente;Conservadores;D;1017
Rafael Aizpun Santafe;1931-1933;RAFAEL;AIZPUN SANTAFE;Navarra;Independiente;Conservadores;D;18
Abilio Calderon Rojo;1936-1939;ABILIO;CALDERON ROJO;Palencia;Independiente;Conservadores;D;166
Rufino Cano De Rueda;1931-1933;RUFINO;CANO DE RUEDA;Segovia;Independiente;Conservadores;D;183
Benito Blanco Rajoy Y Espada;1931-1933;BENITO;BLANCO RAJOY Y ESPADA;Coruña (La);Independiente;Conservadores;D;141
Eduardo O'shea Y Verdes Montenegro;1933-1936;EDUARDO;O'SHEA Y VERDES MONTENEGRO;Coruña (La);Independiente;Conservadores;D;661
Juan March Ordinas;1933-1936;JUAN;MARCH ORDINAS;Baleares;PRC;Conservadores;D;526
Juan March Servera;1936-1939;JUAN;MARCH SERVERA;Baleares;PRC;Conservadores;D;527
Pedro Matutes Noguera;1936-1939;PEDRO;MATUTES NOGUERA;Baleares;PRC;Conservadores;D;580
Pedro Matutes Noguera;1933-1936;PEDRO;MATUTES NOGUERA;Baleares;PRC;Conservadores;D;580
Jaime Suau Pons;1936-1939;JAIME;SUAU PONS;Baleares;PRC;Conservadores;D;927
Luis Alemany Pujol;1931-1933;LUIS;ALEMANY PUJOL;Baleares;PRC;Conservadores;D;31
Juan March Ordinas;1931-1933;JUAN;MARCH ORDINAS;Baleares;PRC;Conservadores;D;526
Bartolome Fons Jofre De Villegas;1933-1936;BARTOLOME;FONS JOFRE DE VILLEGAS;Baleares;RI;Conservadores;D;335
Bartolome Fons Jofre De Villegas;1936-1939;BARTOLOME;FONS JOFRE DE VILLEGAS;Baleares;RI;Conservadores;D;335
Lauro Fernandez Y Gonzalez;1931-1933;LAURO;FERNANDEZ Y GONZALEZ;Santander;RI;Conservadores;D;325
Pedro Sainz Rodriguez;1931-1933;PEDRO;SAINZ RODRIGUEZ;Santander;RI;Conservadores;D;847
Gumersindo Rico Gonzalez;1933-1936;GUMERSINDO;RICO GONZALEZ;Lugo;Independiente;Independiente;D;785
Ruperto Gonzalez Negrin;1933-1936;RUPERTO;GONZALEZ NEGRIN;Palmas (Las);Independiente;Independiente;D;403
Antonio Taboada Tundidor;1933-1936;ANTONIO;TABOADA TUNDIDOR;Orense;Agrarios;Agrario;ED;930
Jose Luis De Oriol Y Uriguen;1931-1933;JOSE LUIS DE;ORIOL Y URIGUEN;Álava;CT;Carlista;ED;669
Jose Luis De Oriol Y Uriguen;1933-1936;JOSE LUIS DE;ORIOL Y URIGUEN;Álava;CT;Carlista;ED;669
Jose Luis De Oriol Y Uriguen;1936-1939;JOSE LUIS DE;ORIOL Y URIGUEN;Álava;CT;Carlista;ED;669
Francisco Estevanez Rodriguez;1933-1936;FRANCISCO;ESTEVANEZ RODRIGUEZ;Burgos;CT;Carlista;ED;292
Francisco Estevanez Rodriguez;1931-1933;FRANCISCO;ESTEVANEZ RODRIGUEZ;Burgos;CT;Carlista;ED;292
Francisco Estevanez Rodriguez;1936-1939;FRANCISCO;ESTEVANEZ RODRIGUEZ;Burgos;CT;Carlista;ED;292
Ricardo Gomez Roji;1931-1933;RICARDO;GOMEZ ROJI;Burgos;CT;Carlista;ED;393
Jose Maria Valiente Soriano;1936-1939;JOSE MARIA;VALIENTE SORIANO;Burgos;CT;Carlista;ED;972
Miguel Martinez De Pinillos Saenz;1933-1936;MIGUEL;MARTINEZ DE PINILLOS SAENZ;Cádiz;CT;Carlista;ED;555
Juan J. Palomino Jimenez;1933-1936;JUAN J.;PALOMINO JIMENEZ;Cádiz;CT;Carlista;ED;691
Juan Granell Pascual;1933-1936;JUAN;GRANELL PASCUAL;Castellón;CT;Carlista;ED;418
Jose Maria Arauz De Robles;1936-1939;JOSE MARIA;ARAUZ DE ROBLES;Granada;CT;Carlista;ED;72
Antonio Pildain Zapiain;1931-1933;ANTONIO;PILDAIN ZAPIAIN;Guipúzcoa;CT;Carlista;ED;735
Julio Urquijo Ibarra;1931-1933;JULIO;URQUIJO IBARRA;Guipúzcoa;CT;Carlista;ED;963
Casimiro De Sangenis Bertrand;1933-1936;CASIMIRO DE;SANGENIS BERTRAND;Lérida;CT;Carlista;ED;880
Miguel De Miranda Y Mateo;1933-1936;MIGUEL DE;MIRANDA Y MATEO;Logroño;CT;Carlista;ED;602
Romualdo De Toledo Y Robles;1933-1936;ROMUALDO DE;TOLEDO Y ROBLES;Madrid;CT;Carlista;ED;942
Joaquin Beunza Y Redin;1931-1933;JOAQUIN;BEUNZA Y REDIN;Navarra;CT;Carlista;ED;134
Tomas Dominguez Arevalo;1931-1933;TOMAS;DOMINGUEZ AREVALO;Navarra;CT;Carlista;ED;273
Miguel Gortari Errea;1931-1933;MIGUEL;GORTARI ERREA;Navarra;CT;Carlista;ED;413
Luis Arellano Dihinx;1933-1936;LUIS;ARELLANO DIHINX;Navarra;CT;Carlista;ED;75
Esteban Bilbao Y Eguia;1933-1936;ESTEBAN;BILBAO Y EGUIA;Navarra;CT;Carlista;ED;136
Tomas Dominguez Arevalo;1933-1936;TOMAS;DOMINGUEZ AREVALO;Navarra;CT;Carlista;ED;273
Francisco Javier Martinez De Morentin Lopez;1933-1936;FRANCISCO JAVIER;MARTINEZ DE MORENTIN LOPEZ;Navarra;CT;Carlista;ED;554
Luis Arellano Dihinx;1936-1939;LUIS;ARELLANO DIHINX;Navarra;CT;Carlista;ED;75
Tomas Dominguez Arevalo;1936-1939;TOMAS;DOMINGUEZ AREVALO;Navarra;CT;Carlista;ED;273
Jesus Elizalde Y Sainz De Robles;1936-1939;JESUS;ELIZALDE Y SAINZ DE ROBLES;Navarra;CT;Carlista;ED;279
Francisco Javier Martinez De Morentin Lopez;1936-1939;FRANCISCO JAVIER;MARTINEZ DE MORENTIN LOPEZ;Navarra;CT;Carlista;ED;554
Jose Maria Lamamie De Clairac Y De La Colina;1931-1933;JOSE MARIA;LAMAMIE DE CLAIRAC Y DE LA COLINA;Salamanca;CT;Carlista;ED;470
Jose Maria Lamamie De Clairac Y De La Colina;1933-1936;JOSE MARIA;LAMAMIE DE CLAIRAC Y DE LA COLINA;Salamanca;CT;Carlista;ED;470
Jose Maria Lamamie De Clairac Y De La Colina;1936-1939;JOSE MARIA;LAMAMIE DE CLAIRAC Y DE LA COLINA;Salamanca;CT;Carlista;ED;470
Andres De Arroyo Y Gonzalez De Chaves;1931-1933;ANDRES DE;ARROYO Y GONZALEZ DE CHAVES;Santa Cruz de Tenerife;CT;Carlista;ED;82
Jose Luis Zamanillo Y Gonzalez Camino;1933-1936;JOSE LUIS;ZAMANILLO Y GONZALEZ CAMINO;Santander;CT;Carlista;ED;1023
Gines Martinez Rubio;1933-1936;GINES;MARTINEZ RUBIO;Sevilla;CT;Carlista;ED;569
Gines Martinez Rubio;1936-1939;GINES;MARTINEZ RUBIO;Sevilla;CT;Carlista;ED;569
Domingo Tejera De Quesada;1933-1936;DOMINGO;TEJERA DE QUESADA;Sevilla;CT;Carlista;ED;934
Joaquin Bau Nolla;1933-1936;JOAQUIN;BAU NOLLA;Tarragona;CT;Carlista;ED;118
Joaquin Bau Nolla;1936-1939;JOAQUIN;BAU NOLLA;Tarragona;CT;Carlista;ED;118
Jesus Requejo San Roman;1936-1939;JESUS;REQUEJO SAN ROMAN;Toledo;CT;Carlista;ED;779
Joaquin Manglano Y Cucalo De Montull;1933-1936;JOAQUIN;MANGLANO Y CUCALO DE MONTULL;Valencia;CT;Carlista;ED;521
Marcelino De Oreja Y Elosegui;1931-1933;MARCELINO DE;OREJA Y ELOSEGUI;Vizcaya;CT;Carlista;ED;666
Marcelino De Oreja Y Elosegui;1933-1936;MARCELINO DE;OREJA Y ELOSEGUI;Vizcaya;CT;Carlista;ED;666
Jesus Comin Sagues;1933-1936;JESUS;COMIN SAGUES;Zaragoza;CT;Carlista;ED;236
Javier Ramirez Sinues;1933-1936;JAVIER;RAMIREZ SINUES;Zaragoza;CT;Carlista;ED;768
Jesus Comin Sagues;1936-1939;JESUS;COMIN SAGUES;Zaragoza;CT;Carlista;ED;236
Raimundo Garcia Garcia;1933-1936;RAIMUNDO;GARCIA GARCIA;Navarra;Independiente;Derecha autoritaria;ED;361
Raimundo Garcia Garcia;1936-1939;RAIMUNDO;GARCIA GARCIA;Navarra;Independiente;Derecha autoritaria;ED;361
Jose Del Moral Sanjurjo;1933-1936;JOSE DEL;MORAL SANJURJO;Coruña (La);RE;Derecha autoritaria;ED;621
Ramon De Carranza Y Fernandez Reguera;1933-1936;RAMON DE;CARRANZA Y FERNANDEZ REGUERA;Cádiz;RE;Derecha autoritaria;ED;191
Andres Revuelta Melgarejo;1936-1939;ANDRES;REVUELTA MELGAREJO;Ciudad Real;RE;Derecha autoritaria;ED;782
Antonio Goicoechea Y Cosculluela;1936-1939;ANTONIO;GOICOECHEA Y COSCULLUELA;Cuenca;RE;Derecha autoritaria;ED;385
Antonio Goicoechea Y Cosculluela;1933-1936;ANTONIO;GOICOECHEA Y COSCULLUELA;Cuenca;RE;Derecha autoritaria;ED;385
Ramiro De Maeztu Whitney;1933-1936;RAMIRO DE;MAEZTU WHITNEY;Guipúzcoa;RE;Derecha autoritaria;ED;517
Francisco Roa De La Vega;1936-1939;FRANCISCO;ROA DE LA VEGA;León;RE;Derecha autoritaria;ED;795
Jose Maria Montenegro Soto;1933-1936;JOSE MARIA;MONTENEGRO SOTO;Lugo;RE;Derecha autoritaria;ED;614
Emilio Alfredo Serrano Jover;1933-1936;EMILIO ALFREDO;SERRANO JOVER;Madrid;RE;Derecha autoritaria;ED;906
Jose Gafo Muñiz;1933-1936;JOSE;GAFO MUÑIZ;Navarra;RE;Derecha autoritaria;ED;344
Andres Amado Y Reygondaud De Villebardet;1933-1936;ANDRES;AMADO Y REYGONDAUD DE VILLEBARDET;Orense;RE;Derecha autoritaria;ED;59
Andres Amado Y Reygondaud De Villebardet;1936-1939;ANDRES;AMADO Y REYGONDAUD DE VILLEBARDET;Orense;RE;Derecha autoritaria;ED;59
Jose Calvo Sotelo;1933-1936;JOSE;CALVO SOTELO;Orense;RE;Derecha autoritaria;ED;170
Jose Calvo Sotelo;1936-1939;JOSE;CALVO SOTELO;Orense;RE;Derecha autoritaria;ED;170
Jose Sabucedo Morales;1933-1936;JOSE;SABUCEDO MORALES;Orense;RE;Derecha autoritaria;ED;842
Jose Sabucedo Morales;1936-1939;JOSE;SABUCEDO MORALES;Orense;RE;Derecha autoritaria;ED;842
Fernando Suarez De Tangil Y Angulo;1933-1936;FERNANDO;SUAREZ DE TANGIL Y ANGULO;Palencia;RE;Derecha autoritaria;ED;923
Fernando Suarez De Tangil Y Angulo;1936-1939;FERNANDO;SUAREZ DE TANGIL Y ANGULO;Palencia;RE;Derecha autoritaria;ED;923
Victor Lis Quiben;1936-1939;VICTOR;LIS QUIBEN;Pontevedra;RE;Derecha autoritaria;ED;489
Honorio Maura Gamazo;1933-1936;HONORIO;MAURA GAMAZO;Pontevedra;RE;Derecha autoritaria;ED;582
Pedro Sainz Rodriguez;1933-1936;PEDRO;SAINZ RODRIGUEZ;Santander;RE;Derecha autoritaria;ED;847
Pedro Sainz Rodriguez;1936-1939;PEDRO;SAINZ RODRIGUEZ;Santander;RE;Derecha autoritaria;ED;847
Santiago Fuentes Pila;1933-1936;SANTIAGO;FUENTES PILA;Santander;RE;Derecha autoritaria;ED;342
Santiago Fuentes Pila;1936-1939;SANTIAGO;FUENTES PILA;Santander;RE;Derecha autoritaria;ED;342
Juan Antonio Gamazo Y Abarca;1936-1939;JUAN ANTONIO;GAMAZO Y ABARCA;Valladolid;RE;Derecha autoritaria;ED;348
Rafael Benjumea Burin;1933-1936;RAFAEL;BENJUMEA BURIN;Zaragoza;RE;Derecha autoritaria;ED;126
Ramon De Carranza Y Fernandez Reguera;1936-1939;RAMON DE;CARRANZA Y FERNANDEZ REGUERA;Cádiz;RE;Derecha autoritaria;ED;191
Francisco Moreno Herrera;1933-1936;FRANCISCO;MORENO HERRERA;Cádiz;RE;Derecha autoritaria;ED;629
Jose Maria Peman Pemartin;1933-1936;JOSE MARIA;PEMAN PEMARTIN;Cádiz;RE;Derecha autoritaria;ED;706
Jose Calvo Sotelo;1931-1933;JOSE;CALVO SOTELO;Orense;UM;Derecha autoritaria;ED;170
Jose Antonio Primo De Rivera Y Saenz De Heredia;1933-1936;JOSE ANTONIO;PRIMO DE RIVERA Y SAENZ DE HEREDIA;Cádiz;FE;Fascista;ED;755
Jose Maria Albiñana Sanz;1933-1936;JOSE MARIA;ALBIÑANA SANZ;Burgos;PNE;Fascista;ED;25
Jose Maria Albiñana Sanz;1936-1939;JOSE MARIA;ALBIÑANA SANZ;Burgos;PNE;Fascista;ED;25
Angel Pestaña Nuñez;1936-1939;ANGEL;PESTAÑA NUÑEZ;Cádiz;P. Sindicalista;Anarcosindicalista;EI;730
Pedro Martinez Carton;1936-1939;PEDRO;MARTINEZ CARTON;Badajoz;PCE;Comunista;EI;551
Daniel Ortega Martinez;1936-1939;DANIEL;ORTEGA MARTINEZ;Cádiz;PCE;Comunista;EI;671
Bautista Garcet Granell;1936-1939;BAUTISTA;GARCET GRANELL;Córdoba;PCE;Comunista;EI;350
Jesus Hernandez Tomas;1936-1939;JESUS;HERNANDEZ TOMAS;Córdoba;PCE;Comunista;EI;432
Antonio Pretel Fernandez;1936-1939;ANTONIO;PRETEL FERNANDEZ;Granada;PCE;Comunista;EI;750
Vicente Uribe Galdeano;1936-1939;VICENTE;URIBE GALDEANO;Jaén;PCE;Comunista;EI;961
Jose Diaz Ramos;1936-1939;JOSE;DIAZ RAMOS;Madrid;PCE;Comunista;EI;266
Cayetano Bolivar Escribano;1936-1939;CAYETANO;BOLIVAR ESCRIBANO;Málaga;PCE;Comunista;EI;148
Cayetano Bolivar Escribano;1933-1936;CAYETANO;BOLIVAR ESCRIBANO;Málaga;PCE;Comunista;EI;148
Dolores Ibarruri Gomez;1936-1939;DOLORES;IBARRURI GOMEZ;Oviedo;PCE;Comunista;EI;441
Juan Jose Manso Del Abad;1936-1939;JUAN JOSE;MANSO DEL ABAD;Oviedo;PCE;Comunista;EI;523
Eduardo Suarez Morales;1936-1939;EDUARDO;SUAREZ MORALES;Palmas (Las);PCE;Comunista;EI;924
Adriano Romero Cachinero;1936-1939;ADRIANO;ROMERO CACHINERO;Pontevedra;PCE;Comunista;EI;815
Florencio Sosa Acevedo;1936-1939;FLORENCIO;SOSA ACEVEDO;Santa Cruz de Tenerife;PCE;Comunista;EI;921
Antonio Mije Garcia;1936-1939;ANTONIO;MIJE GARCIA;Sevilla;PCE;Comunista;EI;598
Jose Antonio Uribes Moreno;1936-1939;JOSE ANTONIO;URIBES MORENO;Valencia;PCE;Comunista;EI;962
Leandro Carro Hernaez;1936-1939;LEANDRO;CARRO HERNAEZ;Vizcaya;PCE;Comunista;EI;202
Pedro Aznar Y Seserra;1936-1939;PEDRO;AZNAR Y SESERRA;Barcelona;PCP;Comunista;EI;92
Miguel Valdes Y Valdes;1936-1939;MIGUEL;VALDES Y VALDES;Barcelona;PCP;Comunista;EI;966
Joaquin Maurin Julia;1936-1939;JOAQUIN;MAURIN JULIA;Barcelona;POUM;Comunista;EI;583
Martin Esteve Guau;1931-1933;MARTIN;ESTEVE GUAU;Barcelona;ACR;Catalanista de izquierda;I;293
Luis Nicolau D'olwer;1931-1933;LUIS;NICOLAU D'OLWER;Barcelona;ACR;Catalanista de izquierda;I;654
Luis Nicolau D'olwer;1936-1939;LUIS;NICOLAU D'OLWER;Barcelona;ACR;Catalanista de izquierda;I;654
Eduardo Ragassol Y Sarra;1936-1939;EDUARDO;RAGASSOL Y SARRA;Barcelona;ACR;Catalanista de izquierda;I;766
Martin Esteve Guau;1936-1939;MARTIN;ESTEVE GUAU;Gerona;ACR;Catalanista de izquierda;I;293
Claudio Ametlla Y Coll;1936-1939;CLAUDIO;AMETLLA Y COLL;Barcelona;ACR;Catalanista de izquierda;I;60
Jaime Aguade Miro;1931-1933;JAIME;AGUADE MIRO;Barcelona;ERC;Catalanista de izquierda;I;11
Amadeo Aragay Davi;1931-1933;AMADEO;ARAGAY DAVI;Barcelona;ERC;Catalanista de izquierda;I;68
Amadeo Aragay Davi;1933-1936;AMADEO;ARAGAY DAVI;Barcelona;ERC;Catalanista de izquierda;I;68
Jose Bordas De La Cuesta;1931-1933;JOSE;BORDAS DE LA CUESTA;Barcelona;ERC;Catalanista de izquierda;I;149
Jose Dencas Puigdollers;1931-1933;JOSE;DENCAS PUIGDOLLERS;Barcelona;ERC;Catalanista de izquierda;I;259
Ramon Franco Bahamonde;1931-1933;RAMON;FRANCO BAHAMONDE;Barcelona;ERC;Catalanista de izquierda;I;339
Ventura Gassol Rovira;1931-1933;VENTURA;GASSOL ROVIRA;Barcelona;ERC;Catalanista de izquierda;I;377
Jose Grau Jasans;1931-1933;JOSE;GRAU JASANS;Barcelona;ERC;Catalanista de izquierda;I;419
Amadeo Hurtado Miro;1931-1933;AMADEO;HURTADO MIRO;Barcelona;ERC;Catalanista de izquierda;I;439
Eduardo Layret Foix;1931-1933;EDUARDO;LAYRET FOIX;Barcelona;ERC;Catalanista de izquierda;I;483
Juan Lluhi Vallesca;1931-1933;JUAN;LLUHI VALLESCA;Barcelona;ERC;Catalanista de izquierda;I;492
Ramon Nogues Y Bizet;1936-1939;RAMON;NOGUES Y BIZET;Barcelona;ERC;Catalanista de izquierda;I;657
Domingo Palet Y Barba;1931-1933;DOMINGO;PALET Y BARBA;Barcelona;ERC;Catalanista de izquierda;I;690
Carlos Pi Y Suñer;1931-1933;CARLOS;PI Y SUÑER;Barcelona;ERC;Catalanista de izquierda;I;732
Juan Puig Ferrater;1931-1933;JUAN;PUIG FERRATER;Barcelona;ERC;Catalanista de izquierda;I;759
Jose Riera Punti;1931-1933;JOSE;RIERA PUNTI;Barcelona;ERC;Catalanista de izquierda;I;787
Antonio Maria Sbert Massanet;1931-1933;ANTONIO MARIA;SBERT MASSANET;Barcelona;ERC;Catalanista de izquierda;I;894
Juan Selvas Carne;1931-1933;JUAN;SELVAS CARNE;Barcelona;ERC;Catalanista de izquierda;I;898
Manuel Serra Moret;1931-1933;MANUEL;SERRA MORET;Barcelona;ERC;Catalanista de izquierda;I;904
Jose Suñol Y Garriga;1931-1933;JOSE;SUÑOL Y GARRIGA;Barcelona;ERC;Catalanista de izquierda;I;928
Jose Tarradellas Joan;1931-1933;JOSE;TARRADELLAS JOAN;Barcelona;ERC;Catalanista de izquierda;I;933
Juan Ventosa Roig;1931-1933;JUAN;VENTOSA ROIG;Barcelona;ERC;Catalanista de izquierda;I;994
Antonio Xirau Palau;1931-1933;ANTONIO;XIRAU PALAU;Barcelona;ERC;Catalanista de izquierda;I;1018
Jose Xirau Palau;1931-1933;JOSE;XIRAU PALAU;Barcelona;ERC;Catalanista de izquierda;I;1019
Jaime Aguade Miro;1936-1939;JAIME;AGUADE MIRO;Barcelona;ERC;Catalanista de izquierda;I;11
Martin Barrera Y Masesma;1936-1939;MARTIN;BARRERA Y MASESMA;Barcelona;ERC;Catalanista de izquierda;I;110
Jose Calvet Y Mora;1936-1939;JOSE;CALVET Y MORA;Barcelona;ERC;Catalanista de izquierda;I;168
Luis Companys Jover;1936-1939;LUIS;COMPANYS JOVER;Barcelona;ERC;Catalanista de izquierda;I;239
Pedro Corominas Y Montaña;1936-1939;PEDRO;COROMINAS Y MONTAÑA;Barcelona;ERC;Catalanista de izquierda;I;245
Pedro Ferrer Y Batlle;1936-1939;PEDRO;FERRER Y BATLLE;Barcelona;ERC;Catalanista de izquierda;I;327
Juan Lluhi Vallesca;1936-1939;JUAN;LLUHI VALLESCA;Barcelona;ERC;Catalanista de izquierda;I;492
Jose Maria Masip E Izabal;1936-1939;JOSE MARIA;MASIP E IZABAL;Barcelona;ERC;Catalanista de izquierda;I;575
Pedro Mestres Y Albet;1936-1939;PEDRO;MESTRES Y ALBET;Barcelona;ERC;Catalanista de izquierda;I;596
Pablo Padro Y Canyellas;1936-1939;PABLO;PADRO Y CANYELLAS;Barcelona;ERC;Catalanista de izquierda;I;685
Domingo Palet Y Barba;1936-1939;DOMINGO;PALET Y BARBA;Barcelona;ERC;Catalanista de izquierda;I;690
Mariano Rubio Tuduri;1936-1939;MARIANO;RUBIO TUDURI;Barcelona;ERC;Catalanista de izquierda;I;826
Francisco Senyal Ferrer;1936-1939;FRANCISCO;SENYAL FERRER;Barcelona;ERC;Catalanista de izquierda;I;900
Jose Suñol Y Garriga;1936-1939;JOSE;SUÑOL Y GARRIGA;Barcelona;ERC;Catalanista de izquierda;I;928
Jose Tomas Piera;1936-1939;JOSE;TOMAS PIERA;Barcelona;ERC;Catalanista de izquierda;I;944
Jose Antonio Trabal Y Saus;1936-1939;JOSE ANTONIO;TRABAL Y SAUS;Barcelona;ERC;Catalanista de izquierda;I;956
Jaime Aguade Miro;1933-1936;JAIME;AGUADE MIRO;Barcelona;ERC;Catalanista de izquierda;I;11
Jose Calvet Y Mora;1933-1936;JOSE;CALVET Y MORA;Barcelona;ERC;Catalanista de izquierda;I;168
Luis Companys Jover;1931-1933;LUIS;COMPANYS JOVER;Barcelona;ERC;Catalanista de izquierda;I;239
Luis Companys Jover;1933-1936;LUIS;COMPANYS JOVER;Barcelona;ERC;Catalanista de izquierda;I;239
Jose Grau Jasans;1933-1936;JOSE;GRAU JASANS;Barcelona;ERC;Catalanista de izquierda;I;419
Francisco Macia Llusa;1933-1936;FRANCISCO;MACIA LLUSA;Barcelona;ERC;Catalanista de izquierda;I;511
Jose Mestre Puig;1933-1936;JOSE;MESTRE PUIG;Barcelona;ERC;Catalanista de izquierda;I;595
Domingo Palet Y Barba;1933-1936;DOMINGO;PALET Y BARBA;Barcelona;ERC;Catalanista de izquierda;I;690
Mariano Rubio Tuduri;1933-1936;MARIANO;RUBIO TUDURI;Barcelona;ERC;Catalanista de izquierda;I;826
Francisco Senyal Ferrer;1933-1936;FRANCISCO;SENYAL FERRER;Barcelona;ERC;Catalanista de izquierda;I;900
Jose Suñol Y Garriga;1933-1936;JOSE;SUÑOL Y GARRIGA;Barcelona;ERC;Catalanista de izquierda;I;928
Jose Tomas Piera;1933-1936;JOSE;TOMAS PIERA;Barcelona;ERC;Catalanista de izquierda;I;944
Jose Antonio Trabal Y Saus;1933-1936;JOSE ANTONIO;TRABAL Y SAUS;Barcelona;ERC;Catalanista de izquierda;I;956
Juan Ventosa Roig;1933-1936;JUAN;VENTOSA ROIG;Barcelona;ERC;Catalanista de izquierda;I;994
Salvador Albert Pey;1931-1933;SALVADOR;ALBERT PEY;Gerona;ERC;Catalanista de izquierda;I;24
Alberto De Quintana De Leon;1931-1933;ALBERTO DE;QUINTANA DE LEON;Gerona;ERC;Catalanista de izquierda;I;764
Miguel Santalo Y Parvorell;1931-1933;MIGUEL;SANTALO Y PARVORELL;Gerona;ERC;Catalanista de izquierda;I;884
Juan Casanellas Ibarz;1936-1939;JUAN;CASANELLAS IBARZ;Gerona;ERC;Catalanista de izquierda;I;205
Jose Mascort Ribot;1936-1939;JOSE;MASCORT RIBOT;Gerona;ERC;Catalanista de izquierda;I;574
Jose Puig Pujadas;1936-1939;JOSE;PUIG PUJADAS;Gerona;ERC;Catalanista de izquierda;I;762
Miguel Santalo Y Parvorell;1936-1939;MIGUEL;SANTALO Y PARVORELL;Gerona;ERC;Catalanista de izquierda;I;884
Jose Mascort Ribot;1933-1936;JOSE;MASCORT RIBOT;Gerona;ERC;Catalanista de izquierda;I;574
Jose Sagrera Y Corominas;1933-1936;JOSE;SAGRERA Y COROMINAS;Gerona;ERC;Catalanista de izquierda;I;846
Miguel Santalo Y Parvorell;1933-1936;MIGUEL;SANTALO Y PARVORELL;Gerona;ERC;Catalanista de izquierda;I;884
Manuel Serra Moret;1933-1936;MANUEL;SERRA MORET;Gerona;ERC;Catalanista de izquierda;I;904
Pedro Corominas Y Montaña;1931-1933;PEDRO;COROMINAS Y MONTAÑA;Lérida;ERC;Catalanista de izquierda;I;245
Francisco Macia Llusa;1931-1933;FRANCISCO;MACIA LLUSA;Lérida;ERC;Catalanista de izquierda;I;511
Humberto Torres Barbera;1931-1933;HUMBERTO;TORRES BARBERA;Lérida;ERC;Catalanista de izquierda;I;952
Epifanio Belli Castiel;1933-1936;EPIFANIO;BELLI CASTIEL;Lérida;ERC;Catalanista de izquierda;I;122
Epifanio Belli Castiel;1931-1933;EPIFANIO;BELLI CASTIEL;Lérida;ERC;Catalanista de izquierda;I;122
Francisco De Paula Jene Aixala;1936-1939;FRANCISCO DE PAULA;JENE AIXALA;Lérida;ERC;Catalanista de izquierda;I;453
Ricardo Palacin Soldevilla;1931-1933;RICARDO;PALACIN SOLDEVILLA;Lérida;ERC;Catalanista de izquierda;I;686
Fernando Zulueta Giberga;1936-1939;FERNANDO;ZULUETA GIBERGA;Lérida;ERC;Catalanista de izquierda;I;1025
Juan Bañeres Cateura;1936-1939;JUAN;BAÑERES CATEURA;Lérida;ERC;Catalanista de izquierda;I;101
Ventura Gassol Rovira;1936-1939;VENTURA;GASSOL ROVIRA;Tarragona;ERC;Catalanista de izquierda;I;377
Juan Sentis Nogues;1936-1939;JUAN;SENTIS NOGUES;Tarragona;ERC;Catalanista de izquierda;I;899
Jose Brianso Salvado;1936-1939;JOSE;BRIANSO SALVADO;Tarragona;ERC;Catalanista de izquierda;I;156
Daniel Mangrane Escardo;1933-1936;DANIEL;MANGRANE ESCARDO;Tarragona;ERC;Catalanista de izquierda;I;522
Vicente Marco Miranda;1936-1939;VICENTE;MARCO MIRANDA;Valencia;ERC;Catalanista de izquierda;I;529
Carlos Espla Rizo;1931-1933;CARLOS;ESPLA RIZO;Alicante;RI;Conservadores;I;288
Jose Giral Pereira;1931-1933;JOSE;GIRAL PEREIRA;Cáceres;AR;Republicanos;I;384
Antonio Jimenez Jimenez;1931-1933;ANTONIO;JIMENEZ JIMENEZ;Barcelona;EIF;Republicanos;I;458
Salvador Sediles Moreno;1931-1933;SALVADOR;SEDILES MORENO;Barcelona;EIF;Republicanos;I;895
Roberto Castrovido Sanz;1931-1933;ROBERTO;CASTROVIDO SANZ;Madrid;Independiente;Republicanos;I;221
Luis De Tapia Romero;1931-1933;LUIS DE;TAPIA ROMERO;Madrid;Independiente;Republicanos;I;932
Benito Pabon Y Suarez De Urbina;1936-1939;BENITO;PABON Y SUAREZ DE URBINA;Zaragoza;Independiente;Republicanos;I;684
Juan Ferret Navarro;1933-1936;JUAN;FERRET NAVARRO;Barcelona;PRF;Republicanos;I;328
Melchor Marial Mundet;1933-1936;MELCHOR;MARIAL MUNDET;Gerona;PRF;Republicanos;I;534
Antonio Fabra Ribas;1931-1933;ANTONIO;FABRA RIBAS;Albacete;PSOE;Socialista;I;294
Rodolfo Viñas Arcos;1931-1933;RODOLFO;VIÑAS ARCOS;Albacete;PSOE;Socialista;I;1016
Jose Prat Garcia;1936-1939;JOSE;PRAT GARCIA;Albacete;PSOE;Socialista;I;749
Esteban Martinez Hervas;1933-1936;ESTEBAN;MARTINEZ HERVAS;Albacete;PSOE;Socialista;I;559
Jose Prat Garcia;1933-1936;JOSE;PRAT GARCIA;Albacete;PSOE;Socialista;I;749
Manuel Gonzalez Ramos;1931-1933;MANUEL;GONZALEZ RAMOS;Alicante;PSOE;Socialista;I;405
Rodolfo Llopis Ferrandiz;1931-1933;RODOLFO;LLOPIS FERRANDIZ;Alicante;PSOE;Socialista;I;491
Romualdo Rodriguez De Vera Y Romero;1931-1933;ROMUALDO;RODRIGUEZ DE VERA Y ROMERO;Alicante;PSOE;Socialista;I;803
Gines Ganga Tremiño;1936-1939;GINES;GANGA TREMIÑO;Alicante;PSOE;Socialista;I;349
Salvador Garcia Muñoz;1936-1939;SALVADOR;GARCIA MUÑOZ;Alicante;PSOE;Socialista;I;364
Rodolfo Llopis Ferrandiz;1936-1939;RODOLFO;LLOPIS FERRANDIZ;Alicante;PSOE;Socialista;I;491
Miguel Villalta Gisbert;1936-1939;MIGUEL;VILLALTA GISBERT;Alicante;PSOE;Socialista;I;1008
Manuel Gonzalez Ramos;1933-1936;MANUEL;GONZALEZ RAMOS;Alicante;PSOE;Socialista;I;405
Rodolfo Llopis Ferrandiz;1933-1936;RODOLFO;LLOPIS FERRANDIZ;Alicante;PSOE;Socialista;I;491
Romualdo Rodriguez De Vera Y Romero;1933-1936;ROMUALDO;RODRIGUEZ DE VERA Y ROMERO;Alicante;PSOE;Socialista;I;803
Benigno Ferrer Domingo;1931-1933;BENIGNO;FERRER DOMINGO;Almería;PSOE;Socialista;I;326
Gabriel Pradal Gomez;1931-1933;GABRIEL;PRADAL GOMEZ;Almería;PSOE;Socialista;I;748
Benigno Ferrer Domingo;1936-1939;BENIGNO;FERRER DOMINGO;Almería;PSOE;Socialista;I;326
Gabriel Pradal Gomez;1936-1939;GABRIEL;PRADAL GOMEZ;Almería;PSOE;Socialista;I;748
Rodrigo Almada Rodriguez;1931-1933;RODRIGO;ALMADA RODRIGUEZ;Badajoz;PSOE;Socialista;I;35
Celestino Garcia Santos;1931-1933;CELESTINO;GARCIA SANTOS;Badajoz;PSOE;Socialista;I;369
Manuel Muiño Arroyo;1931-1933;MANUEL;MUIÑO ARROYO;Badajoz;PSOE;Socialista;I;640
Margarita Nelken Mansberger De Paul;1931-1933;MARGARITA;NELKEN MANSBERGER DE PAUL;Badajoz;PSOE;Socialista;I;653
Francisco Nuñez Tomas;1931-1933;FRANCISCO;NUÑEZ TOMAS;Badajoz;PSOE;Socialista;I;660
Narciso Vazquez Lemus;1931-1933;NARCISO;VAZQUEZ LEMUS;Badajoz;PSOE;Socialista;I;980
Narciso Vazquez Torres;1931-1933;NARCISO;VAZQUEZ TORRES;Badajoz;PSOE;Socialista;I;982
Juan Simeon Vidarte Franco Romero;1931-1933;JUAN SIMEON;VIDARTE FRANCO ROMERO;Badajoz;PSOE;Socialista;I;1000
Juan Simeon Vidarte Franco Romero;1933-1936;JUAN SIMEON;VIDARTE FRANCO ROMERO;Badajoz;PSOE;Socialista;I;1000
Jose Aliseda Olivares;1936-1939;JOSE;ALISEDA OLIVARES;Badajoz;PSOE;Socialista;I;34
Margarita Nelken Mansberger De Paul;1936-1939;MARGARITA;NELKEN MANSBERGER DE PAUL;Badajoz;PSOE;Socialista;I;653
Nicolas De Pablo Hernandez;1936-1939;NICOLAS DE;PABLO HERNANDEZ;Badajoz;PSOE;Socialista;I;682
Jose Sosa Hormigo;1936-1939;JOSE;SOSA HORMIGO;Badajoz;PSOE;Socialista;I;922
Juan Simeon Vidarte Franco Romero;1936-1939;JUAN SIMEON;VIDARTE FRANCO ROMERO;Badajoz;PSOE;Socialista;I;1000
Ricardo Zabalza Elorga;1936-1939;RICARDO;ZABALZA ELORGA;Badajoz;PSOE;Socialista;I;1020
Margarita Nelken Mansberger De Paul;1933-1936;MARGARITA;NELKEN MANSBERGER DE PAUL;Badajoz;PSOE;Socialista;I;653
Nicolas De Pablo Hernandez;1933-1936;NICOLAS DE;PABLO HERNANDEZ;Badajoz;PSOE;Socialista;I;682
Pedro Rubio Heredia;1933-1936;PEDRO;RUBIO HEREDIA;Badajoz;PSOE;Socialista;I;824
Julian Zugazagoitia Mendieta;1931-1933;JULIAN;ZUGAZAGOITIA MENDIETA;Badajoz;PSOE;Socialista;I;1024
Alejandro Jaume Rossello;1931-1933;ALEJANDRO;JAUME ROSSELLO;Baleares;PSOE;Socialista;I;451
Angel Samblancat Salanova;1931-1933;ANGEL;SAMBLANCAT SALANOVA;Barcelona;PSOE;Socialista;I;862
Luis Labin Besuita;1936-1939;LUIS;LABIN BESUITA;Burgos;PSOE;Socialista;I;469
Antonio Canales Gonzalez;1931-1933;ANTONIO;CANALES GONZALEZ;Cáceres;PSOE;Socialista;I;177
Juan Canales Gonzalez;1931-1933;JUAN;CANALES GONZALEZ;Cáceres;PSOE;Socialista;I;178
Jose Fernando Gonzalez Uña;1931-1933;JOSE FERNANDO;GONZALEZ UÑA;Cáceres;PSOE;Socialista;I;410
Angel Rubio Muñoz Bocanegra;1931-1933;ANGEL;RUBIO MUÑOZ BOCANEGRA;Cáceres;PSOE;Socialista;I;825
Antonio Sacristan Colas;1931-1933;ANTONIO;SACRISTAN COLAS;Cáceres;PSOE;Socialista;I;844
Pablo Valiente Paredes;1931-1933;PABLO;VALIENTE PAREDES;Cáceres;PSOE;Socialista;I;971
Rafael Bermudo Ardura;1936-1939;RAFAEL;BERMUDO ARDURA;Cáceres;PSOE;Socialista;I;131
Higinio Felipe Granado Valdivia;1936-1939;HIGINIO FELIPE;GRANADO VALDIVIA;Cáceres;PSOE;Socialista;I;416
Luis Romero Solano;1936-1939;LUIS;ROMERO SOLANO;Cáceres;PSOE;Socialista;I;818
Higinio Felipe Granado Valdivia;1933-1936;HIGINIO FELIPE;GRANADO VALDIVIA;Cáceres;PSOE;Socialista;I;416
Luis Romero Solano;1933-1936;LUIS;ROMERO SOLANO;Cáceres;PSOE;Socialista;I;818
Pedro Molpeceres Ramos;1931-1933;PEDRO;MOLPECERES RAMOS;Cádiz;PSOE;Socialista;I;609
Antonio Roma Y Rubies;1931-1933;ANTONIO;ROMA Y RUBIES;Cádiz;PSOE;Socialista;I;814
Juan Antonio Santander Carrasco;1931-1933;JUAN ANTONIO;SANTANDER CARRASCO;Cádiz;PSOE;Socialista;I;885
Rafael Calbo Cuadrado;1936-1939;RAFAEL;CALBO CUADRADO;Cádiz;PSOE;Socialista;I;165
Juan Campos Villagran;1936-1939;JUAN;CAMPOS VILLAGRAN;Cádiz;PSOE;Socialista;I;176
Juan Sapiña Camaro;1931-1933;JUAN;SAPIÑA CAMARO;Castellón;PSOE;Socialista;I;889
Juan Sapiña Camaro;1936-1939;JUAN;SAPIÑA CAMARO;Castellón;PSOE;Socialista;I;889
Manuel Martinez Pedroso;1936-1939;MANUEL;MARTINEZ PEDROSO;Ceuta;PSOE;Socialista;I;567
Antonio Cabrera Toba;1931-1933;ANTONIO;CABRERA TOBA;Ciudad Real;PSOE;Socialista;I;164
Antonio Cañizares Peñalva;1931-1933;ANTONIO;CAÑIZARES PEÑALVA;Ciudad Real;PSOE;Socialista;I;181
Fernando Piñuela Y Romero;1931-1933;FERNANDO;PIÑUELA Y ROMERO;Ciudad Real;PSOE;Socialista;I;739
Antonio Cabrera Toba;1936-1939;ANTONIO;CABRERA TOBA;Ciudad Real;PSOE;Socialista;I;164
Jose Maestro San Jose;1936-1939;JOSE;MAESTRO SAN JOSE;Ciudad Real;PSOE;Socialista;I;516
Marino Saiz Sanchez;1936-1939;MARINO;SAIZ SANCHEZ;Ciudad Real;PSOE;Socialista;I;849
Andres Saborit Colomer;1933-1936;ANDRES;SABORIT COLOMER;Ciudad Real;PSOE;Socialista;I;840
Francisco Azorin Izquierdo;1931-1933;FRANCISCO;AZORIN IZQUIERDO;Córdoba;PSOE;Socialista;I;93
Wenceslao Carrillo Alonso;1931-1933;WENCESLAO;CARRILLO ALONSO;Córdoba;PSOE;Socialista;I;201
Joaquin Garcia Hidalgo Villanueva;1931-1933;JOAQUIN;GARCIA HIDALGO VILLANUEVA;Córdoba;PSOE;Socialista;I;363
Vicente Hernandez Rizo;1931-1933;VICENTE;HERNANDEZ RIZO;Córdoba;PSOE;Socialista;I;431
Juan Moran Bayo;1931-1933;JUAN;MORAN BAYO;Córdoba;PSOE;Socialista;I;623
Gabriel Moron Diaz;1931-1933;GABRIEL;MORON DIAZ;Córdoba;PSOE;Socialista;I;636
Martin Sanz Diez;1931-1933;MARTIN;SANZ DIEZ;Córdoba;PSOE;Socialista;I;888
Francisco Zafra Contreras;1931-1933;FRANCISCO;ZAFRA CONTRERAS;Córdoba;PSOE;Socialista;I;1022
Eduardo Blanco Fernandez;1936-1939;EDUARDO;BLANCO FERNANDEZ;Córdoba;PSOE;Socialista;I;139
Antonio Bujalance Lopez;1936-1939;ANTONIO;BUJALANCE LOPEZ;Córdoba;PSOE;Socialista;I;158
Wenceslao Carrillo Alonso;1936-1939;WENCESLAO;CARRILLO ALONSO;Córdoba;PSOE;Socialista;I;201
Manuel Castro Molina;1936-1939;MANUEL;CASTRO MOLINA;Córdoba;PSOE;Socialista;I;220
Vicente Martin Romera;1936-1939;VICENTE;MARTIN ROMERA;Córdoba;PSOE;Socialista;I;547
Hermenegildo Casas Jimenez;1933-1936;HERMENEGILDO;CASAS JIMENEZ;Córdoba;PSOE;Socialista;I;210
Adolfo Moreno Quesada;1933-1936;ADOLFO;MORENO QUESADA;Córdoba;PSOE;Socialista;I;634
Fernando Vazquez Ocaña;1933-1936;FERNANDO;VAZQUEZ OCAÑA;Córdoba;PSOE;Socialista;I;981
Ramon Beade Mendez;1931-1933;RAMON;BEADE MENDEZ;Coruña (La);PSOE;Socialista;I;119
Jose Mareque Santos;1931-1933;JOSE;MAREQUE SANTOS;Coruña (La);PSOE;Socialista;I;533
Ramon Beade Mendez;1936-1939;RAMON;BEADE MENDEZ;Coruña (La);PSOE;Socialista;I;119
Pedro Longueira Patiño;1936-1939;PEDRO;LONGUEIRA PATIÑO;Coruña (La);PSOE;Socialista;I;493
Edmundo Lorenzo Santiago;1931-1933;EDMUNDO;LORENZO SANTIAGO;Coruña (La);PSOE;Socialista;I;507
Edmundo Lorenzo Santiago;1936-1939;EDMUNDO;LORENZO SANTIAGO;Coruña (La);PSOE;Socialista;I;507
Aurelio Almagro Gracia;1931-1933;AURELIO;ALMAGRO GRACIA;Cuenca;PSOE;Socialista;I;36
Luis Garcia Cubertoret;1936-1939;LUIS;GARCIA CUBERTORET;Cuenca;PSOE;Socialista;I;357
Juan Carreño Vargas;1931-1933;JUAN;CARREÑO VARGAS;Granada;PSOE;Socialista;I;196
Rafael Garcia Duarte Salcedo;1931-1933;RAFAEL;GARCIA DUARTE SALCEDO;Granada;PSOE;Socialista;I;358
Luis Jimenez De Asua;1931-1933;LUIS;JIMENEZ DE ASUA;Granada;PSOE;Socialista;I;455
Manuel Jimenez Garcia De La Serrana;1931-1933;MANUEL;JIMENEZ GARCIA DE LA SERRANA;Granada;PSOE;Socialista;I;457
Fernando De Los Rios Urruti;1931-1933;FERNANDO DE LOS;RIOS URRUTI;Granada;PSOE;Socialista;I;791
Fernando Sainz Ruiz;1931-1933;FERNANDO;SAINZ RUIZ;Granada;PSOE;Socialista;I;848
Aurelio Almagro Gracia;1936-1939;AURELIO;ALMAGRO GRACIA;Granada;PSOE;Socialista;I;36
Ernesto Fernandez Jimenez;1936-1939;ERNESTO;FERNANDEZ JIMENEZ;Granada;PSOE;Socialista;I;314
Anastasio De Gracia Villarrubia;1936-1939;ANASTASIO DE;GRACIA VILLARRUBIA;Granada;PSOE;Socialista;I;415
Nicolas Jimenez Molina;1936-1939;NICOLAS;JIMENEZ MOLINA;Granada;PSOE;Socialista;I;459
Ramon Lamoneda Fernandez;1936-1939;RAMON;LAMONEDA FERNANDEZ;Granada;PSOE;Socialista;I;472
Antonio Martin Garcia;1936-1939;ANTONIO;MARTIN GARCIA;Granada;PSOE;Socialista;I;543
Francisco Menoyo Baños;1936-1939;FRANCISCO;MENOYO BAÑOS;Granada;PSOE;Socialista;I;591
Fernando De Los Rios Urruti;1936-1939;FERNANDO DE LOS;RIOS URRUTI;Granada;PSOE;Socialista;I;791
Francisco De Toro Cuevas;1936-1939;FRANCISCO DE;TORO CUEVAS;Granada;PSOE;Socialista;I;947
Ramon Lamoneda Fernandez;1933-1936;RAMON;LAMONEDA FERNANDEZ;Granada;PSOE;Socialista;I;472
Maria Lejarraga Y Garcia;1933-1936;MARIA;LEJARRAGA Y GARCIA;Granada;PSOE;Socialista;I;486
Fernando De Los Rios Urruti;1933-1936;FERNANDO DE LOS;RIOS URRUTI;Granada;PSOE;Socialista;I;791
Miguel Bargallo Ardevol;1931-1933;MIGUEL;BARGALLO ARDEVOL;Guadalajara;PSOE;Socialista;I;105
Marcelino Martin Gonzalez Del Arco;1931-1933;MARCELINO;MARTIN GONZALEZ DEL ARCO;Guadalajara;PSOE;Socialista;I;545
Enrique De Francisco Jimenez;1931-1933;ENRIQUE DE;FRANCISCO JIMENEZ;Guipúzcoa;PSOE;Socialista;I;338
Miguel Amilibia Machimbarrena;1936-1939;MIGUEL;AMILIBIA MACHIMBARRENA;Guipúzcoa;PSOE;Socialista;I;61
Ramon Gonzalez Peña;1931-1933;RAMON;GONZALEZ PEÑA;Huelva;PSOE;Socialista;I;404
Agustin Marcos Escudero;1931-1933;AGUSTIN;MARCOS ESCUDERO;Huelva;PSOE;Socialista;I;532
Florentino Martinez Torner;1931-1933;FLORENTINO;MARTINEZ TORNER;Huelva;PSOE;Socialista;I;571
Crescenciano Bilbao Castellano;1936-1939;CRESCENCIANO;BILBAO CASTELLANO;Huelva;PSOE;Socialista;I;135
Ramon Gonzalez Peña;1936-1939;RAMON;GONZALEZ PEÑA;Huelva;PSOE;Socialista;I;404
Juan Gutierrez Prieto;1936-1939;JUAN;GUTIERREZ PRIETO;Huelva;PSOE;Socialista;I;428
Crescenciano Bilbao Castellano;1933-1936;CRESCENCIANO;BILBAO CASTELLANO;Huelva;PSOE;Socialista;I;135
Ramon Gonzalez Peña;1933-1936;RAMON;GONZALEZ PEÑA;Huelva;PSOE;Socialista;I;404
Amos Sabras Gurrea;1933-1936;AMOS;SABRAS GURREA;Huelva;PSOE;Socialista;I;841
Juan Tirado Figueroa;1933-1936;JUAN;TIRADO FIGUEROA;Huelva;PSOE;Socialista;I;940
Julian Borderas Pallaruelo;1936-1939;JULIAN;BORDERAS PALLARUELO;Huelva;PSOE;Socialista;I;150
Tomas Alvarez Angulo;1931-1933;TOMAS;ALVAREZ ANGULO;Jaén;PSOE;Socialista;I;47
Jeronimo Bugeda Muñoz;1931-1933;JERONIMO;BUGEDA MUÑOZ;Jaén;PSOE;Socialista;I;157
Andres Domingo Martinez;1931-1933;ANDRES;DOMINGO MARTINEZ;Jaén;PSOE;Socialista;I;271
Enrique Esbri Fernandez;1931-1933;ENRIQUE;ESBRI FERNANDEZ;Jaén;PSOE;Socialista;I;281
Juan Lozano Ruiz;1931-1933;JUAN;LOZANO RUIZ;Jaén;PSOE;Socialista;I;508
Lucio Martinez Gil;1931-1933;LUCIO;MARTINEZ GIL;Jaén;PSOE;Socialista;I;558
Jose Morales Robles;1931-1933;JOSE;MORALES ROBLES;Jaén;PSOE;Socialista;I;622
Alejandro Peris Caruana;1931-1933;ALEJANDRO;PERIS CARUANA;Jaén;PSOE;Socialista;I;728
Jose Piqueras Muñoz;1931-1933;JOSE;PIQUERAS MUÑOZ;Jaén;PSOE;Socialista;I;740
Domingo De La Torre Moya;1931-1933;DOMINGO DE LA;TORRE MOYA;Jaén;PSOE;Socialista;I;950
Tomas Alvarez Angulo;1936-1939;TOMAS;ALVAREZ ANGULO;Jaén;PSOE;Socialista;I;47
Jeronimo Bugeda Muñoz;1936-1939;JERONIMO;BUGEDA MUÑOZ;Jaén;PSOE;Socialista;I;157
Jose Lopez Quero;1936-1939;JOSE;LOPEZ QUERO;Jaén;PSOE;Socialista;I;501
Juan Lozano Ruiz;1936-1939;JUAN;LOZANO RUIZ;Jaén;PSOE;Socialista;I;508
Antonio Pasagali Lobo;1936-1939;ANTONIO;PASAGALI LOBO;Jaén;PSOE;Socialista;I;697
Alejandro Peris Caruana;1936-1939;ALEJANDRO;PERIS CARUANA;Jaén;PSOE;Socialista;I;728
Tomas Alvarez Angulo;1933-1936;TOMAS;ALVAREZ ANGULO;Jaén;PSOE;Socialista;I;47
Jeronimo Bugeda Muñoz;1933-1936;JERONIMO;BUGEDA MUÑOZ;Jaén;PSOE;Socialista;I;157
Juan Lozano Ruiz;1933-1936;JUAN;LOZANO RUIZ;Jaén;PSOE;Socialista;I;508
Miguel Castaño Quiñones;1931-1933;MIGUEL;CASTAÑO QUIÑONES;León;PSOE;Socialista;I;214
Alfredo Nistal Martinez;1931-1933;ALFREDO;NISTAL MARTINEZ;León;PSOE;Socialista;I;656
Amos Sabras Gurrea;1931-1933;AMOS;SABRAS GURREA;Logroño;PSOE;Socialista;I;841
Juan Tizon Herreros;1931-1933;JUAN;TIZON HERREROS;Lugo;PSOE;Socialista;I;941
Amos Acero Perez;1931-1933;AMOS;ACERO PEREZ;Madrid;PSOE;Socialista;I;6
Julian Besteiro Fernandez;1931-1933;JULIAN;BESTEIRO FERNANDEZ;Madrid;PSOE;Socialista;I;133
Manuel Cordero Perez;1931-1933;MANUEL;CORDERO PEREZ;Madrid;PSOE;Socialista;I;243
Antonio Fernandez Quer;1931-1933;ANTONIO;FERNANDEZ QUER;Madrid;PSOE;Socialista;I;320
Trifon Gomez San Jose;1931-1933;TRIFON;GOMEZ SAN JOSE;Madrid;PSOE;Socialista;I;394
Francisco Largo Caballero;1931-1933;FRANCISCO;LARGO CABALLERO;Madrid;PSOE;Socialista;I;479
Andres Ovejero Bustamante;1931-1933;ANDRES;OVEJERO BUSTAMANTE;Madrid;PSOE;Socialista;I;680
Mariano Rojo Gonzalez;1931-1933;MARIANO;ROJO GONZALEZ;Madrid;PSOE;Socialista;I;812
Andres Saborit Colomer;1931-1933;ANDRES;SABORIT COLOMER;Madrid;PSOE;Socialista;I;840
Jose Sanchis Banus;1931-1933;JOSE;SANCHIS BANUS;Madrid;PSOE;Socialista;I;877
Julio Alvarez Del Vayo;1936-1939;JULIO;ALVAREZ DEL VAYO;Madrid;PSOE;Socialista;I;49
Julia Alvarez Resano;1936-1939;JULIA;ALVAREZ RESANO;Madrid;PSOE;Socialista;I;53
Luis Araquistain Quevedo;1936-1939;LUIS;ARAQUISTAIN QUEVEDO;Madrid;PSOE;Socialista;I;71
Julian Besteiro Fernandez;1936-1939;JULIAN;BESTEIRO FERNANDEZ;Madrid;PSOE;Socialista;I;133
Enrique De Francisco Jimenez;1936-1939;ENRIQUE DE;FRANCISCO JIMENEZ;Madrid;PSOE;Socialista;I;338
Carlos Hernandez Zancajo;1936-1939;CARLOS;HERNANDEZ ZANCAJO;Madrid;PSOE;Socialista;I;433
Luis Jimenez De Asua;1936-1939;LUIS;JIMENEZ DE ASUA;Madrid;PSOE;Socialista;I;455
Francisco Largo Caballero;1936-1939;FRANCISCO;LARGO CABALLERO;Madrid;PSOE;Socialista;I;479
Carlos Rubiera Rodriguez;1936-1939;CARLOS;RUBIERA RODRIGUEZ;Madrid;PSOE;Socialista;I;822
Luis Rufilanchas Salcedo;1936-1939;LUIS;RUFILANCHAS SALCEDO;Madrid;PSOE;Socialista;I;828
Manuel Alonso Zapata;1933-1936;MANUEL;ALONSO ZAPATA;Madrid;PSOE;Socialista;I;44
Julio Alvarez Del Vayo;1933-1936;JULIO;ALVAREZ DEL VAYO;Madrid;PSOE;Socialista;I;49
Luis Araquistain Quevedo;1933-1936;LUIS;ARAQUISTAIN QUEVEDO;Madrid;PSOE;Socialista;I;71
Julian Besteiro Fernandez;1933-1936;JULIAN;BESTEIRO FERNANDEZ;Madrid;PSOE;Socialista;I;133
Trifon Gomez San Jose;1933-1936;TRIFON;GOMEZ SAN JOSE;Madrid;PSOE;Socialista;I;394
Anastasio De Gracia Villarrubia;1933-1936;ANASTASIO DE;GRACIA VILLARRUBIA;Madrid;PSOE;Socialista;I;415
Carlos Hernandez Zancajo;1933-1936;CARLOS;HERNANDEZ ZANCAJO;Madrid;PSOE;Socialista;I;433
Luis Jimenez De Asua;1933-1936;LUIS;JIMENEZ DE ASUA;Madrid;PSOE;Socialista;I;455
Francisco Largo Caballero;1933-1936;FRANCISCO;LARGO CABALLERO;Madrid;PSOE;Socialista;I;479
Antonio Mairal Perallos;1933-1936;ANTONIO;MAIRAL PERALLOS;Madrid;PSOE;Socialista;I;518
Lucio Martinez Gil;1933-1936;LUCIO;MARTINEZ GIL;Madrid;PSOE;Socialista;I;558
Juan Negrin Lopez;1933-1936;JUAN;NEGRIN LOPEZ;Madrid;PSOE;Socialista;I;652
Antonio Septien Aladren;1933-1936;ANTONIO;SEPTIEN ALADREN;Madrid;PSOE;Socialista;I;902
Antonio Fernandez Bolaños Mora;1931-1933;ANTONIO;FERNANDEZ BOLAÑOS MORA;Málaga;PSOE;Socialista;I;304
Antonio Garcia Prieto;1931-1933;ANTONIO;GARCIA PRIETO;Málaga;PSOE;Socialista;I;365
Jose Molina Moreno;1931-1933;JOSE;MOLINA MORENO;Málaga;PSOE;Socialista;I;606
Antonio Acuña Carballar;1936-1939;ANTONIO;ACUÑA CARBALLAR;Málaga;PSOE;Socialista;I;7
Luis Dorado Luque;1936-1939;LUIS;DORADO LUQUE;Málaga;PSOE;Socialista;I;275
Antonio Fernandez Bolaños Mora;1936-1939;ANTONIO;FERNANDEZ BOLAÑOS MORA;Málaga;PSOE;Socialista;I;304
Vicente Sarmiento Ruiz;1936-1939;VICENTE;SARMIENTO RUIZ;Málaga;PSOE;Socialista;I;891
Antonio Acuña Carballar;1933-1936;ANTONIO;ACUÑA CARBALLAR;Málaga;PSOE;Socialista;I;7
Antonio Fernandez Bolaños Mora;1933-1936;ANTONIO;FERNANDEZ BOLAÑOS MORA;Málaga;PSOE;Socialista;I;304
Benito Luna Anoria;1933-1936;BENITO;LUNA ANORIA;Málaga;PSOE;Socialista;I;510
Antonio Acuña Carballar;1931-1933;ANTONIO;ACUÑA CARBALLAR;Melilla;PSOE;Socialista;I;7
Luis Prieto Jimenez;1931-1933;LUIS;PRIETO JIMENEZ;Murcia;PSOE;Socialista;I;752
Jose Ruiz Del Toro;1931-1933;JOSE;RUIZ DEL TORO;Murcia;PSOE;Socialista;I;833
Laureano Sanchez Gallego;1931-1933;LAUREANO;SANCHEZ GALLEGO;Murcia;PSOE;Socialista;I;870
Melchor Guerrero Periago;1936-1939;MELCHOR;GUERRERO PERIAGO;Murcia;PSOE;Socialista;I;424
Francisco Felix Montiel Jimenez;1936-1939;FRANCISCO FELIX;MONTIEL JIMENEZ;Murcia;PSOE;Socialista;I;619
Amancio Muñoz Zafra;1936-1939;AMANCIO;MUÑOZ ZAFRA;Murcia;PSOE;Socialista;I;646
Pascual Tomas Taengua;1936-1939;PASCUAL;TOMAS TAENGUA;Murcia;PSOE;Socialista;I;945
Luis Prieto Jimenez;1933-1936;LUIS;PRIETO JIMENEZ;Murcia;PSOE;Socialista;I;752
Jose Ruiz Del Toro;1933-1936;JOSE;RUIZ DEL TORO;Murcia;PSOE;Socialista;I;833
Bienvenido Santos Borrego;1933-1936;BIENVENIDO;SANTOS BORREGO;Murcia;PSOE;Socialista;I;886
Alfonso Quintana Pena;1931-1933;ALFONSO;QUINTANA PENA;Orense;PSOE;Socialista;I;765
Amador Fernandez Montes;1931-1933;AMADOR;FERNANDEZ MONTES;Oviedo;PSOE;Socialista;I;318
Teodomiro Menendez Fernandez;1931-1933;TEODOMIRO;MENENDEZ FERNANDEZ;Oviedo;PSOE;Socialista;I;589
Jose Mouriz Riesgo;1931-1933;JOSE;MOURIZ RIESGO;Oviedo;PSOE;Socialista;I;637
Manuel Vigil Montoto;1931-1933;MANUEL;VIGIL MONTOTO;Oviedo;PSOE;Socialista;I;1001
Graciano Antuña Alvarez;1936-1939;GRACIANO;ANTUÑA ALVAREZ;Oviedo;PSOE;Socialista;I;66
Inocencio Burgos Riestra;1936-1939;INOCENCIO;BURGOS RIESTRA;Oviedo;PSOE;Socialista;I;160
Amador Fernandez Montes;1936-1939;AMADOR;FERNANDEZ MONTES;Oviedo;PSOE;Socialista;I;318
Mariano Moreno Mateo;1936-1939;MARIANO;MORENO MATEO;Oviedo;PSOE;Socialista;I;631
Belarmino Tomas Alvarez;1936-1939;BELARMINO;TOMAS ALVAREZ;Oviedo;PSOE;Socialista;I;943
Matilde De La Torre Gutierrez;1936-1939;MATILDE DE LA;TORRE GUTIERREZ;Oviedo;PSOE;Socialista;I;948
Amador Fernandez Montes;1933-1936;AMADOR;FERNANDEZ MONTES;Oviedo;PSOE;Socialista;I;318
Veneranda Garcia Blanco Manzano;1933-1936;VENERANDA;GARCIA BLANCO MANZANO;Oviedo;PSOE;Socialista;I;355
Teodomiro Menendez Fernandez;1933-1936;TEODOMIRO;MENENDEZ FERNANDEZ;Oviedo;PSOE;Socialista;I;589
Matilde De La Torre Gutierrez;1933-1936;MATILDE DE LA;TORRE GUTIERREZ;Oviedo;PSOE;Socialista;I;948
Crescenciano Aguado Merino;1933-1936;CRESCENCIANO;AGUADO MERINO;Palencia;PSOE;Socialista;I;13
Juan Negrin Lopez;1931-1933;JUAN;NEGRIN LOPEZ;Palmas (Las);PSOE;Socialista;I;652
Marcelino Pascua Martinez;1931-1933;MARCELINO;PASCUA MARTINEZ;Palmas (Las);PSOE;Socialista;I;698
Jose Antonio Junco Toral;1936-1939;JOSE ANTONIO;JUNCO TORAL;Palmas (Las);PSOE;Socialista;I;465
Juan Negrin Lopez;1936-1939;JUAN;NEGRIN LOPEZ;Palmas (Las);PSOE;Socialista;I;652
Eugenio Arbones Castellanzuelo;1931-1933;EUGENIO;ARBONES CASTELLANZUELO;Pontevedra;PSOE;Socialista;I;74
Enrique Heraclio Botana Perez;1931-1933;ENRIQUE HERACLIO;BOTANA PEREZ;Pontevedra;PSOE;Socialista;I;154
Jose Gomez Osorio;1931-1933;JOSE;GOMEZ OSORIO;Pontevedra;PSOE;Socialista;I;391
Alejandro Otero Fernandez;1931-1933;ALEJANDRO;OTERO FERNANDEZ;Pontevedra;PSOE;Socialista;I;677
Antonio Bilbatua Zubeldia;1936-1939;ANTONIO;BILBATUA ZUBELDIA;Pontevedra;PSOE;Socialista;I;137
Amando Guiance Pampin;1936-1939;AMANDO;GUIANCE PAMPIN;Pontevedra;PSOE;Socialista;I;425
Ignacio Seoane Fernandez;1936-1939;IGNACIO;SEOANE FERNANDEZ;Pontevedra;PSOE;Socialista;I;901
Primitivo Santa Cecilia Rivas;1931-1933;PRIMITIVO;SANTA CECILIA RIVAS;Salamanca;PSOE;Socialista;I;882
Jose Andres Manso;1936-1939;JOSE;ANDRES MANSO;Salamanca;PSOE;Socialista;I;64
Valeriano Casanueva Picazo;1936-1939;VALERIANO;CASANUEVA PICAZO;Salamanca;PSOE;Socialista;I;207
Jose Andres Manso;1933-1936;JOSE;ANDRES MANSO;Salamanca;PSOE;Socialista;I;64
Domingo Perez Trujillo;1931-1933;DOMINGO;PEREZ TRUJILLO;Santa Cruz de Tenerife;PSOE;Socialista;I;725
Emiliano Diaz Castro;1936-1939;EMILIANO;DIAZ CASTRO;Santa Cruz de Tenerife;PSOE;Socialista;I;262
Bruno Alonso Gonzalez;1931-1933;BRUNO;ALONSO GONZALEZ;Santander;PSOE;Socialista;I;40
Bruno Alonso Gonzalez;1936-1939;BRUNO;ALONSO GONZALEZ;Santander;PSOE;Socialista;I;40
Bruno Alonso Gonzalez;1933-1936;BRUNO;ALONSO GONZALEZ;Santander;PSOE;Socialista;I;40
Antonio Ramos Gonzalez;1933-1936;ANTONIO;RAMOS GONZALEZ;Santander;PSOE;Socialista;I;771
Cayetano Redondo Aceña;1931-1933;CAYETANO;REDONDO ACEÑA;Segovia;PSOE;Socialista;I;775
Jose Aceituno De La Camara;1931-1933;JOSE;ACEITUNO DE LA CAMARA;Sevilla;PSOE;Socialista;I;5
Hermenegildo Casas Jimenez;1931-1933;HERMENEGILDO;CASAS JIMENEZ;Sevilla;PSOE;Socialista;I;210
Eladio Fernandez Egocheaga;1931-1933;ELADIO;FERNANDEZ EGOCHEAGA;Sevilla;PSOE;Socialista;I;310
Mariano Moreno Mateo;1931-1933;MARIANO;MORENO MATEO;Sevilla;PSOE;Socialista;I;631
Manuel Olmedo Serrano;1931-1933;MANUEL;OLMEDO SERRANO;Sevilla;PSOE;Socialista;I;665
Manuel Barrios Jimenez;1936-1939;MANUEL;BARRIOS JIMENEZ;Sevilla;PSOE;Socialista;I;114
Victor Alfredo Carretero Rodriguez;1936-1939;VICTOR ALFREDO;CARRETERO RODRIGUEZ;Sevilla;PSOE;Socialista;I;200
Alberto Fernandez Ballesteros;1936-1939;ALBERTO;FERNANDEZ BALLESTEROS;Sevilla;PSOE;Socialista;I;303
Jose Moya Navarro;1936-1939;JOSE;MOYA NAVARRO;Sevilla;PSOE;Socialista;I;639
Amos Ruiz Lecina;1931-1933;AMOS;RUIZ LECINA;Tarragona;PSOE;Socialista;I;836
Amos Ruiz Lecina;1936-1939;AMOS;RUIZ LECINA;Tarragona;PSOE;Socialista;I;836
Amos Ruiz Lecina;1933-1936;AMOS;RUIZ LECINA;Tarragona;PSOE;Socialista;I;836
Domingo Alonso Jimeno;1931-1933;DOMINGO;ALONSO JIMENO;Toledo;PSOE;Socialista;I;41
Fermin Blazquez Nieto;1931-1933;FERMIN;BLAZQUEZ NIETO;Toledo;PSOE;Socialista;I;146
Felix Fernandez Villarrubia;1931-1933;FELIX;FERNANDEZ VILLARRUBIA;Toledo;PSOE;Socialista;I;323
Anastasio De Gracia Villarrubia;1931-1933;ANASTASIO DE;GRACIA VILLARRUBIA;Toledo;PSOE;Socialista;I;415
Manuel Aguillaume Valdes;1933-1936;MANUEL;AGUILLAUME VALDES;Toledo;PSOE;Socialista;I;15
Fermin Blazquez Nieto;1933-1936;FERMIN;BLAZQUEZ NIETO;Toledo;PSOE;Socialista;I;146
Isidro Escandell Ubeda;1931-1933;ISIDRO;ESCANDELL UBEDA;Valencia;PSOE;Socialista;I;282
Pedro Garcia Garcia;1931-1933;PEDRO;GARCIA GARCIA;Valencia;PSOE;Socialista;I;360
Francisco Sanchis Pascual;1931-1933;FRANCISCO;SANCHIS PASCUAL;Valencia;PSOE;Socialista;I;878
Enrique Cerezo Senis;1936-1939;ENRIQUE;CEREZO SENIS;Valencia;PSOE;Socialista;I;225
Isidro Escandell Ubeda;1936-1939;ISIDRO;ESCANDELL UBEDA;Valencia;PSOE;Socialista;I;282
Pedro Garcia Garcia;1936-1939;PEDRO;GARCIA GARCIA;Valencia;PSOE;Socialista;I;360
Manuel Molina Conejero;1936-1939;MANUEL;MOLINA CONEJERO;Valencia;PSOE;Socialista;I;605
Remigio Cabello Toral;1931-1933;REMIGIO;CABELLO TORAL;Valladolid;PSOE;Socialista;I;162
Jose Garrote Tebar;1931-1933;JOSE;GARROTE TEBAR;Valladolid;PSOE;Socialista;I;373
Federico Landrove Lopez;1936-1939;FEDERICO;LANDROVE LOPEZ;Valladolid;PSOE;Socialista;I;475
Eusebio Gonzalez Suarez;1933-1936;EUSEBIO;GONZALEZ SUAREZ;Valladolid;PSOE;Socialista;I;408
Federico Landrove Moiño;1933-1936;FEDERICO;LANDROVE MOIÑO;Valladolid;PSOE;Socialista;I;476
Luis Araquistain Quevedo;1931-1933;LUIS;ARAQUISTAIN QUEVEDO;Vizcaya;PSOE;Socialista;I;71
Indalecio Prieto Tuero;1931-1933;INDALECIO;PRIETO TUERO;Vizcaya;PSOE;Socialista;I;754
Indalecio Prieto Tuero;1936-1939;INDALECIO;PRIETO TUERO;Vizcaya;PSOE;Socialista;I;754
Julian Zugazagoitia Mendieta;1936-1939;JULIAN;ZUGAZAGOITIA MENDIETA;Vizcaya;PSOE;Socialista;I;1024
Indalecio Prieto Tuero;1933-1936;INDALECIO;PRIETO TUERO;Vizcaya;PSOE;Socialista;I;754
Quirino Salvadores Crespo;1931-1933;QUIRINO;SALVADORES CRESPO;Zamora;PSOE;Socialista;I;860
Angel Galarza Gago;1936-1939;ANGEL;GALARZA GAGO;Zamora;PSOE;Socialista;I;345
Manuel Albar Catalan;1931-1933;MANUEL;ALBAR CATALAN;Zaragoza;PSOE;Socialista;I;21
Jose Algora Gorbea;1931-1933;JOSE;ALGORA GORBEA;Zaragoza;PSOE;Socialista;I;33
Eduardo Castillo Blasco;1936-1939;EDUARDO;CASTILLO BLASCO;Zaragoza;PSOE;Socialista;I;215
Rafael Campalans Puig;1931-1933;RAFAEL;CAMPALANS PUIG;Barcelona;USC;Socialista;I;174
Ramon Pla Y Armengol;1936-1939;RAMON;PLA Y ARMENGOL;Barcelona;USC;Socialista;I;743
Pelayo Sala Y Berenguer;1936-1939;PELAYO;SALA Y BERENGUER;Barcelona;USC;Socialista;I;850
Felipe Barjau Riera;1933-1936;FELIPE;BARJAU RIERA;Barcelona;USC;Socialista;I;106
Jaime Comas Jo;1936-1939;JAIME;COMAS JO;Barcelona;USC;Socialista;I;235
Jaime Comas Jo;1933-1936;JAIME;COMAS JO;Barcelona;USC;Socialista;I;235
Juan Comorera Sole;1936-1939;JUAN;COMORERA SOLE;Lérida;USC;Socialista;I;237