rep_id;rep_name_base;grafia;fuente;estado;corto;uso
1;Gerardo Abad Conde;Gerardo Abad Conde;Diario: V2 838 «El Sr. ABAD CONDE:» · Congreso: ABAD CONDE, GERARDO, elecciones 1931 · RAH 46: Gerardo Abad Conde;confirmada;Abad Conde;Gerardo Abad Conde
2;Raimundo De Abadal Caldero;Raimundo de Abadal Calderó;Diario: V2 3154 «El Sr. ABADAL:» · tildes: Calderó (texto 4 de 8) · Congreso: ABADAL CALDERO, RAIMUNDO DE, elecciones 1931 · RAH: sin biografía;probable;Abadal;Raimundo de Abadal
6;Amos Acero Perez;Amós Acero Pérez;Diario: V2 39107 «El Sr. ACERO:» · tildes: Pérez (texto 12.467 de 12.543) · Congreso: ACERO PEREZ, AMOS, elecciones 1931 · RAH 326: Amós Acero Pérez;confirmada;Acero;Amós Acero
7;Antonio Acuña Carballar;Antonio Acuña Carballar;Diario: V2 3829 «El Sr. ACUNA:» · tildes: Acuña (texto 1.581 de 1.585) · Congreso: ACUÑA CARBALLAR, ANTONIO, elecciones 1931, 1933, 1936 · RAH: sin biografía;probable;Acuña;Antonio Acuña
8;Jose Acuña Y Gomez De La Torre;José Acuña y Gómez de la Torre;Diario: V2 102552 «El Sr. ACUNA Y GÓMEZ DE LA TORRE:» · tildes: Acuña (texto 1.581 de 1.585), Gómez (texto 8.645 de 8.696) · Congreso: ACUÑA Y GOMEZ DE LA TORRE, JOSE, elecciones 1936 · RAH: sin biografía;probable;Acuña y Gómez de la Torre;José Acuña y Gómez de la Torre
9;Dimas Adanez Horcajuelo;Dimas Adánez Horcajuelo;Diario: V2 70947 «El Sr. ADÁNEZ:» · tildes: Adánez (texto 807 de 831) · Congreso: ADANEZ HORCAJUELO, DIMAS, elecciones 1933, 1936 · RAH: sin biografía;probable;Adánez;Dimas Adánez
11;Jaime Aguade Miro;Jaime Aguadé Miró;Diario: V2 32900 «El Sr. AGUADE:» · tildes: Aguadé (texto 473 de 479), Miró (texto 38 de 47) · Congreso: AGUADE MIRO, JAIME, elecciones 1931, 1933, 1936 · RAH: sin biografía;probable;Aguadé;Jaime Aguadé
12;Francisco Aguado De Miguel;Francisco Aguado de Miguel;Diario: V2 61924 «El Sr. AGUADO DE MIGUEL:» · Congreso: AGUADO DE MIGUEL, FRANCISCO, elecciones 1933, 1936 · RAH: sin biografía;probable;Aguado de Miguel;Francisco Aguado de Miguel
13;Crescenciano Aguado Merino;Crescenciano Aguado Merino;Diario: V2 61935 «El Sr. AGUADO:» · Congreso: AGUADO MERINO, CRESCENCIANO, elecciones 1933 · RAH: sin biografía;probable;Aguado;Crescenciano Aguado
14;Juan Maria Aguilar Calvo;Juan María Aguilar Calvo;Diario: V2 102154 «El Sr. AGUILAR CALVO:» · Congreso: AGUILAR CALVO, JUAN MARIA, elecciones 1936 · RAH: sin biografía;probable;Aguilar Calvo;Juan María Aguilar Calvo
15;Manuel Aguillaume Valdes;Manuel Aguillaume Valdés;Diario: V2 64008 «El Sr. AGUILLAUME:» · tildes: Valdés (texto 1.227 de 1.229) · Congreso: AGUILLAUME VALDES, MANUEL, elecciones 1933 · RAH: sin biografía;probable;Aguillaume;Manuel Aguillaume
16;Jose Antonio Aguirre Y Lecube;José Antonio Aguirre y Lecube;Diario: V2 2547 «El Sr. AGUIRRE:» · Congreso: AGUIRRE Y LECUBE, JOSE ANTONIO, elecciones 1931, 1933, 1936 · RAH 860: José Antonio de Aguirre Lecube;confirmada;Aguirre;José Antonio Aguirre
17;Francisco Agustin Rodriguez;Francisco Agustín Rodríguez;Diario: V2 45788 «El Sr. AGUSTÍN RODRÍGUEZ:» · tildes: Agustín (texto 548 de 646), Rodríguez (texto 7.210 de 9.716) · Congreso: AGUSTIN RODRIGUEZ, FRANCISCO, elecciones 1931 · RAH: sin biografía;probable;Agustín;Francisco Agustín
18;Rafael Aizpun Santafe;Rafael Aizpún Santafé;Diario: V2 45772 «El Sr. AIZPÚN:» · tildes: Aizpún (texto 1.430 de 1.471), Santafé (texto 13 de 35) · Congreso: AIZPUN SANTAFE, RAFAEL, elecciones 1931, 1933, 1936 · RAH 1744: Rafael Aizpún Santafé;confirmada;Aizpún;Rafael Aizpún
19;Luis Alarcon De La Lastra;Luis Alarcón de la Lastra;Diario: V2 64032 «El Sr. ALARCÓN:» · tildes: Alarcón (texto 642 de 643) · Congreso: ALARCON DE LA LASTRA, LUIS, elecciones 1933 · RAH 1651: Luis de Alarcón y de la Lastra;confirmada;Alarcón;Luis Alarcón
20;Santiago Alba Bonifaz;Santiago Alba Bonifaz;Diario: V2 3282 «El Sr. ALBA:» · Congreso: ALBA BONIFAZ, SANTIAGO, elecciones 1931, 1933, 1936 · RAH 1380: Santiago Alba y Bonifaz;confirmada;Alba;Santiago Alba
21;Manuel Albar Catalan;Manuel Albar Catalán;Diario: V2 5048 «El Sr. ALBAR:» · tildes: Catalán (texto 56 de 56) · Congreso: ALBAR CATALAN, MANUEL, elecciones 1931 · RAH 1607: Manuel Albar Catalán;confirmada;Albar;Manuel Albar
22;Gumersindo Alberca Montoya;Gumersindo Alberca Montoya;Diario: V2 1996 «El Sr. ALBERCA MONTOYA:» · Congreso: ALBERCA MONTOYA, GUMERSINDO, elecciones 1931 · RAH: sin biografía;probable;Alberca Montoya;Gumersindo Alberca Montoya
25;Jose Maria Albiñana Sanz;José María Albiñana Sanz;Diario: V2 61602 «El Sr. ALBINANA:» · tildes: Albiñana (texto 941 de 1.011) · Congreso: ALBIÑANA SANZ, JOSE MARIA, elecciones 1933, 1936 · RAH 1549: José María Albiñana Sanz;confirmada;Albiñana;José María Albiñana
26;Alvaro De Albornoz Y Liminiana;Álvaro de Albornoz y Liminiana;Diario: V2 13913 «El Sr. Ministro de JUSTICIA (Albornoz):» · Congreso: ALBORNOZ Y LIMINIANA, ALVARO DE, elecciones 1931, 1936 · RAH 1640: Álvaro de Albornoz y Liminiana;confirmada;Albornoz;Álvaro de Albornoz
27;Nicolas Alcala Espinosa;Nicolás Alcalá Espinosa;Diario: V2 63422 «El Sr. ALCALÁ ESPINOSA:» · tildes: Alcalá (texto 1.014 de 1.014) · Congreso: ALCALA ESPINOSA, NICOLAS, elecciones 1933 · RAH: sin biografía;probable;Alcalá Espinosa;Nicolás Alcalá Espinosa
28;Niceto Alcala Zamora Y Torres;Niceto Alcalá-Zamora y Torres;Diario: V2 1279 «El Sr. Presidente del GOBIERNO (Alcalá-Zamora):» · tildes: Alcalá (texto 1.014 de 1.014) · Congreso: ALCALA ZAMORA Y TORRES, NICETO, elecciones 1931 · RAH 1404: Niceto Alcalá-Zamora y Torres;confirmada;Alcalá-Zamora;Niceto Alcalá-Zamora
30;Ramon Maria Aldasoro Y Galarza;Ramón María Aldasoro y Galarza;Diario: V2 210 «El Sr. ALDASORO:» · Congreso: ALDASORO Y GALARZA, RAMON MARIA, elecciones 1931 · RAH: sin biografía;probable;Aldasoro;Ramón María Aldasoro
32;Edmundo Alfaro Gironda;Edmundo Alfaro Gironda;Diario: V2 62051 «El Sr. SECRETARIO (Alfaro):» · Congreso: ALFARO GIRONDA, EDMUNDO, elecciones 1931, 1933 · RAH: sin biografía;probable;Alfaro;Edmundo Alfaro
33;Jose Algora Gorbea;José Algora Gorbea;Diario: V2 2680 «El Sr. ALGORA:» · Congreso: ALGORA GORBEA, JOSE, elecciones 1931 · RAH: sin biografía;probable;Algora;José Algora
35;Rodrigo Almada Rodriguez;Rodrigo Almada Rodríguez;Diario: V2 20540 «El Sr. ALMADA:» · tildes: Rodríguez (texto 7.210 de 9.716) · Congreso: ALMADA RODRIGUEZ, RODRIGO, elecciones 1931 · RAH: sin biografía;probable;Almada;Rodrigo Almada
38;Gabriel Alomar Villalonga;Gabriel Alomar Villalonga;Diario: V2 3343 «El Sr. ALOMAR:» · Congreso: ALOMAR VILLALONGA, GABRIEL, elecciones 1931 · RAH 2576: Gabriel Alomar i Villalonga;confirmada;Alomar;Gabriel Alomar
39;Tomas Alonso De Armiño Y Calleja;Tomás Alonso de Armiño y Calleja;Diario: V2 359 «El Sr. ALONSO DE ARMINO:» · tildes: Armiño (texto 1.345 de 1.375) · Congreso: ALONSO DE ARMIÑO Y CALLEJA, TOMAS, elecciones 1931, 1933 · RAH 2701: Tomás Alonso de Armiño y Calleja;confirmada;Alonso de Armiño;Tomás Alonso de Armiño
40;Bruno Alonso Gonzalez;Bruno Alonso González;Diario: V2 67292 «El Sr. ALONSO GONZÁLEZ:» · tildes: González (texto 8.765 de 8.793) · Congreso: ALONSO GONZALEZ, BRUNO, elecciones 1931, 1933, 1936 · RAH 2455: Bruno Alonso González;confirmada;Alonso González;Bruno Alonso González
41;Domingo Alonso Jimeno;Domingo Alonso Jimeno;Diario: V2 1606 «El Sr. ALONSO:» · Congreso: ALONSO JIMENO, DOMINGO, elecciones 1931 · RAH: sin biografía;probable;Alonso;Domingo Alonso
42;Antonio Alonso Rios;Antonio Alonso Ríos;Diario: V2 106305 «El Sr. ALONSO RÍOS:» · tildes: Ríos (texto 1.670 de 2.537) · Congreso: ALONSO RIOS, ANTONIO, elecciones 1936 · RAH: sin biografía;probable;Alonso Ríos;Antonio Alonso Ríos
43;Elfidio Alonso Rodriguez;Elfidio Alonso Rodríguez;Diario: V2 77492 «El Sr. ALONSO RODRÍGUEZ:» · tildes: Rodríguez (texto 7.210 de 9.716) · Congreso: ALONSO RODRIGUEZ, ELFIDIO, elecciones 1933, 1936 · RAH: sin biografía;probable;Alonso Rodríguez;Elfidio Alonso Rodríguez
44;Manuel Alonso Zapata;Manuel Alonso Zapata;Diario: V2 62952 «El Sr. ALONSO ZAPATA:» · Congreso: ALONSO ZAPATA, MANUEL, elecciones 1933 · RAH: sin biografía;probable;Alonso Zapata;Manuel Alonso Zapata
45;Hector Altabas Alio;Héctor Altabás Alio;Diario: V2 45123 «El Sr. ALTABÁS:» · tildes: Altabás (texto 698 de 715) · Congreso: ALTABAS ALIO, HECTOR, elecciones 1931 · RAH: sin biografía;probable;Altabás;Héctor Altabás
47;Tomas Alvarez Angulo;Tomás Álvarez Angulo;Diario: V2 1292 «El Sr. ALVAREZ ANGULO:» · Congreso: ALVAREZ ANGULO, TOMAS, elecciones 1931, 1933, 1936 · RAH 2306: Tomás Álvarez Angulo;confirmada;Álvarez Angulo;Tomás Álvarez Angulo
48;Jose Alvarez Buylla Y Godino;José Álvarez Buylla y Godino;Diario: V2 288 «El Sr. ALVAREZ BUYLLA:» · Congreso: ALVAREZ BUYLLA Y GODINO, JOSE, elecciones 1931 · RAH: sin biografía · nota: El Diario no pone guion («Alvarez Buylla», 257 frente a 4), la RAH escribe «Álvarez-Buylla» a sus hermanos.;probable;Álvarez Buylla;José Álvarez Buylla
49;Julio Alvarez Del Vayo;Julio Álvarez del Vayo;Diario: V2 67754 «El Sr. ALVAREZ DEL VAYO:» · Congreso: ALVAREZ DEL VAYO, JULIO, elecciones 1933, 1936 · RAH 2238: Julio Álvarez del Vayo y Olloqui;confirmada;Álvarez del Vayo;Julio Álvarez del Vayo
50;Melquiades Alvarez Gonzalez Posada;Melquíades Álvarez González Posada;Diario: V2 3103 «El Sr. ALVAREZ (D. Melquiades):» · tildes: González (texto 8.765 de 8.793) · Congreso: ALVAREZ GONZALEZ POSADA, MELQUIADES, elecciones 1931, 1933, 1936 · RAH 2133: Melquíades Álvarez y González Posada;confirmada;Melquíades Álvarez;Melquíades Álvarez
51;Leon Carlos Alvarez Lara;León Carlos Álvarez Lara;Diario: V2 67927 «El Sr. ÁLVAREZ LARA:» · Congreso: ALVAREZ LARA, LEON CARLOS, elecciones 1933 · RAH: sin biografía;probable;Álvarez Lara;León Carlos Álvarez Lara
52;Jose Maria Alvarez Mendizabal Y Bonilla;José María Álvarez Mendizábal y Bonilla;Diario: V2 64293 «El Sr. ÁLVAREZ MENDIZÁBAL:» · tildes: Mendizábal (texto 2.500 de 2.979) · Congreso: ALVAREZ MENDIZABAL Y BONILLA, JOSE MARIA, elecciones 1931, 1933, 1936 · RAH 1869: José María Álvarez Mendizábal Bonilla;confirmada;Álvarez Mendizábal;José María Álvarez Mendizábal
53;Julia Alvarez Resano;Julia Álvarez Resano;Diario: V2 105418 «La Sra. ALVAREZ RESANO:» · Congreso: ALVAREZ RESANO, JULIA, elecciones 1936 · RAH 2140: Julia Álvarez Resano;confirmada;Álvarez Resano;Julia Álvarez Resano
54;Antonio Alvarez Robles;Antonio Álvarez Robles;Diario: V2 106063 «El Sr. ÁLVAREZ ROBLES:» · Congreso: ALVAREZ ROBLES, ANTONIO, elecciones 1933, 1936 · RAH: sin biografía;probable;Álvarez Robles;Antonio Álvarez Robles
55;Basilio Alvarez Rodriguez;Basilio Álvarez Rodríguez;Diario: V2 70262 «El Sr. ÁLVAREZ RODRÍGUEZ:» · tildes: Rodríguez (texto 7.210 de 9.716) · Congreso: ALVAREZ RODRIGUEZ, BASILIO, elecciones 1931, 1933 · RAH 2142: Basilio Álvarez Rodríguez;confirmada;Basilio Álvarez;Basilio Álvarez
56;Manuel Alvarez Ugena Y Sanchez Tembleque;Manuel Álvarez Ugena y Sánchez Tembleque;Diario: V2 107015 «El Sr. ÁLVAREZ UGENA:» · tildes: Sánchez (texto 7.018 de 7.038) · Congreso: ALVAREZ UGENA Y SANCHEZ TEMBLEQUE, MANUEL, elecciones 1936 · RAH: sin biografía;probable;Álvarez Ugena;Manuel Álvarez Ugena
57;Ramon Alvarez Valdes Y Castañon;Ramón Álvarez Valdés y Castañón;Diario: V2 63289 «El Sr. Ministro de JUSTICIA (Álvarez Valdés):» · tildes: Álvarez (etiquetas 9 de 114), Valdés (texto 1.227 de 1.229), Castañón (texto 3 de 3) · Congreso: ALVAREZ VALDES Y CASTAÑON, RAMON, elecciones 1933, 1936 · RAH 2236: Ramón María Rafael Baltasar Álvarez-Valdés Castañón;confirmada;Álvarez Valdés;Ramón Álvarez Valdés
58;Romualdo Alvargonzalez Lanquinez;Romualdo Alvargonzález Lanquínez;Diario: V2 72594 «El Sr. ALVARGONZÁLEZ:» · tildes: Alvargonzález (texto 407 de 415), Lanquínez (texto 3 de 3) · Congreso: ALVARGONZALEZ LANQUINEZ, ROMUALDO, elecciones 1933, 1936 · RAH: sin biografía;probable;Alvargonzález;Romualdo Alvargonzález
59;Andres Amado Y Reygondaud De Villebardet;Andrés Amado y Reygondaud de Villebardet;Diario: V2 65972 «El Sr. AMADO:» · Congreso: AMADO Y REYGONDAUD DE VILLEBARDET, ANDRES, elecciones 1933, 1936 · RAH 2194: Andrés Amado Reygondaud y de Villebardet;confirmada;Amado;Andrés Amado
62;Luis Amores Jimenez;Luis Amores Jiménez;Diario: V2 63103 «El Sr. AMORES:» · tildes: Jiménez (texto 5.617 de 5.623) · Congreso: AMORES JIMENEZ, LUIS, elecciones 1933 · RAH: sin biografía;probable;Amores;Luis Amores
64;Jose Andres Manso;José Andrés Manso;Diario: V2 62722 «El Sr. ANDRÉS Y MANSO:» · tildes: Andrés (texto 2.506 de 2.508) · Congreso: ANDRES MANSO, JOSE, elecciones 1933, 1936 · RAH 3582: José Andrés Manso;confirmada;Andrés Manso;José Andrés Manso
65;Mariano Anso Zunzarren;Mariano Ansó Zunzarren;Diario: V2 7942 «El Sr. SECRETARIO (Ansó):» · tildes: Ansó (texto 990 de 1.103) · Congreso: ANSO ZUNZARREN, MARIANO, elecciones 1931, 1936 · RAH 3506: Mariano Anso y Zunzarren · nota: El Diario imprime «Ansó» en el 90 % del texto y el 62 % de las etiquetas, la RAH titula «Anso y Zunzarren», sin tilde.;por revisar;Ansó;Mariano Ansó
67;Angel Aperribay Y Pita Da Veiga;Ángel Aperribay y Pita da Veiga;Diario: V2 75231 «El Sr. APERRIBAY:» · Congreso: APERRIBAY Y PITA DA VEIGA, ANGEL, elecciones 1933 · RAH: sin biografía;probable;Aperribay;Ángel Aperribay
68;Amadeo Aragay Davi;Amadeo Aragay Davi;Diario: V2 748 «El Sr. ARAGAY:» · Congreso: ARAGAY DAVI, AMADEO, elecciones 1931, 1933 · RAH: sin biografía;probable;Aragay;Amadeo Aragay
70;Fermin Aranda Y Fernandez Caballero;Fermín Aranda y Fernández Caballero;Diario: V2 1357 «El Sr. ARANDA:» · tildes: Fernández (texto 16.573 de 16.592) · Congreso: ARANDA Y FERNANDEZ CABALLERO, FERMIN, elecciones 1931 · RAH 3032: Fermín Aranda y Fernández Caballero;confirmada;Aranda;Fermín Aranda
71;Luis Araquistain Quevedo;Luis Araquistáin Quevedo;Diario: V2 3378 «El Sr. ARAQUISTAIN:» · tildes: Araquistáin (RAH y Diario 100) · Congreso: ARAQUISTAIN QUEVEDO, LUIS, elecciones 1931, 1933, 1936 · RAH 2910: Luis Araquistáin Quevedo;confirmada;Araquistáin;Luis Araquistáin
73;Eugenio Arauz Payardo;Eugenio Arauz Payardo;Diario: V2 3451 «El Sr. ARAUZ:» · Congreso: ARAUZ PAYARDO, EUGENIO, elecciones 1931 · RAH: sin biografía;probable;Arauz;Eugenio Arauz
74;Eugenio Arbones Castellanzuelo;Eugenio Arbones Castellanzuelo;Diario: V2 14658 «El Sr. ARBONES:» · Congreso: ARBONES CASTELLANZUELO, EUGENIO, elecciones 1931 · RAH: sin biografía;probable;Arbones;Eugenio Arbones
75;Luis Arellano Dihinx;Luis Arellano Dihinx;Diario: V2 62794 «El Sr. ARELLANO:» · Congreso: ARELLANO DIHINX, LUIS, elecciones 1933, 1936 · RAH: sin biografía;probable;Arellano;Luis Arellano
76;Jose Arizcun Moreno;José Arizcún Moreno;Diario: V2 80185 «El Sr. ARIZCÚN:» · tildes: Arizcún (texto 512 de 835) · Congreso: ARIZCUN MORENO, JOSE, elecciones 1933, 1936 · RAH: sin biografía;probable;Arizcún;José Arizcún
77;Pedro Armasa Briales;Pedro Armasa Briales;Diario: V2 2282 «El Sr. ARMASA:» · Congreso: ARMASA BRIALES, PEDRO, elecciones 1931, 1933 · RAH: sin biografía;probable;Armasa;Pedro Armasa
78;Antonio Arnedo Monguilan;Antonio Arnedo Monguilán;Diario: V2 103921 «El Sr. ARNEDO:» · tildes: Monguilán (texto 8 de 8) · Congreso: ARNEDO MONGUILAN, ANTONIO, elecciones 1936 · RAH: sin biografía;probable;Arnedo;Antonio Arnedo
80;Gregorio Arranz Olalla;Gregorio Arranz Olalla;Diario: V2 62109 «El Sr. VICEPRESIDENTE (Arranz):» · Congreso: ARRANZ OLALLA, GREGORIO, elecciones 1931, 1933, 1936 · RAH: sin biografía;probable;Arranz;Gregorio Arranz
81;Mariano Arrazola Madera;Mariano Arrazola Madera;Diario: V2 65709 «El Sr. ARRAZOLA:» · Congreso: ARRAZOLA MADERA, MARIANO, elecciones 1933 · RAH: sin biografía;probable;Arrazola;Mariano Arrazola
82;Andres De Arroyo Y Gonzalez De Chaves;Andrés de Arroyo y González de Chaves;Diario: V2 2564 «El Sr. ARROYO:» · tildes: González (texto 8.765 de 8.793) · Congreso: ARROYO Y GONZALEZ DE CHAVES, ANDRES DE, elecciones 1931 · RAH: sin biografía;probable;Arroyo;Andrés de Arroyo
83;Benito Artigas Arpon;Benito Artigas Arpón;Diario: V2 5687 «El Sr. ARTIGAS ARPON:» · tildes: Arpón (texto 215 de 218) · Congreso: ARTIGAS ARPON, BENITO, elecciones 1931, 1936 · RAH 3835: Benito Artigas Arpón;confirmada;Artigas Arpón;Benito Artigas Arpón
84;Felix Avia Garcia;Félix Avia García;Diario: V2 63209 «El Sr. AVIA:» · tildes: García (texto 12.645 de 13.684) · Congreso: AVIA GARCIA, FELIX, elecciones 1933, 1936 · RAH: sin biografía;probable;Avia;Félix Avia
85;Jose Ayats Surribas;José Ayats Surribas;Diario: V2 1058 «El Sr. AYATS:» · Congreso: AYATS SURRIBAS, JOSE, elecciones 1931, 1933 · RAH: sin biografía;probable;Ayats;José Ayats
86;Julian Ayesta Manchola;Julián Ayesta Manchola;Diario: V2 850 «El Sr. AYESTA:» · Congreso: AYESTA MANCHOLA, JULIAN, elecciones 1931 · RAH 5231: Julián Ayesta Manchola;confirmada;Ayesta;Julián Ayesta
87;Manuel Hilario Ayuso E Iglesias;Manuel Hilario Ayuso e Iglesias;Diario: V2 401 «El Sr. AYUSO:» · Congreso: AYUSO E IGLESIAS, MANUEL HILARIO, elecciones 1931 · RAH 5355: Manuel Hilario Ayuso Iglesias;confirmada;Ayuso;Manuel Hilario Ayuso
88;Bernardo Aza Gonzalez Escalada;Bernardo Aza González Escalada;Diario: V2 64913 «El Sr. AZA:» · tildes: González (texto 8.765 de 8.793) · Congreso: AZA GONZALEZ ESCALADA, BERNARDO, elecciones 1933, 1936 · RAH 5388: Bernardo Aza y González Escalada;confirmada;Aza;Bernardo Aza
89;Manuel Azaña Diaz;Manuel Azaña Díaz;Diario: V2 13632 «El Sr. Presidente del CONSEJO DE MINISTROS (Azaña):» · tildes: Azaña (texto 2.954 de 2.991), Díaz (texto 3.622 de 4.922) · Congreso: AZAÑA DIAZ, MANUEL, elecciones 1931, 1933, 1936 · RAH 5420: Manuel Azaña Díaz;confirmada;Azaña;Manuel Azaña
90;Emilio Azarola Gresillon;Emilio Azarola Gresillón;Diario: V2 1183 «El Sr. AZAROLA:» · tildes: Gresillón (texto 5 de 5) · Congreso: AZAROLA GRESILLON, EMILIO, elecciones 1931 · RAH: sin biografía;probable;Azarola;Emilio Azarola
91;Justino De Azcarate Y Florez;Justino de Azcárate y Flórez;Diario: V2 4924 «El Sr. AZCARATE:» · tildes: Azcárate (texto 520 de 522), Flórez (texto 34 de 36) · Congreso: AZCARATE Y FLOREZ, JUSTINO DE, elecciones 1931 · RAH 5497: Justino Azcárate y Flórez;confirmada;Azcárate;Justino de Azcárate
93;Francisco Azorin Izquierdo;Francisco Azorín Izquierdo;Diario: V2 54620 «El Sr. AZORÍN:» · tildes: Azorín (texto 774 de 946) · Congreso: AZORIN IZQUIERDO, FRANCISCO, elecciones 1931 · RAH 5476: Francisco Azorín Izquierdo;confirmada;Azorín;Francisco Azorín
94;Mateo Azpeitia Esteban;Mateo Azpeitia Esteban;Diario: V2 62558 «El Sr. AZPEITIA:» · Congreso: AZPEITIA ESTEBAN, MATEO, elecciones 1933 · RAH: sin biografía;probable;Azpeitia;Mateo Azpeitia
95;Ubaldo De Azpiazu Y Artazu;Ubaldo de Azpiazu y Artazu;Diario: V2 914 «El Sr. AZPIAZU:» · Congreso: AZPIAZU Y ARTAZU, UBALDO DE, elecciones 1931, 1933 · RAH: sin biografía;probable;Azpiazu;Ubaldo de Azpiazu
96;Carlos Badia Malagrida;Carlos Badía Malagrida;Diario: V2 62254 «El Sr. BADÍA:» · tildes: Badía (texto 738 de 1.202) · Congreso: BADIA MALAGRIDA, CARLOS, elecciones 1933, 1936 · RAH 5122: Carlos Badía Malagrida;confirmada;Badía;Carlos Badía
97;Emilio Baeza Medina;Emilio Baeza Medina;Diario: V2 22 «El Sr. BAEZA MEDINA:» · Congreso: BAEZA MEDINA, EMILIO, elecciones 1931, 1936 · RAH: sin biografía;probable;Baeza Medina;Emilio Baeza Medina
98;Jose Antonio Balbontin Y Gutierrez;José Antonio Balbontín y Gutiérrez;Diario: V2 46498 «El Sr. BALBONTÍN:» · tildes: Balbontín (texto 1.444 de 2.087), Gutiérrez (texto 656 de 662) · Congreso: BALBONTIN Y GUTIERREZ, JOSE ANTONIO, elecciones 1931 · RAH 4793: José Antonio Balbontín;confirmada;Balbontín;José Antonio Balbontín
99;Jose Ballester Gozalvo;José Ballester Gozalvo;Diario: V2 71 «El Sr. BALLESTER:» · Congreso: BALLESTER GOZALVO, JOSE, elecciones 1931 · RAH: sin biografía;probable;Ballester;José Ballester
102;Sebastian Banzo Urrea;Sebastián Banzo Urrea;Diario: V2 53549 «El Sr. BANZO:» · Congreso: BANZO URREA, SEBASTIAN, elecciones 1931 · RAH: sin biografía;probable;Banzo;Sebastián Banzo
103;Augusto Barcia Y Trelles;Augusto Barcia y Trelles;Diario: V2 62418 «El Sr. BARCIA:» · Congreso: BARCIA Y TRELLES, AUGUSTO, elecciones 1933, 1936 · RAH 4631: Augusto Barcia Trelles;confirmada;Barcia;Augusto Barcia
104;Luis Bardaji Lopez;Luis Bardají López;Diario: V2 78601 «El Sr. BARDAJÍ:» · tildes: Bardají (texto 196 de 486), López (texto 7.391 de 7.403) · Congreso: BARDAJI LOPEZ, LUIS, elecciones 1933, 1936 · RAH 4654: Luis Bardají López;confirmada;Bardají;Luis Bardají
105;Miguel Bargallo Ardevol;Miguel Bargalló Ardevol;Diario: V2 34084 «El Sr. BARGALLO:» · tildes: Bargalló (texto 798 de 832) · Congreso: BARGALLO ARDEVOL, MIGUEL, elecciones 1931 · RAH: sin biografía;probable;Bargalló;Miguel Bargalló
107;Francisco Barnes Salinas;Francisco Barnés Salinas;Diario: V2 880 «El Sr. VICEPRESIDENTE (Barnés):» · tildes: Barnés (texto 844 de 844) · Congreso: BARNES SALINAS, FRANCISCO, elecciones 1931 · RAH 4684: Francisco José Barnés Salinas;confirmada;Barnés;Francisco Barnés
108;Miguel Barquero Hidalgo Barquero;Miguel Barquero Hidalgo Barquero;Diario: V2 65814 «El Sr. BARQUERO:» · Congreso: BARQUERO HIDALGO BARQUERO, MIGUEL, elecciones 1933 · RAH: sin biografía;probable;Barquero;Miguel Barquero
109;Luis Barrena Y Alonso De Ojeda;Luis Barrena y Alonso de Ojeda;Diario: V2 102156 «El Sr. BARRENA:» · Congreso: BARRENA Y ALONSO DE OJEDA, LUIS, elecciones 1936 · RAH: sin biografía;probable;Barrena;Luis Barrena
112;Eduardo Barriobero Herran;Eduardo Barriobero Herrán;Diario: V2 676 «El Sr. BARRIOBERO:» · tildes: Herrán (texto 39 de 39) · Congreso: BARRIOBERO HERRAN, EDUARDO, elecciones 1931 · RAH 6342: Eduardo Barriobero y Herrán;confirmada;Barriobero;Eduardo Barriobero
115;Severino Barros De Lis;Severino Barros de Lis;Diario: V2 67583 «El Sr. BARROS DE LIS:» · Congreso: BARROS DE LIS, SEVERINO, elecciones 1933, 1936 · RAH: sin biografía;probable;Barros de Lis;Severino Barros de Lis
116;Francisco Basterrechea Zaldivar;Francisco Basterrechea Zaldivar;Diario: V2 39307 «El Sr. BASTERRECHEA:» · Congreso: BASTERRECHEA ZALDIVAR, FRANCISCO, elecciones 1931 · RAH: sin biografía;probable;Basterrechea;Francisco Basterrechea
117;Francisco Bastos Ansart;Francisco Bastos Ansart;Diario: V2 62687 «El Sr. BASTOS:» · Congreso: BASTOS ANSART, FRANCISCO, elecciones 1933 · RAH 6254: Francisco Bastos Ansart;confirmada;Bastos;Francisco Bastos
118;Joaquin Bau Nolla;Joaquín Bau Nolla;Diario: V2 62987 «El Sr. BAU:» · Congreso: BAU NOLLA, JOAQUIN, elecciones 1933, 1936 · RAH 6414: Joaquín Bau Nolla;confirmada;Bau;Joaquín Bau
119;Ramon Beade Mendez;Ramón Beade Méndez;Diario: V2 31127 «El Sr. BEADE:» · tildes: Méndez (texto 760 de 768) · Congreso: BEADE MENDEZ, RAMON, elecciones 1931, 1936 · RAH: sin biografía;probable;Beade;Ramón Beade
120;Manuel Beca Mateos;Manuel Beca Mateos;Diario: V2 64399 «El Sr. BECA:» · Congreso: BECA MATEOS, MANUEL, elecciones 1933 · RAH: sin biografía;probable;Beca;Manuel Beca
121;Manuel Becerra Fernandez;Manuel Becerra Fernández;Diario: V2 89427 «El Sr. BECERRA:» · tildes: Fernández (texto 16.573 de 16.592) · Congreso: BECERRA FERNANDEZ, MANUEL, elecciones 1931, 1933, 1936 · RAH 5897: Manuel Becerra Fernández;confirmada;Becerra;Manuel Becerra
122;Epifanio Belli Castiel;Epifanio Belli Castiel;Diario: V2 34457 «El Sr. BELLI:» · Congreso: BELLI CASTIEL, EPIFANIO, elecciones 1931, 1933 · RAH: sin biografía;probable;Belli;Epifanio Belli
123;Luis Bello Trompeta;Luis Bello Trompeta;Diario: V2 2845 «El Sr. BELLO:» · Congreso: BELLO TROMPETA, LUIS, elecciones 1931, 1933 · RAH 5964: Luis Bello Trompeta;confirmada;Bello;Luis Bello
125;Felix Eleuterio Benitez De Lugo Y Rodriguez;Félix Eleuterio Benítez de Lugo y Rodríguez;Diario: V2 105712 «El Sr. BENÍTEZ DE LUGO:» · tildes: Benítez (texto 93 de 229), Rodríguez (texto 7.210 de 9.716) · Congreso: BENITEZ DE LUGO Y RODRIGUEZ, FELIX ELEUTERIO, elecciones 1936 · RAH: sin biografía;probable;Benítez de Lugo;Félix Eleuterio Benítez de Lugo
127;Jose Berenguer Cros;José Berenguer Cros;Diario: V2 17435 «El Sr. BERENGUER:» · Congreso: BERENGUER CROS, JOSE, elecciones 1931 · RAH: sin biografía;probable;Berenguer;José Berenguer
128;Victor Jose Berjano Gomez;Víctor José Berjano Gómez;Diario: V2 101988 «El Sr. BERJANO:» · tildes: Gómez (texto 8.645 de 8.696) · Congreso: BERJANO GOMEZ, VICTOR JOSE, elecciones 1936 · RAH: sin biografía;probable;Berjano;Víctor José Berjano
129;Manuel Bermejillo Martinez;Manuel Bermejillo Martínez;Diario: V2 103354 «El Sr. BERMEJILLO:» · tildes: Martínez (texto 12.253 de 15.580) · Congreso: BERMEJILLO MARTINEZ, MANUEL, elecciones 1936 · RAH 7309: Manuel Bermejillo Martínez;confirmada;Bermejillo;Manuel Bermejillo
130;Antonio Bermudez Cañete;Antonio Bermúdez Cañete;Diario: V2 102653 «El Sr. BERMÚDEZ CANETE:» · tildes: Bermúdez (texto 589 de 596), Cañete (texto 580 de 588) · Congreso: BERMUDEZ CAÑETE, ANTONIO, elecciones 1936 · RAH: sin biografía;probable;Bermúdez Cañete;Antonio Bermúdez Cañete
132;Antonio Bernabeu De Yeste;Antonio Bernabeu de Yeste;Diario: V2 104036 «El Sr. BERNABÉU:» · tildes: Bernabeu (sin la tilde castellanizadora del diptongo final (15 sin tilde en el texto)), Bernabeu (texto 103 de 119) · Congreso: BERNABEU DE YESTE, ANTONIO, elecciones 1936 · RAH: sin biografía;probable;Bernabeu;Antonio Bernabeu
133;Julian Besteiro Fernandez;Julián Besteiro Fernández;Diario: V2 6066 «El Sr. BESTEIRO:» · tildes: Fernández (texto 16.573 de 16.592) · Congreso: BESTEIRO FERNANDEZ, JULIAN, elecciones 1931, 1933, 1936 · RAH 7180: Julián Mateo José María Besteiro Fernández;confirmada;Besteiro;Julián Besteiro
134;Joaquin Beunza Y Redin;Joaquín Beúnza y Redín;Diario: V2 1052 «El Sr. BEUNZA:» · tildes: Redín (texto 4 de 6), Beúnza (RAH y Diario 13) · Congreso: BEUNZA Y REDIN, JOAQUIN, elecciones 1931 · RAH 7293: Joaquín Beúnza Redín;confirmada;Beúnza;Joaquín Beúnza
135;Crescenciano Bilbao Castellano;Crescenciano Bilbao Castellanos;Diario: V2 64754 «El Sr. BILBAO CASTELLANOS:» · Congreso: BILBAO CASTELLANO, CRESCENCIANO, elecciones 1933, 1936 · RAH: sin biografía · nota: El Congreso y la base escriben CASTELLANO, el Diario imprime «Castellanos» en todas sus etiquetas y en 138 de 152 casos del texto. Sin biografía en la RAH.;por revisar;Bilbao Castellanos;Crescenciano Bilbao Castellanos
136;Esteban Bilbao Y Eguia;Esteban Bilbao y Eguía;Diario: V2 62279 «El Sr. BILBAO Y EGUÍA:» · tildes: Eguía (texto 29 de 49) · Congreso: BILBAO Y EGUIA, ESTEBAN, elecciones 1933 · RAH 6910: Esteban de Bilbao y Eguía;confirmada;Bilbao y Eguía;Esteban Bilbao y Eguía
138;Jose Maria Blanc Rodriguez;José María Blanc Rodríguez;Diario: V2 61973 «El Sr. BLANC:» · tildes: Rodríguez (texto 7.210 de 9.716) · Congreso: BLANC RODRIGUEZ, JOSE MARIA, elecciones 1933 · RAH 6952: José María Blanc Rodríguez;confirmada;Blanc;José María Blanc
140;Carlos Blanco Perez;Carlos Blanco Pérez;Diario: V2 59 «El Sr. BLANCO:» · tildes: Pérez (texto 12.467 de 12.543) · Congreso: BLANCO PEREZ, CARLOS, elecciones 1931 · RAH: sin biografía;probable;Blanco;Carlos Blanco
141;Benito Blanco Rajoy Y Espada;Benito Blanco-Rajoy y Espada;Diario: V2 57194 «El Sr. BLANCO-RAJOY:» · Congreso: BLANCO RAJOY Y ESPADA, BENITO, elecciones 1931, 1933, 1936 · RAH: sin biografía;probable;Blanco-Rajoy;Benito Blanco-Rajoy
142;Jose Blanco Rodriguez;José Blanco Rodríguez;Diario: V2 79913 «El Sr. BLANCO RODRÍGUEZ:» · tildes: Rodríguez (texto 7.210 de 9.716) · Congreso: BLANCO RODRIGUEZ, JOSE, elecciones 1933, 1936 · RAH: sin biografía;probable;Blanco Rodríguez;José Blanco Rodríguez
143;Sigfrido Blasco Blasco;Sigfrido Blasco-Ibáñez Blasco;Diario: V2 3638 «El Sr. BLASCO:» · Congreso: BLASCO BLASCO, SIGFRIDO, elecciones 1931, 1933 · RAH: sin biografía · nota: El Congreso y la base escriben BLASCO BLASCO, el Diario lo nombra «Sigfrido Blasco-Ibáñez» o «Sigfrido Blasco Ibáñez» 19 veces (6 con «Blasco» detrás) y «Sigfrido Blasco Blasco» 7. La fila V2 97389 (28-X-1935, «El Sr. BLASCO-IBANEZ:») no tiene rep_id y es, probablemente, suya.;por revisar;Blasco-Ibáñez;Sigfrido Blasco-Ibáñez
144;Manuel Blasco Garzon;Manuel Blasco Garzón;Diario: V2 71880 «El Sr. BLASCO GARZÓN:» · tildes: Garzón (texto 647 de 650) · Congreso: BLASCO GARZON, MANUEL, elecciones 1933, 1936 · RAH 6424: Manuel Blasco Garzón;confirmada;Blasco Garzón;Manuel Blasco Garzón
146;Fermin Blazquez Nieto;Fermín Blázquez Nieto;Diario: V2 58728 «El Sr. BLÁZQUEZ:» · tildes: Blázquez (texto 1.650 de 1.655) · Congreso: BLAZQUEZ NIETO, FERMIN, elecciones 1931, 1933 · RAH 6668: Fermín Blázquez Nieto;confirmada;Blázquez;Fermín Blázquez
147;Francisca Bohigas Gavilanes;Francisca Bohigas Gavilanes;Diario: V2 72897 «La Srta. BOHIGAS:» · Congreso: BOHIGAS GAVILANES, FRANCISCA, elecciones 1933 · RAH: sin biografía;probable;Bohigas;Francisca Bohigas
148;Cayetano Bolivar Escribano;Cayetano Bolívar Escribano;Diario: V2 62618 «El Sr. BOLÍVAR:» · tildes: Bolívar (texto 286 de 863) · Congreso: BOLIVAR ESCRIBANO, CAYETANO, elecciones 1933, 1936 · RAH: sin biografía;probable;Bolívar;Cayetano Bolívar
152;Juan Bort Olmos;Juan Bort Olmos;Diario: V2 9962 «El Sr. BORT:» · Congreso: BORT OLMOS, JUAN, elecciones 1931 · RAH: sin biografía;probable;Bort;Juan Bort
153;Francisco Javier Bosch Marin;Francisco Javier Bosch Marín;Diario: V2 82635 «El Sr. BOSCH MARÍN:» · tildes: Marín (texto 320 de 384) · Congreso: BOSCH MARIN, FRANCISCO JAVIER, elecciones 1933, 1936 · RAH: sin biografía;probable;Bosch Marín;Francisco Javier Bosch Marín
154;Enrique Heraclio Botana Perez;Enrique Heraclio Botana Pérez;Diario: V2 22172 «El Sr. BOTANA:» · tildes: Pérez (texto 12.467 de 12.543) · Congreso: BOTANA PEREZ, ENRIQUE HERACLIO, elecciones 1931 · RAH 8162: Enrique Heraclio Botana Pérez;confirmada;Botana;Enrique Heraclio Botana
155;Juan Botella Asensi;Juan Botella Asensi;Diario: V2 3107 «El Sr. BOTELLA:» · Congreso: BOTELLA ASENSI, JUAN, elecciones 1931 · RAH 8184: Juan Botella Asensi;confirmada;Botella;Juan Botella
156;Jose Brianso Salvado;José Briansó Salvado;Diario: V2 101707, en el texto: «José Briansó Salvado» · tildes: Briansó (texto 60 de 60) · Congreso: BRIANSO SALVADO, JOSE, elecciones 1936 · RAH: sin biografía;probable;Briansó Salvado;José Briansó Salvado
157;Jeronimo Bugeda Muñoz;Jerónimo Bugeda Muñoz;Diario: V2 2162 «El Sr. BUGEDA:» · tildes: Muñoz (texto 1.666 de 1.690) · Congreso: BUGEDA MUÑOZ, JERONIMO, elecciones 1931, 1933, 1936 · RAH: sin biografía;probable;Bugeda;Jerónimo Bugeda
159;Francisco Burgos Diaz;Francisco Burgos Díaz;Diario: V2 71673 «El Sr. BURGOS DÍAZ:» · tildes: Díaz (texto 3.622 de 4.922) · Congreso: BURGOS DIAZ, FRANCISCO, elecciones 1933 · RAH: sin biografía;probable;Burgos;Francisco Burgos
161;Miguel Cabanellas Ferrer;Miguel Cabanellas Ferrer;Diario: V2 66358 «El Sr. CABANELLAS:» · Congreso: CABANELLAS FERRER, MIGUEL, elecciones 1933 · RAH 8848: Miguel Cabanellas Ferrer;confirmada;Cabanellas;Miguel Cabanellas
162;Remigio Cabello Toral;Remigio Cabello Toral;Diario: V2 39280 «El Sr. CABELLO:» · Congreso: CABELLO TORAL, REMIGIO, elecciones 1931 · RAH 9046: Remigio Cabello Toral;confirmada;Cabello;Remigio Cabello
164;Antonio Cabrera Toba;Antonio Cabrera Toba;Diario: V2 16127 «El Sr. CABRERA:» · Congreso: CABRERA TOBA, ANTONIO, elecciones 1931, 1936 · RAH: sin biografía;probable;Cabrera;Antonio Cabrera
166;Abilio Calderon Rojo;Abilio Calderón Rojo;Diario: V2 47294 «El Sr. CALDERÓN:» · tildes: Calderón (texto 2.709 de 2.713) · Congreso: CALDERON ROJO, ABILIO, elecciones 1931, 1933, 1936 · RAH 8724: Abilio Calderón Rojo;confirmada;Calderón;Abilio Calderón
167;Juan Calot Sanz;Juan Calot Sanz;Diario: V2 3476 «El Sr. CALOT:» · Congreso: CALOT SANZ, JUAN, elecciones 1931, 1933 · RAH: sin biografía;probable;Calot;Juan Calot
170;Jose Calvo Sotelo;José Calvo Sotelo;Diario: V2 69603 «El Sr. CALVO SOTELO:» · Congreso: CALVO SOTELO, JOSE, elecciones 1931, 1933, 1936 · RAH 8233: José Calvo Sotelo;confirmada;Calvo Sotelo;José Calvo Sotelo
171;Luciano De La Calzada Rodriguez;Luciano de la Calzada Rodríguez;Diario: V2 95308 «El Sr. CALZADA:» · tildes: Rodríguez (texto 7.210 de 9.716) · Congreso: CALZADA RODRIGUEZ, LUCIANO DE LA, elecciones 1933, 1936 · RAH: sin biografía;probable;Calzada;Luciano de la Calzada
172;Miguel De Camara Cendoya;Miguel de Cámara Cendoya;Diario: V2 49849 «El Sr. CAMARA:» · tildes: Cámara (texto 48.619 de 50.604) · Congreso: CAMARA CENDOYA, MIGUEL DE, elecciones 1931, 1933 · RAH: sin biografía;probable;Cámara;Miguel de Cámara
173;Francisco De Asis Cambo Y Batlle;Francisco de Asís Cambó y Batlle;Diario: V2 70082 «El Sr. CAMBÓ:» · tildes: Cambó (texto 1.175 de 1.179) · Congreso: CAMBO Y BATLLE, FRANCISCO DE ASIS, elecciones 1933 · RAH 8621: Francesc Cambó i Batlle;confirmada;Cambó;Francisco de Asís Cambó
174;Rafael Campalans Puig;Rafael Campalans Puig;Diario: V2 15465 «El Sr. CAMPALANS:» · Congreso: CAMPALANS PUIG, RAFAEL, elecciones 1931 · RAH 8359: Rafael Campalans Puig · nota: El Diario castellaniza «Campaláns» (422 frente a 18), la RAH y la forma catalana, «Campalans». Se propone la de la RAH.;por revisar;Campalans;Rafael Campalans
175;Clara Campoamor Y Rodriguez;Clara Campoamor y Rodríguez;Diario: V2 2817 «La Srta. CAMPOAMOR:» · tildes: Rodríguez (texto 7.210 de 9.716) · Congreso: CAMPOAMOR Y RODRIGUEZ, CLARA, elecciones 1931 · RAH 8249: Clara Campoamor Rodríguez;confirmada;Campoamor;Clara Campoamor
177;Antonio Canales Gonzalez;Antonio Canales González;Diario: V2 1693 «El Sr. CANALES:» · tildes: González (texto 8.765 de 8.793) · Congreso: CANALES GONZALEZ, ANTONIO, elecciones 1931 · RAH: sin biografía;probable;Antonio Canales;Antonio Canales
178;Juan Canales Gonzalez;Juan Canales González;Diario: V2 13580 «El Sr. CANALES (D. Juan):» · tildes: González (texto 8.765 de 8.793) · Congreso: CANALES GONZALEZ, JUAN, elecciones 1931 · RAH: sin biografía;probable;Juan Canales;Juan Canales
179;Jose Antonio Canals Alvarez;José Antonio Canals Álvarez;Diario: V2 102079 «El Sr. CANALS:» · Congreso: CANALS ALVAREZ, JOSE ANTONIO, elecciones 1936 · RAH: sin biografía;probable;Canals;José Antonio Canals
180;Jose Teodoro Canet Menendez;José Teodoro Canet Menéndez;Diario: V2 48869 «El Sr. CANET:» · tildes: Menéndez (texto 2.746 de 2.769) · Congreso: CANET MENENDEZ, JOSE TEODORO, elecciones 1931, 1933 · RAH: sin biografía;probable;Canet;José Teodoro Canet
181;Antonio Cañizares Peñalva;Antonio Cañizares Peñalva;Diario: V2 13366 «El Sr. CANIZARES:» · tildes: Cañizares (texto 1.231 de 1.276), Peñalva (texto 39 de 42) · Congreso: CAÑIZARES PEÑALVA, ANTONIO, elecciones 1931 · RAH: sin biografía;probable;Cañizares;Antonio Cañizares
182;Jose Cano Coloma;José Cano Coloma;Diario: V2 8125 «El Sr. CANO COLOMA:» · Congreso: CANO COLOMA, JOSE, elecciones 1931 · RAH: sin biografía;probable;Cano Coloma;José Cano Coloma
183;Rufino Cano De Rueda;Rufino Cano de Rueda;Diario: V2 3371 «El Sr. CANO DE RUEDA:» · Congreso: CANO DE RUEDA, RUFINO, elecciones 1931, 1933, 1936 · RAH 9823: Rufino Cano de Rueda;confirmada;Cano de Rueda;Rufino Cano de Rueda
184;Dionisio Cano Lopez;Dionisio Cano López;Diario: V2 62221 «El Sr. CANO LÓPEZ:» · tildes: López (texto 7.391 de 7.403) · Congreso: CANO LOPEZ, DIONISIO, elecciones 1933 · RAH: sin biografía;probable;Cano López;Dionisio Cano López
185;Blas Cantalapiedra Gutierrez;Blas Cantalapiedra Gutiérrez;Diario: V2 95310 «El Sr. CANTALAPIEDRA:» · tildes: Gutiérrez (texto 656 de 662) · Congreso: CANTALAPIEDRA GUTIERREZ, BLAS, elecciones 1933 · RAH: sin biografía;probable;Cantalapiedra;Blas Cantalapiedra
186;Vicente Cantos Figuerola;Vicente Cantos Figuerola;Diario: V2 68592 «El Sr. Ministro de JUSTICIA (Cantos Figuerola):» · Congreso: CANTOS FIGUEROLA, VICENTE, elecciones 1931, 1933 · RAH 9567: José Vicente Cantos Figuerola;confirmada;Cantos Figuerola;Vicente Cantos Figuerola
187;Ramon Cantos Saiz De Carlos;Ramón Cantos Saiz de Carlos;Diario: V2 72260 «El Sr. CANTOS SAIZ DE CARLOS:» · Congreso: CANTOS SAIZ DE CARLOS, RAMON, elecciones 1933 · RAH: sin biografía;probable;Cantos Saiz de Carlos;Ramón Cantos Saiz de Carlos
189;Juan Antonio De Careaga Y Andueza;Juan Antonio de Careaga y Andueza;Diario: V2 61929 «El Sr. CAREAGA:» · Congreso: CAREAGA Y ANDUEZA, JUAN ANTONIO DE, elecciones 1933 · RAH: sin biografía;probable;Careaga;Juan Antonio de Careaga
190;Jaime Carner Romeu;Jaime Carner Romeu;Diario: V2 14462 «El Sr. Ministro de HACIENDA (Carner):» · tildes: Romeu (sin la tilde castellanizadora del diptongo final (7 sin tilde en el texto)), Romeu (texto 3 de 10) · Congreso: CARNER ROMEU, JAIME, elecciones 1931 · RAH 9335: Jaume Carner Romeu · nota: El Diario castellaniza a veces «Roméu» (3 de 10), la RAH titula «Jaume Carner Romeu». Nombre de pila en la forma del Diario.;confirmada;Carner;Jaime Carner
191;Ramon De Carranza Y Fernandez Reguera;Ramón de Carranza y Fernández Reguera;Diario: V2 64403 «El Sr. CARRANZA:» · tildes: Fernández (texto 16.573 de 16.592) · Congreso: CARRANZA Y FERNANDEZ REGUERA, RAMON DE (MARQUES DE VILLA PESADILLA), elecciones 1933, 1936 · RAH 9317: Ramón de Carranza y Fernández de la Reguera;confirmada;Carranza;Ramón de Carranza
192;Geminiano Carrascal Martin;Geminiano Carrascal Martín;Diario: V2 98336 «El Sr. CARRASCAL MARTÍN:» · tildes: Martín (texto 4.959 de 6.931) · Congreso: CARRASCAL MARTIN, GEMINIANO, elecciones 1933, 1936 · RAH: sin biografía;probable;Carrascal;Geminiano Carrascal
194;Jose Carrasco Cabezuelo;José Carrasco Cabezuelo;Diario: V2 90469 «El Sr. CARRASCO:» · Congreso: CARRASCO CABEZUELO, JOSE, elecciones 1933 · RAH: sin biografía;probable;Carrasco;José Carrasco
195;Manuel Carrasco Y Formiguera;Manuel Carrasco y Formiguera;Diario: V2 1150 «El Sr. CARRASCO FORMIGUERA:» · Congreso: CARRASCO Y FORMIGUERA, MANUEL, elecciones 1931 · RAH 9365: Manuel Carrasco i Formiguera;confirmada;Carrasco y Formiguera;Manuel Carrasco y Formiguera
196;Juan Carreño Vargas;Juan Carreño Vargas;Diario: V2 42531 «El Sr. CARRENO:» · tildes: Carreño (texto 498 de 498) · Congreso: CARREÑO VARGAS, JUAN, elecciones 1931 · RAH: sin biografía;probable;Carreño;Juan Carreño
197;Ramon Carreras Pons;Ramón Carreras Pons;Diario: V2 24550 «El Sr. CARRERAS PONS:» · Congreso: CARRERAS PONS, RAMON, elecciones 1931 · RAH: sin biografía;probable;Carreras Pons;Ramón Carreras Pons
198;Francisco Carreras Reura;Francisco Carreras Reura;Diario: V2 38787 «El Sr. CARRERAS REURA:» · Congreso: CARRERAS REURA, FRANCISCO, elecciones 1931 · RAH: sin biografía;probable;Carreras Reura;Francisco Carreras Reura
199;Gerardo Carreres Bayarri;Gerardo Carreres Bayarri;Diario: V2 7001 «El Sr. CARRERES:» · Congreso: CARRERES BAYARRI, GERARDO, elecciones 1931, 1933 · RAH: sin biografía;probable;Carreres;Gerardo Carreres
201;Wenceslao Carrillo Alonso;Wenceslao Carrillo Alonso;Diario: V2 8961 «El Sr. CARRILLO:» · Congreso: CARRILLO ALONSO, WENCESLAO, elecciones 1931, 1936 · RAH 9534: Wenceslao Carrillo Alonso-Forjador;confirmada;Carrillo;Wenceslao Carrillo
203;Jose Maria Casabo Torras;José María Casabó Torras;Diario: V2 89305 «El Sr. CASABÓ:» · tildes: Casabó (texto 335 de 335) · Congreso: CASABO TORRAS, JOSE MARIA, elecciones 1933, 1936 · RAH: sin biografía;probable;Casabó;José María Casabó
208;Candido Casanueva Y Gorjon;Cándido Casanueva y Gorjón;Diario: V2 61639 «El Sr. VICEPRESIDENTE (Casanueva):» · tildes: Gorjón (texto 30 de 30) · Congreso: CASANUEVA Y GORJON, CANDIDO, elecciones 1931, 1933, 1936 · RAH 10581: Cándido Casanueva y Gorjón;confirmada;Casanueva;Cándido Casanueva
209;Santiago Casares Quiroga;Santiago Casares Quiroga;Diario: V2 8785 «El Sr. Ministro de la GOBERNACION (Casares Quiroga):» · Congreso: CASARES QUIROGA, SANTIAGO, elecciones 1931, 1933, 1936 · RAH 10653: Santiago Casares Quiroga;confirmada;Casares Quiroga;Santiago Casares Quiroga
210;Hermenegildo Casas Jimenez;Hermenegildo Casas Jiménez;Diario: V2 2664 «El Sr. CASAS:» · tildes: Jiménez (texto 5.617 de 5.623) · Congreso: CASAS JIMENEZ, HERMENEGILDO, elecciones 1931, 1933 · RAH 10768: Hermenegildo Casas Jiménez;confirmada;Casas;Hermenegildo Casas
213;Ernesto Castaño Arevalo;Ernesto Castaño Arévalo;Diario: V2 69464 «El Sr. CASTANO:» · tildes: Castaño (texto 639 de 648), Arévalo (texto 1.022 de 1.030) · Congreso: CASTAÑO AREVALO, ERNESTO, elecciones 1933, 1936 · RAH: sin biografía;probable;Castaño;Ernesto Castaño
215;Eduardo Castillo Blasco;Eduardo Castillo Blasco;Diario: V2 101972 «El Sr. CASTILLO:» · Congreso: CASTILLO BLASCO, EDUARDO, elecciones 1936 · RAH: sin biografía;probable;Castillo;Eduardo Castillo
216;Federico Del Castillo Extremera;Federico del Castillo Extremera;Diario: V2 9515 «El Sr. CASTILLO EXTREMERA:» · Congreso: CASTILLO EXTREMERA, FEDERICO DEL, elecciones 1931 · RAH: sin biografía;probable;Castillo Extremera;Federico del Castillo Extremera
217;Enrique Del Castillo Folache;Enrique del Castillo Folache;Diario: V2 18373 «El Sr. CASTILLO FOLACHE:» · Congreso: CASTILLO FOLACHE, ENRIQUE DEL, elecciones 1931, 1933 · RAH: sin biografía;probable;Castillo Folache;Enrique del Castillo Folache
218;Juan Castrillo Santos;Juan Castrillo Santos;Diario: V2 754 «El Sr. CASTRILLO:» · Congreso: CASTRILLO SANTOS, JUAN, elecciones 1931 · RAH: sin biografía;probable;Castrillo;Juan Castrillo
219;Honorato De Castro Bonel;Honorato de Castro Bonel;Diario: V2 20504 «El Sr. CASTRO:» · Congreso: CASTRO BONEL, HONORATO DE, elecciones 1931, 1936 · RAH: sin biografía;probable;Castro;Honorato de Castro
221;Roberto Castrovido Sanz;Roberto Castrovido Sanz;Diario: V2 3652 «El Sr. CASTROVIDO:» · Congreso: CASTROVIDO SANZ, ROBERTO, elecciones 1931 · RAH: sin biografía;probable;Castrovido;Roberto Castrovido
222;Jose Cazorla Salcedo;José Cazorla Salcedo;Diario: V2 63241 «El Sr. CAZORLA:» · Congreso: CAZORLA SALCEDO, JOSE, elecciones 1933 · RAH: sin biografía;probable;Cazorla;José Cazorla
223;Pablo Ceballos Botin;Pablo Ceballos Botín;Diario: V2 102747 «El Sr. CEBALLOS:» · tildes: Botín (texto 6 de 8) · Congreso: CEBALLOS BOTIN, PABLO, elecciones 1936 · RAH: sin biografía;probable;Ceballos;Pablo Ceballos
224;Jose Centeno Gonzalez;José Centeno González;Diario: V2 3616 «El Sr. CENTENO:» · tildes: González (texto 8.765 de 8.793) · Congreso: CENTENO GONZALEZ, JOSE, elecciones 1931 · RAH: sin biografía;probable;Centeno;José Centeno
226;Francisco Cervera Jimenez Alfaro;Francisco Cervera Jiménez Alfaro;Diario: V2 104125 «El Sr. CERVERA:» · tildes: Jiménez (texto 5.617 de 5.623) · Congreso: CERVERA JIMENEZ ALFARO, FRANCISCO, elecciones 1936 · RAH: sin biografía;probable;Cervera;Francisco Cervera
228;Adolfo Chacon De La Mata;Adolfo Chacón de la Mata;Diario: V2 46110 «El Sr. CHACÓN:» · tildes: Chacón (texto 695 de 706) · Congreso: CHACON DE LA MATA, ADOLFO, elecciones 1931 · RAH: sin biografía;probable;Chacón;Adolfo Chacón
229;Joaquin Chapaprieta Y Torregrosa;Joaquín Chapaprieta y Torregrosa;Diario: V2 63144 «El Sr. CHAPAPRIETA:» · Congreso: CHAPAPRIETA Y TORREGROSA, JOAQUIN, elecciones 1933, 1936 · RAH 11484: Joaquín Chapaprieta Torregrosa;confirmada;Chapaprieta;Joaquín Chapaprieta
231;Jose Maria Cid Ruiz Zorrilla;José María Cid Ruiz Zorrilla;Diario: V2 14235 «El Sr. CID:» · Congreso: CID RUIZ ZORRILLA, JOSE MARIA, elecciones 1931, 1933, 1936 · RAH 11379: José María Cid y Ruiz Zorrilla;confirmada;Cid;José María Cid
232;Jose Cimas Leal;José Cimas Leal;Diario: V2 62543 «El Sr. CIMAS LEAL:» · Congreso: CIMAS LEAL, JOSE, elecciones 1933, 1936 · RAH: sin biografía;probable;Cimas Leal;José Cimas Leal
233;Fernando Coca Gonzalez Saavedra;Fernando Coca González Saavedra;Diario: V2 7471 «El Sr. COCA:» · tildes: González (texto 8.765 de 8.793) · Congreso: COCA GONZALEZ SAAVEDRA, FERNANDO, elecciones 1931 · RAH: sin biografía;probable;Coca;Fernando Coca
236;Jesus Comin Sagues;Jesús Comín Sagües;Diario: V2 63027 «El Sr. COMÍN:» · tildes: Comín (texto 911 de 1.224), Sagües (texto 14 de 21) · Congreso: COMIN SAGUES, JESUS, elecciones 1933, 1936 · RAH: sin biografía · nota: El Diario imprime «Sagües» (14), «Sagués» (4) y «Sagues» (3): la sílaba tónica no queda clara. Sin biografía en la RAH.;por revisar;Comín;Jesús Comín
238;Juan Company Jimenez;Juan Company Jiménez;Diario: V2 51012 «El Sr. COMPANY JIMÉNEZ:» · tildes: Jiménez (texto 5.617 de 5.623) · Congreso: COMPANY JIMENEZ, JUAN, elecciones 1931, 1936 · RAH: sin biografía;probable;Company Jiménez;Juan Company Jiménez
239;Luis Companys Jover;Luis Companys Jover;Diario: V2 19 «El Sr. COMPANYS:» · Congreso: COMPANYS JOVER, LUIS, elecciones 1931, 1933, 1936 · RAH 12636: Lluís Companys i Jover;confirmada;Companys;Luis Companys
242;Luis Cordero Bel;Luis Cordero Bel;Diario: V2 399 «El Sr. CORDERO:» · Congreso: CORDERO BEL, LUIS, elecciones 1931, 1936 · RAH: sin biografía;probable;Cordero;Luis Cordero
243;Manuel Cordero Perez;Manuel Cordero Pérez;Diario: V2 53191 «El Sr. CORDERO PÉREZ:» · tildes: Pérez (texto 12.467 de 12.543) · Congreso: CORDERO PEREZ, MANUEL, elecciones 1931 · RAH 11845: Manuel Cordero Pérez;confirmada;Cordero Pérez;Manuel Cordero Pérez
244;Luis Cornide Quiroga;Luis Cornide Quiroga;Diario: V2 833 «El Sr. CORNIDE:» · Congreso: CORNIDE QUIROGA, LUIS, elecciones 1931, 1936 · RAH: sin biografía;probable;Cornide;Luis Cornide
245;Pedro Corominas Y Montaña;Pedro Corominas y Montaña;Diario: V2 4021 «El Sr. COROMINAS:» · tildes: Montaña (texto 62 de 62) · Congreso: COROMINAS Y MONTAÑA, PEDRO, elecciones 1931, 1936 · RAH 12129: Corominas Montaña, Pedro;confirmada;Corominas;Pedro Corominas
247;Ricardo Cortes Villasana;Ricardo Cortes Villasana;Diario: V2 82342 «El Sr. CORTES:» · Congreso: CORTES VILLASANA, RICARDO, elecciones 1931, 1933, 1936 · RAH 11901: Ricardo Cortes Villasana;confirmada;Cortes;Ricardo Cortes
251;Ricardo Crespo Romero;Ricardo Crespo Romero;Diario: V2 40 «El Sr. CRESPO:» · Congreso: CRESPO ROMERO, RICARDO, elecciones 1931 · RAH: sin biografía;probable;Crespo;Ricardo Crespo
252;Tomas Cruz Garcia;Tomás Cruz García;Diario: V2 72141 «El Sr. CRUZ GARCÍA:» · tildes: García (texto 12.645 de 13.684) · Congreso: CRUZ GARCIA, TOMAS, elecciones 1933 · RAH: sin biografía;probable;Cruz;Tomás Cruz
254;Enrique Cuartero Pascual;Enrique Cuartero Pascual;Diario: V2 62181 «El Sr. CUARTERO:» · Congreso: CUARTERO PASCUAL, ENRIQUE, elecciones 1933, 1936 · RAH: sin biografía;probable;Cuartero;Enrique Cuartero
255;Ramon De La Cuesta Y Cobo De La Torre;Ramón de la Cuesta y Cobo de la Torre;Diario: V2 50606 «El Sr. CUESTA:» · Congreso: CUESTA Y COBO DE LA TORRE, RAMON DE LA, elecciones 1931, 1933 · RAH 13245: Ramón de la Cuesta y Cobo de la Torre;confirmada;Cuesta;Ramón de la Cuesta
257;Fermin Daza Diaz Del Castillo;Fermín Daza Díaz del Castillo;Diario: V2 63886 «El Sr. DAZA:» · tildes: Díaz (texto 3.622 de 4.922) · Congreso: DAZA DIAZ DEL CASTILLO, FERMIN, elecciones 1933, 1936 · RAH: sin biografía;probable;Daza;Fermín Daza
259;Jose Dencas Puigdollers;José Dencás Puigdollers;Diario: V2 3263 «El Sr. DENCAS:» · tildes: Dencás (texto 208 de 218) · Congreso: DENCAS PUIGDOLLERS, JOSE, elecciones 1931 · RAH: sin biografía;probable;Dencás;José Dencás
260;Perfecto Diaz Alonso;Perfecto Díaz Alonso;Diario: V2 12433 «El Sr. DÍAZ ALONSO:» · tildes: Díaz (texto 3.622 de 4.922) · Congreso: DIAZ ALONSO, PERFECTO, elecciones 1931 · RAH: sin biografía;probable;Díaz Alonso;Perfecto Díaz Alonso
261;Jose Diaz Ambrona Moreno;José Díaz Ambrona Moreno;Diario: V2 71914 «El Sr. DÍAZ AMBRONA:» · tildes: Díaz (texto 3.622 de 4.922) · Congreso: DIAZ AMBRONA MORENO, JOSE, elecciones 1933 · RAH: sin biografía;probable;Díaz Ambrona;José Díaz Ambrona
262;Emiliano Diaz Castro;Emiliano Díaz Castro;Diario: V2 105860 «El Sr. DÍAZ CASTRO:» · tildes: Díaz (texto 3.622 de 4.922) · Congreso: DIAZ CASTRO, EMILIANO, elecciones 1936 · RAH: sin biografía;probable;Díaz Castro;Emiliano Díaz Castro
263;Juan Diaz Del Moral;Juan Díaz del Moral;Diario: V2 25312 «El Sr. DÍAZ DEL MORAL:» · tildes: Díaz (texto 3.622 de 4.922) · Congreso: DIAZ DEL MORAL, JUAN, elecciones 1931 · RAH 14403: Juan Díaz del Moral;confirmada;Díaz del Moral;Juan Díaz del Moral
264;Jose Diaz Fernandez;José Díaz Fernández;Diario: V2 7633 «El Sr. DÍAZ FERNANDEZ:» · tildes: Díaz (texto 3.622 de 4.922), Fernández (texto 16.573 de 16.592) · Congreso: DIAZ FERNANDEZ, JOSE, elecciones 1931, 1936 · RAH 14500: José Díaz Fernández;confirmada;Díaz Fernández;José Díaz Fernández
266;Jose Diaz Ramos;José Díaz Ramos;Diario: V2 101773 «El Sr. DÍAZ RAMOS:» · tildes: Díaz (texto 3.622 de 4.922) · Congreso: DIAZ RAMOS, JOSE, elecciones 1936 · RAH 14079: José Díaz Ramos;confirmada;Díaz Ramos;José Díaz Ramos
269;Fulgencio Diez Pastor;Fulgencio Díez Pastor;Diario: V2 64195 «El Sr. DÍez PASTOR:» · tildes: Díez (texto 483 de 1.498) · Congreso: DIEZ PASTOR, FULGENCIO, elecciones 1933, 1936 · RAH: sin biografía;probable;Díez Pastor;Fulgencio Díez Pastor
270;Manuel Dolcet Carmen;Manuel Dolcet Carmen;Diario: V2 7443 «El Sr. DOLCET:» · Congreso: DOLCET CARMEN, MANUEL, elecciones 1931 · RAH: sin biografía;probable;Dolcet;Manuel Dolcet
271;Andres Domingo Martinez;Andrés Domingo Martínez;Diario: V2 60867 «El Sr. DOMINGO MARTÍNEZ:» · tildes: Martínez (texto 12.253 de 15.580) · Congreso: DOMINGO MARTINEZ, ANDRES, elecciones 1931 · RAH: sin biografía;probable;Domingo Martínez;Andrés Domingo Martínez
272;Marcelino Domingo Sanjuan;Marcelino Domingo Sanjuán;Diario: V2 17191 «El Sr. Ministro de AGRICULTURA, INDUSTRIA Y COMERCIO (Domingo):» · tildes: Sanjuán (texto 39 de 42) · Congreso: DOMINGO SANJUAN, MARCELINO, elecciones 1931, 1936 · RAH 13903: Marcelino Domingo Sanjuán;confirmada;Domingo;Marcelino Domingo
273;Tomas Dominguez Arevalo;Tomás Domínguez Arévalo;Diario: V2 47220 «El Sr. DOMÍNGUEZ ARÉVALO:» · tildes: Domínguez (texto 705 de 1.524), Arévalo (texto 1.022 de 1.030) · Congreso: DOMINGUEZ AREVALO, TOMAS, elecciones 1931, 1933, 1936 · RAH 13961: Tomás Domínguez Arévalo y Fernández de Navarrete;confirmada;Domínguez Arévalo;Tomás Domínguez Arévalo
274;Jose Dominguez Barbero;José Domínguez Barbero;Diario: V2 27263 «El Sr. DOMINGUEZ BARBERO:» · tildes: Domínguez (texto 705 de 1.524) · Congreso: DOMINGUEZ BARBERO, JOSE, elecciones 1931 · RAH: sin biografía;probable;Domínguez Barbero;José Domínguez Barbero
277;Carlos Echeguren Ocio;Carlos Echeguren Ocio;Diario: V2 64740 «El Sr. ECHEGUREN:» · Congreso: ECHEGUREN OCIO, CARLOS, elecciones 1933 · RAH: sin biografía;probable;Echeguren;Carlos Echeguren
280;Francisco Javier Elola Y Diaz Varela;Francisco Javier Elola y Díaz Varela;Diario: V2 10038 «El Sr. ELOLA:» · tildes: Díaz (texto 3.622 de 4.922) · Congreso: ELOLA Y DIAZ VARELA, FRANCISCO JAVIER, elecciones 1931 · RAH 15123: Francisco Javier Elola y Díaz Varela;confirmada;Elola;Francisco Javier Elola
281;Enrique Esbri Fernandez;Enrique Esbrí Fernández;Diario: V2 38408 «El Sr. ESBRI:» · tildes: Esbrí (texto 214 de 772), Fernández (texto 16.573 de 16.592) · Congreso: ESBRI FERNANDEZ, ENRIQUE, elecciones 1931 · RAH: sin biografía;probable;Esbrí;Enrique Esbrí
282;Isidro Escandell Ubeda;Isidro Escandell Ubeda;Diario: V2 15541 «El Sr. ESCANDELL:» · Congreso: ESCANDELL UBEDA, ISIDRO, elecciones 1931, 1936 · RAH: sin biografía;probable;Escandell;Isidro Escandell
284;Roberto Escribano Iglesias;Roberto Escribano Iglesias;Diario: V2 102385 «El Sr. ESCRIBANO:» · Congreso: ESCRIBANO IGLESIAS, ROBERTO, elecciones 1936 · RAH: sin biografía;probable;Escribano;Roberto Escribano
287;Rafael Esparza Garcia;Rafael Esparza García;Diario: V2 72613 «El Sr. ESPARZA:» · tildes: García (texto 12.645 de 13.684) · Congreso: ESPARZA GARCIA, RAFAEL, elecciones 1933, 1936 · RAH: sin biografía;probable;Esparza;Rafael Esparza
288;Carlos Espla Rizo;Carlos Esplá Rizo;Diario: V2 22293 «El Sr. ESPLA:» · tildes: Esplá (texto 833 de 852) · Congreso: ESPLA RIZO, CARLOS, elecciones 1931, 1936 · RAH 14576: Carlos Esplá Rizo;confirmada;Esplá;Carlos Esplá
289;Jose Estadella Arno;José Estadella Arnó;Diario: V2 62694 «El Sr. Ministro de TRABAJO Y PREVISIÓN SOCIAL (Estadella):» · tildes: Arnó (texto 12 de 17) · Congreso: ESTADELLA ARNO, JOSE, elecciones 1931 · RAH 15976: José Estadella y Arnó;confirmada;Estadella;José Estadella
290;Juan Estelrich Artigues;Juan Estelrich Artigues;Diario: V2 7719 «El Sr. ESTELRICH:» · Congreso: ESTELRICH ARTIGUES, JUAN, elecciones 1931, 1933, 1936 · RAH 16211: Joan Estelrich i Artigues;confirmada;Estelrich;Juan Estelrich
292;Francisco Estevanez Rodriguez;Francisco Estévanez Rodríguez;Diario: V2 51065 «El Sr. ESTÉVANEZ:» · tildes: Estévanez (texto 782 de 795), Rodríguez (texto 7.210 de 9.716) · Congreso: ESTEVANEZ RODRIGUEZ, FRANCISCO, elecciones 1931, 1933, 1936 · RAH: sin biografía;probable;Estévanez;Francisco Estévanez
293;Martin Esteve Guau;Martín Esteve Guau;Diario: V2 12519 «El Sr. ESTEVE:» · Congreso: ESTEVE GUAU, MARTIN, elecciones 1931, 1936 · RAH: sin biografía;probable;Esteve;Martín Esteve
294;Antonio Fabra Ribas;Antonio Fabra Ribas;Diario: V2 6625 «El Sr. FABRA RIBAS:» · Congreso: FABRA RIBAS, ANTONIO, elecciones 1931 · RAH 16004: Antonio Fabra Ribas;confirmada;Fabra Ribas;Antonio Fabra Ribas
295;Luis Fabrega Coello;Luis Fábrega Coello;Diario: V2 14206 «El Sr. FABREGA:» · tildes: Fábrega (texto 602 de 609) · Congreso: FABREGA COELLO, LUIS, elecciones 1931 · RAH: sin biografía;probable;Luis Fábrega;Luis Fábrega
296;Luis Fabrega Santamaria;Luis Fábrega Santamaría;Diario: V2 84407 «El Sr. FÁBREGA:» · tildes: Fábrega (texto 602 de 609), Santamaría (texto 8 de 17) · Congreso: FABREGA SANTAMARIA, LUIS, elecciones 1933 · RAH: sin biografía;probable;Luis Fábrega;Luis Fábrega
298;Joaquin Fanjul Goñi;Joaquín Fanjul Goñi;Diario: V2 267 «El Sr. FANJUL:» · tildes: Goñi (texto 24 de 26) · Congreso: FANJUL GOÑI, JOAQUIN, elecciones 1931, 1933, 1936 · RAH 15932: Joaquín Fanjul Goñi;confirmada;Fanjul;Joaquín Fanjul
299;Vicente Fatras Neira;Vicente Fatrás Neira;Diario: V2 15104 «El Sr. FATRAS:» · tildes: Fatrás (texto 714 de 742) · Congreso: FATRAS NEIRA, VICENTE, elecciones 1931 · RAH: sin biografía;probable;Fatrás;Vicente Fatrás
301;Ramon Feced Gresa;Ramón Feced Gresa;Diario: V2 14538 «El Sr. FECED:» · Congreso: FECED GRESA, RAMON, elecciones 1931 · RAH 15629: Ramón Feced Gresa;confirmada;Feced;Ramón Feced
304;Antonio Fernandez Bolaños Mora;Antonio Fernández-Bolaños Mora;Diario: V2 35523 «El Sr. FERNÁNDEZ-BOLANOS:» · tildes: Fernández (texto 16.573 de 16.592), Bolaños (texto 684 de 708) · Congreso: FERNANDEZ BOLAÑOS MORA, ANTONIO, elecciones 1931, 1933, 1936 · RAH: sin biografía;probable;Fernández-Bolaños;Antonio Fernández-Bolaños
305;Federico Fernandez Castillejo;Federico Fernández Castillejo;Diario: V2 51208 «El Sr. FERNÁNDEZ CASTILLEJO:» · tildes: Fernández (texto 16.573 de 16.592) · Congreso: FERNANDEZ CASTILLEJO, FEDERICO, elecciones 1931, 1933, 1936 · RAH 46915: Federico Fernández de Castillejo;confirmada;Fernández Castillejo;Federico Fernández Castillejo
306;Luis Fernandez Clerigo;Luis Fernández Clérigo;Diario: V2 103963 «El Sr. VICEPRESIDENTE (Fernández Clérigo):» · tildes: Fernández (texto 16.573 de 16.592), Clérigo (texto 1.264 de 1.271) · Congreso: FERNANDEZ CLERIGO, LUIS, elecciones 1931, 1936 · RAH: sin biografía;probable;Fernández Clérigo;Luis Fernández Clérigo
307;Mariano Fernandez De Cordoba Y Castrillo;Mariano Fernández de Córdoba y Castrillo;Diario: V2 74107 «El Sr. FERNÁNDEZ DE CÓRDoba:» · tildes: Fernández (texto 16.573 de 16.592), Córdoba (texto 1.756 de 1.844) · Congreso: FERNANDEZ DE CORDOBA Y CASTRILLO, MARIANO, elecciones 1933 · RAH: sin biografía;probable;Fernández de Córdoba;Mariano Fernández de Córdoba
308;Herminio Fernandez De La Poza;Herminio Fernández de la Poza;Diario: V2 45524 «El Sr. FERNÁNDEZ DE LA POZA:» · tildes: Fernández (texto 16.573 de 16.592) · Congreso: FERNANDEZ DE LA POZA, HERMINIO, elecciones 1931 · RAH: sin biografía;probable;Fernández de la Poza;Herminio Fernández de la Poza
309;Virgilio Fernandez De La Vega Lombau;Virgilio Fernández de la Vega Lombau;Diario: V2 103648 «El Sr. FERNANDEZ DE LA VEGA:» · tildes: Fernández (texto 16.573 de 16.592) · Congreso: FERNANDEZ DE LA VEGA LOMBAU, VIRGILIO, elecciones 1936 · RAH: sin biografía;probable;Fernández de la Vega;Virgilio Fernández de la Vega
310;Eladio Fernandez Egocheaga;Eladio Fernández Egocheaga;Diario: V2 431 «El Sr. FERNANDEZ EGOCHEAGA:» · tildes: Fernández (texto 16.573 de 16.592) · Congreso: FERNANDEZ EGOCHEAGA, ELADIO, elecciones 1931 · RAH 16784: Eladio Fernández Egocheaga;confirmada;Fernández Egocheaga;Eladio Fernández Egocheaga
311;Adolfo Fernandez Gutierrez;Adolfo Fernández Gutiérrez;Diario: V2 63811 «El Sr. FERNÁNDEZ GUTIÉRREZ:» · tildes: Fernández (texto 16.573 de 16.592), Gutiérrez (texto 656 de 662) · Congreso: FERNANDEZ GUTIERREZ, ADOLFO, elecciones 1933 · RAH: sin biografía;probable;Fernández Gutiérrez;Adolfo Fernández Gutiérrez
312;Luis Fernandez Heredia Y Del Pozo;Luis Fernández Heredia y del Pozo;Diario: V2 103098 «El Sr. FERNÁNDEZ HEREDIA:» · tildes: Fernández (texto 16.573 de 16.592) · Congreso: FERNANDEZ HEREDIA Y DEL POZO, LUIS, elecciones 1933, 1936 · RAH: sin biografía;probable;Fernández Heredia;Luis Fernández Heredia
315;Jose Maria Fernandez Ladreda Y Menendez Valdes;José María Fernández Ladreda y Menéndez Valdés;Diario: V2 69475 «El Sr. FERNÁNDEZ LADREDA:» · tildes: Fernández (texto 16.573 de 16.592), Menéndez (texto 2.746 de 2.769), Valdés (texto 1.227 de 1.229) · Congreso: FERNANDEZ LADREDA Y MENENDEZ VALDES, JOSE MARIA, elecciones 1933, 1936 · RAH 16980: José María Fernández Ladreda y Menéndez Valdés;confirmada;Fernández Ladreda;José María Fernández Ladreda
316;Laureano Fernandez Martos;Laureano Fernández Martos;Diario: V2 74005 «El Sr. FERNÁNDEZ MARTOS:» · tildes: Fernández (texto 16.573 de 16.592) · Congreso: FERNANDEZ MARTOS, LAUREANO, elecciones 1933 · RAH: sin biografía;probable;Fernández Martos;Laureano Fernández Martos
317;Ramon Fernandez Mato;Ramón Fernández Mato;Diario: V2 106777 «El Sr. FERNÁNDEZ MATO:» · tildes: Fernández (texto 16.573 de 16.592) · Congreso: FERNANDEZ MATO, RAMON, elecciones 1936 · RAH: sin biografía;probable;Fernández Mato;Ramón Fernández Mato
319;Bibiano Fernandez Osorio Tafall;Bibiano Fernández-Osorio Tafall;Diario: V2 34643 «El Sr. FERNÁNDEZ-OSORIO:» · tildes: Fernández (texto 16.573 de 16.592) · Congreso: FERNANDEZ OSORIO TAFALL, BIBIANO, elecciones 1931, 1936 · RAH 16752: Bibiano Fernández Osorio Tafall;confirmada;Fernández-Osorio;Bibiano Fernández-Osorio
320;Antonio Fernandez Quer;Antonio Fernández Quer;Diario: V2 38237 «El Sr. FERNANDEZ QUER:» · tildes: Fernández (texto 16.573 de 16.592) · Congreso: FERNANDEZ QUER, ANTONIO, elecciones 1931 · RAH: sin biografía;probable;Fernández Quer;Antonio Fernández Quer
321;Angel Fernandez Ruano;Ángel Fernández Ruano;Diario: V2 65718 «El Sr. FERNÁNDEZ RUANO:» · tildes: Fernández (texto 16.573 de 16.592) · Congreso: FERNANDEZ RUANO, ANGEL, elecciones 1933 · RAH: sin biografía;probable;Fernández Ruano;Ángel Fernández Ruano
322;Felix Fernandez Vega;Félix Fernández Vega;Diario: V2 107028 «El Sr. FERNÁNDEZ VEGA:» · tildes: Fernández (texto 16.573 de 16.592) · Congreso: FERNANDEZ VEGA, FELIX, elecciones 1936 · RAH 16470: Félix Fernández-Vega y de la Vega;confirmada;Fernández Vega;Félix Fernández Vega
323;Felix Fernandez Villarrubia;Félix Fernández Villarrubia;Diario: V2 32059 «El Sr. FERNANDEZ VILLARRUBIA:» · tildes: Fernández (texto 16.573 de 16.592) · Congreso: FERNANDEZ VILLARRUBIA, FELIX, elecciones 1931 · RAH: sin biografía;probable;Fernández Villarrubia;Félix Fernández Villarrubia
324;Rodrigo Fernandez Y Garcia De La Villa;Rodrigo Fernández y García de la Villa;Diario: V2 7107 «El Sr. FERNANDEZ GARCIA DE LA VILLA:» · tildes: Fernández (texto 16.573 de 16.592), García (texto 12.645 de 13.684) · Congreso: FERNANDEZ Y GARCIA DE LA VILLA, RODRIGO, elecciones 1931 · RAH: sin biografía;probable;Fernández y García de la Villa;Rodrigo Fernández y García de la Villa
325;Lauro Fernandez Y Gonzalez;Lauro Fernández y González;Diario: V2 3410 «El Sr. FERNANDEZ Y GONZALEZ:» · tildes: Fernández (texto 16.573 de 16.592), González (texto 8.765 de 8.793) · Congreso: FERNANDEZ Y GONZALEZ, LAURO, elecciones 1931 · RAH: sin biografía;probable;Fernández y González;Lauro Fernández y González
326;Benigno Ferrer Domingo;Benigno Ferrer Domingo;Diario: V2 16230 «El Sr. FERRER DOMINGO:» · Congreso: FERRER DOMINGO, BENIGNO, elecciones 1931, 1936 · RAH: sin biografía;probable;Ferrer Domingo;Benigno Ferrer Domingo
328;Juan Ferret Navarro;Juan Ferret Navarro;Diario: V2 70436 «El Sr. FERRET:» · Congreso: FERRET NAVARRO, JUAN, elecciones 1933 · RAH: sin biografía;probable;Ferret;Juan Ferret
329;Gonzalo Figueroa O'neill;Gonzalo Figueroa O'Neill;Diario: V2 1226 «El Sr. FIGUEROA O'NEILL:» · Congreso: FIGUEROA O'NEILL, GONZALO, elecciones 1931 · RAH: sin biografía;probable;Figueroa O'Neill;Gonzalo Figueroa O'Neill
330;Manuel Figueroa Rojas;Manuel Figueroa Rojas;Diario: V2 102076 «El Sr. FIGUEROA ROJAS:» · Congreso: FIGUEROA ROJAS, MANUEL, elecciones 1936 · RAH: sin biografía;probable;Figueroa Rojas;Manuel Figueroa Rojas
331;Alvaro De Figueroa Y Alonso Martinez;Álvaro de Figueroa y Alonso Martínez;Diario: V2 103502 «El Sr. FIGUEROA Y ALONSO MARTÍNEZ:» · tildes: Martínez (texto 12.253 de 15.580) · Congreso: FIGUEROA Y ALONSO MARTINEZ, ALVARO DE (MARQUES DE VILLABRAGIMA), elecciones 1936 · RAH 17678: Álvaro de Figueroa y Alonso Martínez;confirmada;Figueroa y Alonso Martínez;Álvaro de Figueroa y Alonso Martínez
332;Alvaro Figueroa Y Torres;Álvaro Figueroa y Torres;Diario: V2 51023 «El Sr. FIGUEROA Y TORRES:» · Congreso: FIGUEROA Y TORRES, ALVARO (CONDE DE ROMANONES), elecciones 1931, 1933, 1936 · RAH 17733: Álvaro de Figueroa y Torres;confirmada;Figueroa y Torres;Álvaro Figueroa y Torres
333;Jose Finat Y Escriva De Romani;José Finat y Escrivá de Romaní;Diario: V2 68315 «El Sr. FINAT:» · tildes: Escrivá (texto 32 de 32), Romaní (texto 19 de 30) · Congreso: FINAT Y ESCRIVA DE ROMANI, JOSE (CONDE DE MAYALDE), elecciones 1933, 1936 · RAH 17843: José Finat y Escrivá de Romaní;confirmada;Finat;José Finat
334;Manuel Florensa Farre;Manuel Florensa Farré;Diario: V2 64194 «El Sr. FLORENSA:» · tildes: Farré (texto 18 de 18) · Congreso: FLORENSA FARRE, MANUEL, elecciones 1933, 1936 · RAH: sin biografía;probable;Florensa;Manuel Florensa
335;Bartolome Fons Jofre De Villegas;Bartolomé Fons Jofre de Villegas;Diario: V2 62940 «El Sr. FONS:» · Congreso: FONS JOFRE DE VILLEGAS, BARTOLOME, elecciones 1933, 1936 · RAH: sin biografía;probable;Fons;Bartolomé Fons
337;Jose Franchy Roca;José Franchy Roca;Diario: V2 1035 «El Sr. FRANCHY ROCA:» · Congreso: FRANCHY ROCA, JOSE, elecciones 1931 · RAH 17299: José Franchy Roca;confirmada;Franchy Roca;José Franchy Roca
338;Enrique De Francisco Jimenez;Enrique de Francisco Jiménez;Diario: V2 871 «El Sr. DE FRANCISCO:» · tildes: Jiménez (texto 5.617 de 5.623) · Congreso: FRANCISCO JIMENEZ, ENRIQUE DE, elecciones 1931, 1936 · RAH 17468: Enrique de Francisco Jiménez;confirmada;Francisco;Enrique de Francisco
339;Ramon Franco Bahamonde;Ramón Franco Bahamonde;Diario: V2 2652 «El Sr. FRANCO BAHAMONDE:» · Congreso: FRANCO BAHAMONDE, RAMON, elecciones 1931 · RAH 17069: Ramón Franco Bahamonde;confirmada;Franco Bahamonde;Ramón Franco Bahamonde
340;Gabriel Franco Lopez;Gabriel Franco López;Diario: V2 5843 «El Sr. FRANCO LOPEZ:» · tildes: López (texto 7.391 de 7.403) · Congreso: FRANCO LOPEZ, GABRIEL, elecciones 1931, 1936 · RAH 17221: Gabriel Franco López;confirmada;Franco López;Gabriel Franco López
341;Eduardo Frapolli Y Ruiz De La Herran;Eduardo Frápolli y Ruiz de la Herrán;Diario: V2 107397, en el texto: «Eduardo Frápolli y» · tildes: Frápolli (texto 186 de 282), Herrán (texto 39 de 39) · Congreso: FRAPOLLI Y RUIZ DE LA HERRAN, EDUARDO, elecciones 1933, 1936 · RAH: sin biografía;probable;Frápolli;Eduardo Frápolli
342;Santiago Fuentes Pila;Santiago Fuentes Pila;Diario: V2 61604 «El Sr. FUENTES PILA:» · Congreso: FUENTES PILA, SANTIAGO, elecciones 1933, 1936 · RAH: sin biografía;probable;Fuentes Pila;Santiago Fuentes Pila
343;Antonio Gabarro Y Torres;Antonio Gabarró y Torres;Diario: V2 81743 «El Sr. GABARRÓ:» · tildes: Gabarró (texto 306 de 321) · Congreso: GABARRO Y TORRES, ANTONIO, elecciones 1933 · RAH: sin biografía;probable;Gabarró;Antonio Gabarró
344;Jose Gafo Muñiz;José Gafo Muñiz;Diario: V2 69552 «El Sr. GAFO:» · tildes: Muñiz (texto 12 de 14) · Congreso: GAFO MUÑIZ, JOSE, elecciones 1933 · RAH 24755: Gafo Muñiz, José;confirmada;Gafo;José Gafo
345;Angel Galarza Gago;Ángel Galarza Gago;Diario: V2 92 «El Sr. GALARZA:» · Congreso: GALARZA GAGO, ANGEL, elecciones 1931, 1936 · RAH 18608: Ángel Galarza Gago;confirmada;Galarza;Ángel Galarza
346;Lorenzo Gallardo Y Gallardo;Lorenzo Gallardo y Gallardo;Diario: V2 62409 «El Sr. GALLARDO:» · Congreso: GALLARDO Y GALLARDO, LORENZO, elecciones 1933, 1936 · RAH: sin biografía;probable;Gallardo;Lorenzo Gallardo
347;Alejandro Gallart Y Folch;Alejandro Gallart y Folch;Diario: V2 63597 «El Sr. GALLART:» · Congreso: GALLART Y FOLCH, ALEJANDRO, elecciones 1933 · RAH 18593: Alejandro Gallart Folch;confirmada;Gallart;Alejandro Gallart
348;Juan Antonio Gamazo Y Abarca;Juan Antonio Gamazo y Abarca;Diario: V2 103107 «El Sr. GAMAZO:» · Congreso: GAMAZO Y ABARCA, JUAN ANTONIO (CONDE DE GAMAZO), elecciones 1936 · RAH 18656: Juan Antonio Gamazo Abarca;confirmada;Gamazo;Juan Antonio Gamazo
351;Leopoldo Garcia Alas Y Garcia Arguelles;Leopoldo García Alas y García Argüelles;Diario: V2 7647 «El Sr. ALAS:» · tildes: García (texto 12.645 de 13.684), García (texto 12.645 de 13.684), Argüelles (texto 608 de 626) · Congreso: GARCIA ALAS Y GARCIA ARGUELLES, LEOPOLDO, elecciones 1931 · RAH 18105: Leopoldo García-Alas y García-Argüelles;confirmada;Alas;Leopoldo Alas
352;Manuel Garcia Atance;Manuel García Atance;Diario: V2 65503 «El Sr. GARCÍA ATANCE:» · tildes: García (texto 12.645 de 13.684) · Congreso: GARCIA ATANCE, MANUEL, elecciones 1933 · RAH: sin biografía;probable;García Atance;Manuel García Atance
353;Manuel Garcia Becerra;Manuel García Becerra;Diario: V2 17165 «El Sr. GARCIA BECERRA:» · tildes: García (texto 12.645 de 13.684) · Congreso: GARCIA BECERRA, MANUEL, elecciones 1931 · RAH: sin biografía;probable;García Becerra;Manuel García Becerra
354;Jose Garcia Berlanga Pardo;José García Berlanga Pardo;Diario: V2 50590 «El Sr. GARCÍA BERLANGA:» · tildes: García (texto 12.645 de 13.684) · Congreso: GARCIA BERLANGA PARDO, JOSE, elecciones 1931, 1933, 1936 · RAH: sin biografía;probable;García Berlanga;José García Berlanga
356;Miguel Garcia Bravo Ferrer;Miguel García-Bravo Ferrer;Diario: V2 63594 «El Sr. GARCÍA BRAVO-FERRER:» · tildes: García (texto 12.645 de 13.684) · Congreso: GARCIA BRAVO FERRER, MIGUEL, elecciones 1931, 1933 · RAH: sin biografía;probable;García-Bravo Ferrer;Miguel García-Bravo Ferrer
359;Jeronimo Garcia Gallego;Jerónimo García Gallego;Diario: V2 356 «El Sr. GARCIA GALLEGO:» · tildes: García (texto 12.645 de 13.684) · Congreso: GARCIA GALLEGO, JERONIMO, elecciones 1931 · RAH 18330: Jerónimo García Gallego;confirmada;García Gallego;Jerónimo García Gallego
361;Raimundo Garcia Garcia;Raimundo García García;Diario: V2 103059 «El Sr. GARCÍA (D. Raimundo):» · tildes: García (texto 12.645 de 13.684), García (texto 12.645 de 13.684) · Congreso: GARCIA GARCIA, RAIMUNDO, elecciones 1933, 1936 · RAH 18359: Raimundo García García;confirmada;García;Raimundo García
362;Luis Garcia Guijarro;Luis García Guijarro;Diario: V2 61454 «El Sr. GARCÍA GUIJARRO:» · tildes: García (texto 12.645 de 13.684) · Congreso: GARCIA GUIJARRO, LUIS, elecciones 1933, 1936 · RAH: sin biografía;probable;García Guijarro;Luis García Guijarro
363;Joaquin Garcia Hidalgo Villanueva;Joaquín García Hidalgo Villanueva;Diario: V2 49955 «El Sr. GARCÍA HIDALGO:» · tildes: García (texto 12.645 de 13.684) · Congreso: GARCIA HIDALGO VILLANUEVA, JOAQUIN, elecciones 1931 · RAH: sin biografía;probable;García Hidalgo;Joaquín García Hidalgo
364;Salvador Garcia Muñoz;Salvador García Muñoz;Diario: V2 105463 «El Sr. GARCIA MUNOZ:» · tildes: García (texto 12.645 de 13.684), Muñoz (texto 1.666 de 1.690) · Congreso: GARCIA MUÑOZ, SALVADOR, elecciones 1936 · RAH: sin biografía;probable;García Muñoz;Salvador García Muñoz
365;Antonio Garcia Prieto;Antonio García Prieto;Diario: V2 53080 «El Sr. GARCÍA PRIETO:» · tildes: García (texto 12.645 de 13.684) · Congreso: GARCIA PRIETO, ANTONIO, elecciones 1931 · RAH: sin biografía;probable;García Prieto;Antonio García Prieto
368;Joaquin Garcia Ribes;Joaquín García Ribes;Diario: V2 45360 «El Sr. GARCÍA RIVES:» · tildes: García (texto 12.645 de 13.684) · Congreso: GARCIA RIBES, JOAQUIN, elecciones 1931 · RAH: sin biografía;probable;García Ribes;Joaquín García Ribes
369;Celestino Garcia Santos;Celestino García Santos;Diario: V2 43180 «El Sr. GARCIA SANTOS:» · tildes: García (texto 12.645 de 13.684) · Congreso: GARCIA SANTOS, CELESTINO, elecciones 1931 · RAH: sin biografía;probable;García Santos;Celestino García Santos
370;Alfonso Garcia Valdecasas Y Garcia Valdecasas;Alfonso García Valdecasas y García Valdecasas;Diario: V2 46326 «El Sr. GARCÍA VALDECASAS:» · tildes: García (texto 12.645 de 13.684), García (texto 12.645 de 13.684) · Congreso: GARCIA VALDECASAS Y GARCIA VALDECASAS, ALFONSO, elecciones 1931 · RAH 19334: Alfonso García-Valdecasas y García-Valdecasas;confirmada;García Valdecasas;Alfonso García Valdecasas
371;Angel Garcia Vedoya;Ángel García Vedoya;Diario: V2 64737 «El Sr. GARCÍA VEDOYA:» · tildes: García (texto 12.645 de 13.684) · Congreso: GARCIA VEDOYA, ANGEL, elecciones 1933 · RAH: sin biografía;probable;García Vedoya;Ángel García Vedoya
372;Luis Garcia Y Garcia Lozano;Luis García y García Lozano;Diario: V2 57666 «El Sr. GARCÍA Y GARCÍA:» · tildes: García (texto 12.645 de 13.684), García (texto 12.645 de 13.684) · Congreso: GARCIA Y GARCIA LOZANO, LUIS, elecciones 1931 · RAH: sin biografía;probable;García y García Lozano;Luis García y García Lozano
373;Jose Garrote Tebar;José Garrote Tebar;Diario: V2 49262 «El Sr. GARROTE:» · Congreso: GARROTE TEBAR, JOSE, elecciones 1931 · RAH: sin biografía;probable;Garrote;José Garrote
375;Ricardo Gasset Y Alzugaray;Ricardo Gasset y Alzugaray;Diario: V2 104350 «El Sr. GASSET:» · Congreso: GASSET Y ALZUGARAY, RICARDO, elecciones 1936 · RAH 51931: Ricardo Gasset Alzugaray;confirmada;Ricardo Gasset;Ricardo Gasset
376;Fernando Gasset Y Lacasaña;Fernando Gasset y Lacasaña;Diario: V2 2865 «El Sr. GASSET:» · tildes: Lacasaña (texto 11 de 11) · Congreso: GASSET Y LACASAÑA, FERNANDO, elecciones 1931 · RAH: sin biografía;probable;Fernando Gasset;Fernando Gasset
377;Ventura Gassol Rovira;Ventura Gassol Rovira;Diario: V2 31901 «El Sr. GASSOL:» · Congreso: GASSOL ROVIRA, VENTURA, elecciones 1931, 1936 · RAH: sin biografía;probable;Gassol;Ventura Gassol
378;Angeles Gil Albarellos;Ángeles Gil Albarellos;Diario: V2 95306 «El Sr. GIL ALBARELLOS:» · Congreso: GIL ALBARELLOS, ANGELES, elecciones 1933, 1936 · RAH: sin biografía;probable;Gil Albarellos;Ángeles Gil Albarellos
379;Felipe Gil Casares;Felipe Gil Casares;Diario: V2 61739 «El Sr. GIL CASARES:» · Congreso: GIL CASARES, FELIPE, elecciones 1933, 1936 · RAH: sin biografía;probable;Gil Casares;Felipe Gil Casares
380;Jose Maria Gil Robles Y Quiñones De Leon;José María Gil Robles y Quiñones de León;Diario: V2 761 «El Sr. GIL ROBLES:» · tildes: Quiñones (texto 60 de 71), León (texto 1.050 de 1.050) · Congreso: GIL ROBLES Y QUIÑONES DE LEON, JOSE MARIA, elecciones 1931, 1933, 1936 · RAH 18934: José María Gil-Robles y Quiñones;confirmada;Gil Robles;José María Gil Robles
381;Ramon Gil Roldan Y Martin;Ramón Gil Roldán y Martín;Diario: V2 46096 «El Sr. GIL ROLDÁN:» · tildes: Roldán (texto 657 de 657), Martín (texto 4.959 de 6.931) · Congreso: GIL ROLDAN Y MARTIN, RAMON, elecciones 1931 · RAH: sin biografía;probable;Gil Roldán;Ramón Gil Roldán
382;Gil Gil Y Gil;Gil Gil y Gil;Diario: V2 1754 «El Sr. GIL Y GIL:» · Congreso: GIL Y GIL, GIL, elecciones 1931 · RAH: sin biografía;probable;Gil Gil;Gil Gil
383;Bernardo Giner De Los Rios Garcia;Bernardo Giner de los Ríos García;Diario: V2 103522 «El Sr. Ministro de COMUNICACIONES (Giner de los Ríos):» · tildes: Ríos (texto 1.670 de 2.537), García (texto 12.645 de 13.684) · Congreso: GINER DE LOS RIOS GARCIA, BERNARDO, elecciones 1931, 1936 · RAH 20485: Bernardo Giner de los Ríos García;confirmada;Giner de los Ríos;Bernardo Giner de los Ríos
384;Jose Giral Pereira;José Giral Pereira;Diario: V2 9964 «El Sr. Ministro de MARINA (Giral):» · Congreso: GIRAL PEREIRA, JOSE, elecciones 1931, 1936 · RAH 20541: José Giral y Pereira;confirmada;Giral;José Giral
385;Antonio Goicoechea Y Cosculluela;Antonio Goicoechea y Cosculluela;Diario: V2 61380 «El Sr. GOICOECHEA:» · Congreso: GOICOECHEA Y COSCULLUELA, ANTONIO, elecciones 1933, 1936 · RAH 20308: Antonio Goicoechea y Cosculluela;confirmada;Goicoechea;Antonio Goicoechea
386;Jeronimo Gomariz Latorre;Jerónimo Gomariz Latorre;Diario: V2 2104 «El Sr. GOMARIZ:» · Congreso: GOMARIZ LATORRE, JERONIMO, elecciones 1931, 1936 · RAH: sin biografía · nota: El Diario imprime «Gomariz» en el 94 % del texto («Gomáriz», 184). Sin biografía en la RAH.;probable;Gomariz;Jerónimo Gomariz
387;Pedro Gomez Chaix;Pedro Gómez Chaix;Diario: V2 5244 «El Sr. GOMEZ (Don Trifón):» · tildes: Gómez (texto 8.645 de 8.696) · Congreso: GOMEZ CHAIX, PEDRO, elecciones 1931 · RAH 20474: Pedro Gómez Chaix;confirmada;Gómez;Pedro Gómez
388;Aurelio Gomez Gonzalez;Aurelio Gómez González;Diario: V2 57468 «El Sr. GÓMEZ GONZÁLEZ:» · tildes: Gómez (texto 8.645 de 8.696), González (texto 8.765 de 8.793) · Congreso: GOMEZ GONZALEZ, AURELIO, elecciones 1931, 1933 · RAH 20166: Aurelio Gómez González;confirmada;Gómez González;Aurelio Gómez González
390;Enrique Gomez Jimenez;Enrique Gómez Jiménez;Diario: V2 83039 «El Sr. GÓMEZ JIMÉNEZ:» · tildes: Gómez (texto 8.645 de 8.696), Jiménez (texto 5.617 de 5.623) · Congreso: GOMEZ JIMENEZ, ENRIQUE, elecciones 1931, 1933, 1936 · RAH: sin biografía;probable;Gómez Jiménez;Enrique Gómez Jiménez
391;Jose Gomez Osorio;José Gómez Osorio;Diario: V2 52868 «El Sr. GÓMEZ OSORIO:» · tildes: Gómez (texto 8.645 de 8.696) · Congreso: GOMEZ OSORIO, JOSE, elecciones 1931 · RAH: sin biografía;probable;Gómez Osorio;José Gómez Osorio
392;Laureano Gomez Paratcha;Laureano Gómez Paratcha;Diario: V2 14063 «El Sr. VICEPRESIDENTE (Gómez Paratcha):» · tildes: Gómez (texto 8.645 de 8.696) · Congreso: GOMEZ PARATCHA, LAUREANO, elecciones 1931 · RAH 19968: Laureano Gómez Paratcha;confirmada;Gómez Paratcha;Laureano Gómez Paratcha
393;Ricardo Gomez Roji;Ricardo Gómez Roji;Diario: V2 48171 «El Sr. GÓMEZ ROJI:» · tildes: Gómez (texto 8.645 de 8.696) · Congreso: GOMEZ ROJI, RICARDO, elecciones 1931 · RAH: sin biografía · nota: El Diario imprime «Roji» en el 92 % del texto y el 90 % de las etiquetas, se usa también «Rojí». Sin biografía en la RAH.;probable;Gómez Roji;Ricardo Gómez Roji
394;Trifon Gomez San Jose;Trifón Gómez San José;Diario: V2 45207 «El Sr. GÓMEZ SAN JOSÉ:» · tildes: Gómez (texto 8.645 de 8.696), José (texto 12.130 de 12.150) · Congreso: GOMEZ SAN JOSE, TRIFON, elecciones 1931, 1933 · RAH 20096: Trifón Gómez San José;confirmada;Trifón Gómez;Trifón Gómez
395;Pedro Vicente Gomez Sanchez;Pedro Vicente Gómez Sánchez;Diario: V2 51771 «El Sr. GÓMEZ SANCHEZ:» · tildes: Gómez (texto 8.645 de 8.696), Sánchez (texto 7.018 de 7.038) · Congreso: GOMEZ SANCHEZ, PEDRO VICENTE, elecciones 1931 · RAH: sin biografía;probable;Gómez Sánchez;Pedro Vicente Gómez Sánchez
399;Jose Gonzalez Fernandez De La Bandera;José González Fernández de la Bandera;Diario: V2 102236 «El Sr. SECRETARIO (González y Fernández de la Bandera):» · tildes: González (texto 8.765 de 8.793), Fernández (texto 16.573 de 16.592) · Congreso: GONZALEZ FERNANDEZ DE LA BANDERA, JOSE, elecciones 1933, 1936 · RAH: sin biografía;probable;González Fernández de la Bandera;José González Fernández de la Bandera
400;Francisco Gonzalez Garcia;Francisco González García;Diario: V2 100810 «El Sr. GONZÁLEZ GARCÍA:» · tildes: González (texto 8.765 de 8.793), García (texto 12.645 de 13.684) · Congreso: GONZALEZ GARCIA, FRANCISCO, elecciones 1933 · RAH: sin biografía;probable;González García;Francisco González García
401;Emilio Gonzalez Lopez;Emilio González López;Diario: V2 63207 «El Sr. GONZÁLEZ LÓPEZ:» · tildes: González (texto 8.765 de 8.793), López (texto 7.391 de 7.403) · Congreso: GONZALEZ LOPEZ, EMILIO, elecciones 1931, 1933, 1936 · RAH: sin biografía;probable;González López;Emilio González López
403;Ruperto Gonzalez Negrin;Ruperto González Negrín;Diario: V2 81333 «El Sr. GONZALEZ NEGRÍN:» · tildes: González (texto 8.765 de 8.793), Negrín (texto 1.285 de 2.038) · Congreso: GONZALEZ NEGRIN, RUPERTO, elecciones 1933 · RAH: sin biografía;probable;González Negrín;Ruperto González Negrín
404;Ramon Gonzalez Peña;Ramón González Peña;Diario: V2 107150 «El Sr. GONZÁLEZ PENA:» · tildes: González (texto 8.765 de 8.793), Peña (texto 1.246 de 1.394) · Congreso: GONZALEZ PEÑA, RAMON, elecciones 1931, 1933, 1936 · RAH 21017: Ramón González Peña;confirmada;González Peña;Ramón González Peña
405;Manuel Gonzalez Ramos;Manuel González Ramos;Diario: V2 46754 «El Sr. GONZÁLEZ RAMOS:» · tildes: González (texto 8.765 de 8.793) · Congreso: GONZALEZ RAMOS, MANUEL, elecciones 1931, 1933 · RAH: sin biografía;probable;González Ramos;Manuel González Ramos
406;Julio Gonzalez Sandoval Mogollon;Julio González Sandoval Mogollón;Diario: V2 95523 «El Sr. GONZÁLEZ SANDOVAL:» · tildes: González (texto 8.765 de 8.793), Mogollón (texto 14 de 14) · Congreso: GONZALEZ SANDOVAL MOGOLLON, JULIO, elecciones 1933 · RAH: sin biografía;probable;González Sandoval;Julio González Sandoval
407;Ramon Gonzalez Sicilia Y De La Corte;Ramón González Sicilia y de la Corte;Diario: V2 58590 «El Sr. GONZÁLEZ SICILIA:» · tildes: González (texto 8.765 de 8.793) · Congreso: GONZALEZ SICILIA Y DE LA CORTE, RAMON, elecciones 1931, 1933, 1936 · RAH: sin biografía;probable;González Sicilia;Ramón González Sicilia
408;Eusebio Gonzalez Suarez;Eusebio González Suárez;Diario: V2 73427 «El Sr. GONZÁLEZ SUAREZ:» · tildes: González (texto 8.765 de 8.793), Suárez (texto 3.122 de 3.128) · Congreso: GONZALEZ SUAREZ, EUSEBIO, elecciones 1933 · RAH: sin biografía;probable;González Suárez;Eusebio González Suárez
409;Gabriel Gonzalez Taltabull;Gabriel González Taltabull;Diario: V2 103704 «El Sr. GONZALEZ TALTABULL:» · tildes: González (texto 8.765 de 8.793) · Congreso: GONZALEZ TALTABULL, GABRIEL, elecciones 1936 · RAH: sin biografía;probable;González Taltabull;Gabriel González Taltabull
410;Jose Fernando Gonzalez Uña;José Fernando González Uña;Diario: V2 6216 «El Sr. GONZALEZ UNA:» · tildes: González (texto 8.765 de 8.793) · Congreso: GONZALEZ UÑA, JOSE FERNANDO, elecciones 1931 · RAH: sin biografía;probable;González Uña;José Fernando González Uña
411;Julio Gonzalo Soto;Julio Gonzalo Soto;Diario: V2 101732 «El Sr. GONZALO SOTO:» · Congreso: GONZALO SOTO, JULIO, elecciones 1936 · RAH: sin biografía;probable;Gonzalo Soto;Julio Gonzalo Soto
412;Felix Gordon Ordas;Félix Gordón Ordás;Diario: V2 66571 «El Sr. GORDÓN ORDÁS:» · tildes: Gordón (texto 1.537 de 1.560), Ordás (texto 1.292 de 1.302) · Congreso: GORDON ORDAS, FELIX, elecciones 1931, 1933, 1936 · RAH 21089: Félix Gordón Ordás;confirmada;Gordón Ordás;Félix Gordón Ordás
413;Miguel Gortari Errea;Miguel Gortari Errea;Diario: V2 50217 «El Sr. GORTARI:» · Congreso: GORTARI ERREA, MIGUEL, elecciones 1931, 1936 · RAH: sin biografía;probable;Gortari;Miguel Gortari
414;Modesto Gosalvez Fuentes Manresa;Modesto Gosálvez Fuentes Manresa;Diario: V2 62066 «El Sr. GOSALVEZ:» · tildes: Gosálvez (texto 732 de 739) · Congreso: GOSALVEZ FUENTES MANRESA, MODESTO, elecciones 1931, 1933, 1936 · RAH: sin biografía;probable;Gosálvez;Modesto Gosálvez
415;Anastasio De Gracia Villarrubia;Anastasio de Gracia Villarrubia;Diario: V2 24135 «El Sr. DE GRACIA:» · Congreso: GRACIA VILLARRUBIA, ANASTASIO DE, elecciones 1931, 1933, 1936 · RAH 20997: Anastasio de Gracia Villarrubia;confirmada;Gracia;Anastasio de Gracia
416;Higinio Felipe Granado Valdivia;Higinio Felipe Granado Valdivia;Diario: V2 64231 «El Sr. GRANADO:» · Congreso: GRANADO VALDIVIA, HIGINIO FELIPE, elecciones 1933, 1936 · RAH: sin biografía;probable;Granado;Higinio Felipe Granado
417;Miguel Granados Ruiz;Miguel Granados Ruiz;Diario: V2 40057 «El Sr. SECRETARIO (Granados):» · Congreso: GRANADOS RUIZ, MIGUEL, elecciones 1931 · RAH: sin biografía;probable;Granados;Miguel Granados
419;Jose Grau Jasans;José Grau Jasans;Diario: V2 17038 «El Sr. GRAU:» · Congreso: GRAU JASANS, JOSE, elecciones 1931, 1933 · RAH: sin biografía;probable;Grau;José Grau
420;Antonio Guallar Poza;Antonio Guallar Poza;Diario: V2 6443 «El Sr. GUALLAR:» · Congreso: GUALLAR POZA, ANTONIO, elecciones 1931 · RAH: sin biografía;probable;Antonio Guallar;Antonio Guallar
421;Santiago Guallar Poza;Santiago Guallar Poza;Diario: V2 3567 «El Sr. GUALLAR (D. Santiago):» · Congreso: GUALLAR POZA, SANTIAGO, elecciones 1931, 1933 · RAH: sin biografía;probable;Santiago Guallar;Santiago Guallar
422;Rafael Guerra Del Rio;Rafael Guerra del Río;Diario: V2 45615 «El Sr. GUERRA DEL Río:» · tildes: Río (texto 5.726 de 7.972) · Congreso: GUERRA DEL RIO, RAFAEL, elecciones 1931, 1933, 1936 · RAH 20651: Rafael Guerra del Río;confirmada;Guerra del Río;Rafael Guerra del Río
423;Juan Bautista Guerra Garcia;Juan Bautista Guerra García;Diario: V2 102685 «El Sr. GUERRA GARCÍA:» · tildes: García (texto 12.645 de 13.684) · Congreso: GUERRA GARCIA, JUAN BAUTISTA, elecciones 1936 · RAH: sin biografía;probable;Guerra;Juan Bautista Guerra
424;Melchor Guerrero Periago;Melchor Guerrero Periago;Diario: V2 102293 «El Sr. GUERRERO:» · Congreso: GUERRERO PERIAGO, MELCHOR, elecciones 1936 · RAH: sin biografía;probable;Guerrero;Melchor Guerrero
426;Nicasio Guisasola Dominguez;Nicasio Guisasola Domínguez;Diario: V2 63056 «El Sr. GUISASOLA:» · tildes: Domínguez (texto 705 de 1.524) · Congreso: GUISASOLA DOMINGUEZ, NICASIO, elecciones 1933 · RAH: sin biografía;probable;Guisasola;Nicasio Guisasola
427;Cesar Gusano Rodriguez;César Gusano Rodríguez;Diario: V2 30851 «El Sr. GUSANO:» · tildes: Rodríguez (texto 7.210 de 9.716) · Congreso: GUSANO RODRIGUEZ, CESAR, elecciones 1931 · RAH: sin biografía;probable;Gusano;César Gusano
428;Juan Gutierrez Prieto;Juan Gutiérrez Prieto;Diario: V2 105897 «El Sr. GUTIÉRREZ PRIETO:» · tildes: Gutiérrez (texto 656 de 662) · Congreso: GUTIERREZ PRIETO, JUAN, elecciones 1936 · RAH: sin biografía;probable;Gutiérrez Prieto;Juan Gutiérrez Prieto
430;Luis Hermida Villelga;Luis Hermida Villelga;Diario: V2 85820 «El Sr. HERMIDA:» · Congreso: HERMIDA VILLELGA, LUIS, elecciones 1933 · RAH: sin biografía;probable;Hermida;Luis Hermida
432;Jesus Hernandez Tomas;Jesús Hernández Tomás;Diario: V2 102346 «El Sr. HERNÁNDEZ TOMAS:» · tildes: Hernández (texto 1.594 de 1.596), Tomás (texto 3.044 de 3.050) · Congreso: HERNANDEZ TOMAS, JESUS, elecciones 1936 · RAH 21499: Jesús Hernández Tomás;confirmada;Hernández Tomás;Jesús Hernández Tomás
433;Carlos Hernandez Zancajo;Carlos Hernández Zancajo;Diario: V2 62968 «El Sr. HERNÁNDEZ ZANCAJO:» · tildes: Hernández (texto 1.594 de 1.596) · Congreso: HERNANDEZ ZANCAJO, CARLOS, elecciones 1933, 1936 · RAH 21505: Carlos Hernández Zancajo;confirmada;Hernández Zancajo;Carlos Hernández Zancajo
435;Diego Hidalgo Duran;Diego Hidalgo Durán;Diario: V2 63001 «El Sr. HIDALGO DURÁN:» · tildes: Durán (texto 197 de 199) · Congreso: HIDALGO DURAN, DIEGO, elecciones 1931, 1933 · RAH 22997: Diego Hidalgo Durán;confirmada;Hidalgo;Diego Hidalgo
436;Jose Horn Areilza;José Horn Areilza;Diario: V2 4235 «El Sr. HORN:» · Congreso: HORN AREILZA, JOSE, elecciones 1931, 1933, 1936 · RAH: sin biografía;probable;Horn;José Horn
437;Mariano De La Hoz Saldaña;Mariano de la Hoz Saldaña;Diario: V2 91483 «El Sr. DE LA HOZ:» · tildes: Saldaña (texto 17 de 23) · Congreso: HOZ SALDAÑA, MARIANO DE LA, elecciones 1933 · RAH: sin biografía;probable;Hoz;Mariano de la Hoz
438;Jose Maria Hueso Ballester;José María Hueso Ballester;Diario: V2 62411 «El Sr. HUESO:» · Congreso: HUESO BALLESTER, JOSE MARIA, elecciones 1933 · RAH: sin biografía;probable;Hueso;José María Hueso
439;Amadeo Hurtado Miro;Amadeo Hurtado Miró;Diario: V2 2002 «El Sr. HURTADO MIRÓ:» · tildes: Miró (texto 38 de 47) · Congreso: HURTADO MIRO, AMADEO, elecciones 1931 · RAH 22561: Amadeo Hurtado Miró;confirmada;Hurtado;Amadeo Hurtado
440;Jose Ibañez Martin;José Ibáñez Martín;Diario: V2 73052 «El Sr. IBANEZ MARTÍN:» · tildes: Ibáñez (texto 1.026 de 1.029), Martín (texto 4.959 de 6.931) · Congreso: IBAÑEZ MARTIN, JOSE, elecciones 1933 · RAH 22478: José Ibáñez Martín;confirmada;Ibáñez Martín;José Ibáñez Martín
441;Dolores Ibarruri Gomez;Dolores Ibárruri Gómez;Diario: V2 102099 «La Sra. IBARRURI:» · tildes: Gómez (texto 8.645 de 8.696), Ibárruri (RAH y Diario 8) · Congreso: IBARRURI GOMEZ, DOLORES, elecciones 1936 · RAH 22432: Dolores Ibárruri Gómez;confirmada;Ibárruri;Dolores Ibárruri
442;Manuel Iglesias Corral;Manuel Iglesias Corral;Diario: V2 78270 «El Sr. IGLESIAS CORRAL:» · Congreso: IGLESIAS CORRAL, MANUEL, elecciones 1933 · RAH 24098: Manuel Iglesias Corral;confirmada;Iglesias Corral;Manuel Iglesias Corral
443;Emiliano Iglesias Y Ambrosio;Emiliano Iglesias y Ambrosio;Diario: V2 3291 «El Sr. IGLESIAS AMBROSIO:» · Congreso: IGLESIAS Y AMBROSIO, EMILIANO, elecciones 1931, 1933 · RAH 24013: Emiliano Iglesias Ambrosio;confirmada;Iglesias y Ambrosio;Emiliano Iglesias y Ambrosio
444;Leopoldo Igual Padilla;Leopoldo Igual Padilla;Diario: V2 80544 «El Sr. IGUAL:» · Congreso: IGUAL PADILLA, LEOPOLDO, elecciones 1933 · RAH: sin biografía;probable;Igual;Leopoldo Igual
445;Jose Luis Illanes Del Rio;José Luis Illanes del Río;Diario: V2 72625 «El Sr. ILLANES:» · tildes: Río (texto 5.726 de 7.972) · Congreso: ILLANES DEL RIO, JOSE LUIS, elecciones 1933 · RAH: sin biografía;probable;Illanes;José Luis Illanes
446;Vicente Iranzo Enguita;Vicente Iranzo Enguita;Diario: V2 4999 «El Sr. IRANZO:» · Congreso: IRANZO ENGUITA, VICENTE, elecciones 1931, 1933 · RAH 24116: Vicente Iranzo Enguita;confirmada;Iranzo;Vicente Iranzo
447;Juan Antonio Irazusta Muñoa;Juan Antonio Irazusta Muñoa;Diario: V2 71429 «El Sr. IRAZUSTA:» · tildes: Muñoa (texto 12 de 12) · Congreso: IRAZUSTA MUÑOA, JUAN ANTONIO, elecciones 1933, 1936 · RAH: sin biografía;probable;Irazusta;Juan Antonio Irazusta
448;Manuel Irujo Ollo;Manuel Irujo Ollo;Diario: V2 63650 «El Sr. IRUJO:» · Congreso: IRUJO OLLO, MANUEL, elecciones 1933, 1936 · RAH 23976: Manuel de Irujo Ollo;confirmada;Irujo;Manuel Irujo
449;Enrique Izquierdo Jimenez;Enrique Izquierdo Jiménez;Diario: V2 62616 «El Sr. IZQUIERDO JIMÉNEZ:» · tildes: Jiménez (texto 5.617 de 5.623) · Congreso: IZQUIERDO JIMENEZ, ENRIQUE, elecciones 1933 · RAH: sin biografía;probable;Izquierdo Jiménez;Enrique Izquierdo Jiménez
450;Antonio Jaen Morente;Antonio Jaén Morente;Diario: V2 103493 «El Sr. JAÉN:» · tildes: Jaén (texto 2.133 de 2.159) · Congreso: JAEN MORENTE, ANTONIO, elecciones 1931, 1936 · RAH 23465: Antonio Jaén Morente;confirmada;Jaén;Antonio Jaén
451;Alejandro Jaume Rossello;Alejandro Jaume Rossello;Diario: V2 38176 «El Sr. JAUME:» · Congreso: JAUME ROSSELLO, ALEJANDRO, elecciones 1931 · RAH: sin biografía;probable;Jaume;Alejandro Jaume
452;Julio Jauregui Lasanta;Julio Jáuregui Lasanta;Diario: V2 107483 «El señor JAUREGUI:» · tildes: Jáuregui (texto 130 de 132) · Congreso: JAUREGUI LASANTA, JULIO, elecciones 1936 · RAH: sin biografía;probable;Jáuregui Lasanta;Julio Jáuregui Lasanta
453;Francisco De Paula Jene Aixala;Francisco de Paula Jené Aixalá;Diario: V2 104986 «El Sr. JENÉ:» · tildes: Jené (texto 145 de 145), Aixalá (texto 12 de 12) · Congreso: JENE AIXALA, FRANCISCO DE PAULA, elecciones 1936 · RAH: sin biografía;probable;Jené;Francisco de Paula Jené
454;Luis Jimenez Canga Arguelles;Luis Giménez Canga-Argüelles;Diario: V2 66574 «El Sr. GIMÉNEZ CANGA-ARGUELLES:» · tildes: Argüelles (texto 608 de 626) · Congreso: JIMENEZ CANGA ARGUELLES, LUIS, elecciones 1933, 1936 · RAH 20294: Luis Giménez Canga-Arguelles · nota: El Congreso y la base escriben JIMENEZ, el Diario imprime «Giménez Canga» 572 veces frente a 89 y la RAH titula «Giménez». La RAH omite la diéresis que el Diario imprime («Argüelles», 721 de 746).;confirmada;Giménez Canga-Argüelles;Luis Giménez Canga-Argüelles
455;Luis Jimenez De Asua;Luis Jiménez de Asúa;Diario: V2 102003 «El Sr. VICEPRESIDENTE (Jiménez de Asúa):» · tildes: Jiménez (texto 5.617 de 5.623), Asúa (texto 1.872 de 1.880) · Congreso: JIMENEZ DE ASUA, LUIS, elecciones 1931, 1933, 1936 · RAH 23449: Luis Jiménez de Asúa;confirmada;Jiménez de Asúa;Luis Jiménez de Asúa
456;Manuel Jimenez Fernandez;Manuel Giménez Fernández;Diario: V2 87554 «El Sr. VICEPRESIDENTE (Giménez Fernández):» · tildes: Fernández (texto 16.573 de 16.592) · Congreso: JIMENEZ FERNANDEZ, MANUEL, elecciones 1933, 1936 · RAH 20317: Manuel Giménez Fernández · nota: El Congreso y la base escriben JIMENEZ, el Diario imprime G en el 97,9 % de sus etiquetas y la RAH titula «Giménez». La fila V2 71330 (8-VI-1934) lo imprime «JIMÉNEZ FERNÁNDEZ»: la cita se conserva tal cual.;confirmada;Giménez Fernández;Manuel Giménez Fernández
457;Manuel Jimenez Garcia De La Serrana;Manuel Jiménez García de la Serrana;Diario: V2 45648 «El Sr. JIMÉNEZ GARCÍA DE LA SERRANA:» · tildes: Jiménez (texto 5.617 de 5.623), García (texto 12.645 de 13.684) · Congreso: JIMENEZ GARCIA DE LA SERRANA, MANUEL, elecciones 1931 · RAH: sin biografía;probable;Jiménez García de la Serrana;Manuel Jiménez García de la Serrana
458;Antonio Jimenez Jimenez;Antonio Jiménez Jiménez;Diario: V2 11169 «El Sr. JIMÉNEZ JIMENEZ:» · tildes: Jiménez (texto 5.617 de 5.623), Jiménez (texto 5.617 de 5.623) · Congreso: JIMENEZ JIMENEZ, ANTONIO, elecciones 1931 · RAH: sin biografía;probable;Jiménez Jiménez;Antonio Jiménez Jiménez
461;Mariano Joven Hernandez;Mariano Joven Hernández;Diario: V2 105657 «El Sr. JOVEN:» · tildes: Hernández (texto 1.594 de 1.596) · Congreso: JOVEN HERNANDEZ, MARIANO, elecciones 1936 · RAH: sin biografía;probable;Joven;Mariano Joven
462;Cesar Juarros Ortega;César Juarros Ortega;Diario: V2 2223 «El Sr. JUARROS:» · Congreso: JUARROS ORTEGA, CESAR, elecciones 1931 · RAH 25104: César Juarros y Ortega;confirmada;Juarros;César Juarros
463;Francisco Julia Perello;Francisco Juliá Perelló;Diario: V2 13397 «El Sr. JULIA PERELLO:» · tildes: Juliá (texto 119 de 195), Perelló (texto 51 de 51) · Congreso: JULIA PERELLO, FRANCISCO, elecciones 1931, 1933 · RAH: sin biografía;probable;Juliá Perelló;Francisco Juliá Perelló
464;Jose Maria Julian Gil;José María Julián Gil;Diario: V2 81170 «El Sr. JULIAN GIL:» · tildes: Julián (texto 775 de 802) · Congreso: JULIAN GIL, JOSE MARIA, elecciones 1933, 1936 · RAH: sin biografía;probable;Julián Gil;José María Julián Gil
465;Jose Antonio Junco Toral;José Antonio Junco Toral;Diario: V2 105722 «El Sr. JUNCO TORAL:» · Congreso: JUNCO TORAL, JOSE ANTONIO, elecciones 1936 · RAH: sin biografía;probable;Junco Toral;José Antonio Junco Toral
466;Julio Just Gimeno;Julio Just Gimeno;Diario: V2 7312 «El Sr. JUST:» · Congreso: JUST GIMENO, JULIO, elecciones 1931, 1933, 1936 · RAH 25023: Julio Just Gimeno;confirmada;Just;Julio Just
467;Victoria Kent Siano;Victoria Kent Siano;Diario: V2 4938 «La Srta. KENT:» · Congreso: KENT SIANO, VICTORIA, elecciones 1931, 1936 · RAH 24638: Victoria Kent Siano;confirmada;Kent;Victoria Kent
470;Jose Maria Lamamie De Clairac Y De La Colina;José María Lamamié de Clairac y de la Colina;Diario: V2 4274 «El Sr. LAMAMIÉ DE CLAIRAC:» · tildes: Lamamié (texto 2.746 de 2.759) · Congreso: LAMAMIE DE CLAIRAC Y DE LA COLINA, JOSE MARIA, elecciones 1931, 1933, 1936 · RAH 24514: José María Lamamié de Clairac y de la Colina;confirmada;Lamamié de Clairac;José María Lamamié de Clairac
471;Vicente Lambies Grancha;Vicente Lambies Grancha;Diario: V2 73206 «El Sr. LAMBIES:» · Congreso: LAMBIES GRANCHA, VICENTE, elecciones 1933 · RAH: sin biografía;probable;Lambies;Vicente Lambies
472;Ramon Lamoneda Fernandez;Ramón Lamoneda Fernández;Diario: V2 61515 «El Sr. LAMONEDA:» · tildes: Fernández (texto 16.573 de 16.592) · Congreso: LAMONEDA FERNANDEZ, RAMON, elecciones 1933, 1936 · RAH 24595: Ramón Lamoneda Fernández;confirmada;Lamoneda;Ramón Lamoneda
473;Casimiro Lana Sarrate;Casimiro Lana Sarrate;Diario: V2 15989 «El Sr. LANA SERRATE:» · Congreso: LANA SARRATE, CASIMIRO, elecciones 1931, 1936 · RAH: sin biografía;probable;Lana Sarrate;Casimiro Lana Sarrate
474;Francisco Javier De Landaburu Fernandez De Betoño;Francisco Javier de Landaburu Fernández de Betoño;Diario: V2 61760 «El Sr. LANDABURU:» · tildes: Fernández (texto 16.573 de 16.592), Betoño (texto 6 de 10) · Congreso: LANDABURU FERNANDEZ DE BETOÑO, FRANCISCO JAVIER DE, elecciones 1933 · RAH: sin biografía;probable;Landaburu;Francisco Javier de Landaburu
476;Federico Landrove Moiño;Federico Landrove Moiño;Diario: V2 62288 «El Sr. LANDROVE:» · tildes: Moiño (texto 8 de 10) · Congreso: LANDROVE MOIÑO, FEDERICO, elecciones 1933 · RAH 24464: Federico Landrove Moiño;confirmada;Landrove;Federico Landrove
477;Antonio Lara Zarate;Antonio Lara Zárate;Diario: V2 32336 «El Sr. VICEPRESIDENTE (Lara):» · tildes: Zárate (texto 194 de 194) · Congreso: LARA ZARATE, ANTONIO, elecciones 1931, 1933, 1936 · RAH 24443: Antonio Lara Zárate;confirmada;Lara;Antonio Lara
478;Luis Laredo Vega;Luis Laredo Vega;Diario: V2 105124 «El Sr. LAREDO VEGA:» · Congreso: LAREDO VEGA, LUIS, elecciones 1936 · RAH: sin biografía;probable;Laredo Vega;Luis Laredo Vega
479;Francisco Largo Caballero;Francisco Largo Caballero;Diario: V2 1123 «El Sr. Ministro de TRABAJO Y PREVISION (Largo Caballero):» · Congreso: LARGO CABALLERO, FRANCISCO, elecciones 1931, 1933, 1936 · RAH 24554: Francisco Largo Caballero;confirmada;Largo Caballero;Francisco Largo Caballero
480;Jose Maria Lasarte Arana;José María Lasarte Arana;Diario: V2 107385 «El señor LASARTE:» · Congreso: LASARTE ARANA, JOSE MARIA, elecciones 1936 · RAH: sin biografía;probable;Lasarte Arana;José María Lasarte Arana
483;Eduardo Layret Foix;Eduardo Layret Foix;Diario: V2 1831 «El Sr. LAYRET:» · Congreso: LAYRET FOIX, EDUARDO, elecciones 1931 · RAH: sin biografía;probable;Layret;Eduardo Layret
484;Felipe Lazcano Y Morales De Setien;Felipe Lazcano y Morales de Setién;Diario: V2 62738 «El Sr. LAZCANO:» · tildes: Setién (texto 21 de 21) · Congreso: LAZCANO Y MORALES DE SETIEN, FELIPE, elecciones 1933 · RAH: sin biografía;probable;Lazcano;Felipe Lazcano
485;Jesus Maria Leizaola Sanchez;Jesús María Leizaola Sánchez;Diario: V2 175 «El Sr. LEIZAOLA:» · tildes: Sánchez (texto 7.018 de 7.038) · Congreso: LEIZAOLA SANCHEZ, JESUS MARIA, elecciones 1931, 1933 · RAH 26035: Jesús María de Leizaola Sánchez;confirmada;Leizaola;Jesús María Leizaola
486;Maria Lejarraga Y Garcia;María Lejárraga y García;Diario: V2 69455 «La Sra. LEJARRAGA:» · tildes: Lejárraga (texto 348 de 370), García (texto 12.645 de 13.684) · Congreso: LEJARRAGA Y GARCIA, MARIA, elecciones 1933 · RAH 26062: María de la O Lejárraga García;confirmada;Lejárraga;María Lejárraga
487;Alejandro Lerroux Garcia;Alejandro Lerroux García;Diario: V2 25769 «El Sr. LERROUX:» · tildes: García (texto 12.645 de 13.684) · Congreso: LERROUX GARCIA, ALEJANDRO, elecciones 1931, 1933 · RAH 25738: Alejandro Lerroux García;confirmada;Lerroux;Alejandro Lerroux
490;Jose Llado Y Valles;José Lladó y Vallés;Diario: V2 8362 «El Sr. LLADO:» · tildes: Lladó (texto 274 de 295), Vallés (texto 14 de 25) · Congreso: LLADO Y VALLES, JOSE, elecciones 1931 · RAH: sin biografía;probable;Lladó;José Lladó
491;Rodolfo Llopis Ferrandiz;Rodolfo Llopis Ferrándiz;Diario: V2 480 «El Sr. LLOPIS:» · tildes: Ferrándiz (texto 86 de 87) · Congreso: LLOPIS FERRANDIZ, RODOLFO, elecciones 1931, 1933, 1936 · RAH 25587: Rodolfo Llopis Ferrándiz;confirmada;Llopis;Rodolfo Llopis
492;Juan Lluhi Vallesca;Juan Lluhí Vallescá;Diario: V2 47571 «El Sr. LLUHÍ:» · tildes: Lluhí (texto 196 de 903), Vallescá (texto 38 de 43) · Congreso: LLUHI VALLESCA, JUAN, elecciones 1931, 1936 · RAH 25241: Joan Lluhí i Vallescà · nota: La RAH titula «Joan Lluhí i Vallescà», el Diario imprime «Lluhí» (196 de 903) y «Vallescá» (38 de 43). Nombre de pila en la forma del Diario.;confirmada;Lluhí;Juan Lluhí
494;Juan Loperena Roma;Juan Loperena Roma;Diario: V2 13857 «El Sr. LOPERENA:» · Congreso: LOPERENA ROMA, JUAN, elecciones 1931 · RAH: sin biografía;probable;Loperena;Juan Loperena
495;Francisco Lopez De Goicoechea E Inchaurrandieta;Francisco López de Goicoechea e Inchaurrandieta;Diario: V2 45682 «El Sr. LÓPEZ DE GOICOECHEA:» · tildes: López (texto 7.391 de 7.403) · Congreso: LOPEZ DE GOICOECHEA E INCHAURRANDIETA, FRANCISCO, elecciones 1931, 1936 · RAH 26572: Francisco López de Goicoechea Inchaurrandieta;confirmada;López de Goicoechea;Francisco López de Goicoechea
497;Luis Lopez Doriga Meseguer;Luis López Dóriga Meseguer;Diario: V2 53087 «El Sr. LÓPEZ DÓRIGA:» · tildes: López (texto 7.391 de 7.403), Dóriga (texto 552 de 560) · Congreso: LOPEZ DORIGA MESEGUER, LUIS, elecciones 1931 · RAH: sin biografía;probable;López Dóriga;Luis López Dóriga
500;Angel Lopez Perez;Ángel López Pérez;Diario: V2 91965 «El Sr. LÓPEZ PÉREZ:» · tildes: López (texto 7.391 de 7.403), Pérez (texto 12.467 de 12.543) · Congreso: LOPEZ PEREZ, ANGEL, elecciones 1933 · RAH: sin biografía;probable;López Pérez;Ángel López Pérez
501;Jose Lopez Quero;José López Quero;Diario: V2 103824 «El Sr. LÓPEZ QUERO:» · tildes: López (texto 7.391 de 7.403) · Congreso: LOPEZ QUERO, JOSE, elecciones 1936 · RAH: sin biografía;probable;López Quero;José López Quero
502;Santiago Lopez Rodriguez;Santiago López Rodríguez;Diario: V2 105895 «El Sr. LÓPEZ RODRÍGUEZ:» · tildes: López (texto 7.391 de 7.403), Rodríguez (texto 7.210 de 9.716) · Congreso: LOPEZ RODRIGUEZ, SANTIAGO, elecciones 1936 · RAH: sin biografía;probable;López Rodríguez;Santiago López Rodríguez
503;Jose Lopez Varela;José López Varela;Diario: V2 46174 «El Sr. LÓPEZ VARELA:» · tildes: López (texto 7.391 de 7.403) · Congreso: LOPEZ VARELA, JOSE, elecciones 1931, 1933 · RAH: sin biografía;probable;López Varela;José López Varela
506;Manuel Lorenzo Pardo;Manuel Lorenzo Pardo;Diario: V2 64926 «El Sr. LORENZO PARDO:» · Congreso: LORENZO PARDO, MANUEL, elecciones 1933 · RAH 26163: Manuel Lorenzo Pardo;confirmada;Lorenzo Pardo;Manuel Lorenzo Pardo
507;Edmundo Lorenzo Santiago;Edmundo Lorenzo Santiago;Diario: V2 14056 «El Sr. LORENZO:» · Congreso: LORENZO SANTIAGO, EDMUNDO, elecciones 1931, 1936 · RAH: sin biografía;probable;Lorenzo;Edmundo Lorenzo
508;Juan Lozano Ruiz;Juan Lozano Ruiz;Diario: V2 65142 «El Sr. LOZANO:» · Congreso: LOZANO RUIZ, JUAN, elecciones 1931, 1933, 1936 · RAH: sin biografía;probable;Lozano;Juan Lozano
509;Luis Lucia Lucia;Luis Lucía Lucía;Diario: V2 87183 «El Sr. Ministro de COMUNICACIONES (Lucia):» · tildes: Lucía (texto 298 de 719), Lucía (texto 298 de 719) · Congreso: LUCIA LUCIA, LUIS, elecciones 1933, 1936 · RAH 27613: Luis Lucía y Lucía · nota: El Diario imprime «Lucía Lucía» 5 veces y «Lucía y Lucía» 1, nunca sin tilde, la RAH titula «Lucía y Lucía».;confirmada;Lucía;Luis Lucía
510;Benito Luna Anoria;Benito Luna Anoria;Diario: V2 63605 «El Sr. LUNA:» · Congreso: LUNA ANORIA, BENITO, elecciones 1933 · RAH: sin biografía;probable;Luna;Benito Luna
512;Dimas Madariaga Almendros;Dimas Madariaga Almendros;Diario: V2 121 «El Sr. MADARIAGA:» · Congreso: MADARIAGA ALMENDROS, DIMAS, elecciones 1931, 1933, 1936 · RAH: sin biografía;probable;Dimas Madariaga;Dimas Madariaga
513;Salvador Madariaga Rojo;Salvador Madariaga Rojo;Diario: V2 1895 «El Sr. MADARIAGA (D. Salvador):» · Congreso: MADARIAGA ROJO, SALVADOR, elecciones 1931 · RAH 27474: Salvador de Madariaga Rojo;confirmada;Salvador Madariaga;Salvador Madariaga
514;Jesus Salvador Madero Ortiz Cicuendez;Jesús Salvador Madero Ortiz Cicuéndez;Diario: V2 64021 «El Sr. MADERO:» · tildes: Cicuéndez (texto 8 de 10) · Congreso: MADERO ORTIZ CICUENDEZ, JESUS SALVADOR, elecciones 1933, 1936 · RAH: sin biografía;probable;Madero;Jesús Salvador Madero
515;Tomas Maestre Zapata;Tomás Maestre Zapata;Diario: V2 65529 «El Sr. MAESTRE:» · Congreso: MAESTRE ZAPATA, TOMAS, elecciones 1933 · RAH: sin biografía;probable;Maestre;Tomás Maestre
516;Jose Maestro San Jose;José Maestro San José;Diario: V2 103525 «El Sr. MAESTRO:» · tildes: José (texto 12.130 de 12.150) · Congreso: MAESTRO SAN JOSE, JOSE, elecciones 1936 · RAH: sin biografía;probable;Maestro;José Maestro
517;Ramiro De Maeztu Whitney;Ramiro de Maeztu Whitney;Diario: V2 63066 «El Sr. MAEZTU:» · Congreso: MAEZTU WHITNEY, RAMIRO DE, elecciones 1933 · RAH 27150: Ramiro de Maeztu y Whitney;confirmada;Maeztu;Ramiro de Maeztu
518;Antonio Mairal Perallos;Antonio Mairal Perallos;Diario: V2 68369 «El Sr. MAIRAL:» · Congreso: MAIRAL PERALLOS, ANTONIO, elecciones 1933 · RAH: sin biografía;probable;Mairal;Antonio Mairal
521;Joaquin Manglano Y Cucalo De Montull;Joaquín Manglano y Cucaló de Montull;Diario: V2 63008 «El Sr. MANGLANO:» · tildes: Cucaló (texto 5 de 5) · Congreso: MANGLANO Y CUCALO DE MONTULL, JOAQUIN (BARON DE CARCER), elecciones 1933 · RAH 27396: Joaquín Manglano y Cucaló de Montull;confirmada;Manglano;Joaquín Manglano
522;Daniel Mangrane Escardo;Daniel Mangrané Escardó;Diario: V2 61846 «El Sr. MANGRANÉ:» · tildes: Mangrané (texto 664 de 669), Escardó (texto 11 de 11) · Congreso: MANGRANE ESCARDO, DANIEL, elecciones 1933 · RAH: sin biografía;probable;Mangrané;Daniel Mangrané
524;Jose Manteca Roger;José Manteca Roger;Diario: V2 2847 «El Sr. MANTECA:» · Congreso: MANTECA ROGER, JOSE, elecciones 1931 · RAH: sin biografía;probable;Manteca;José Manteca
526;Juan March Ordinas;Juan March Ordinas;Diario: V2 9576 «El Sr. MARCH:» · Congreso: MARCH ORDINAS, JUAN, elecciones 1931, 1933 · RAH 28325: Juan March Ordinas;confirmada;March;Juan March
529;Vicente Marco Miranda;Vicente Marco Miranda;Diario: V2 20931 «El Sr. MARCO MIRANDA:» · Congreso: MARCO MIRANDA, VICENTE, elecciones 1931, 1933, 1936 · RAH: sin biografía;probable;Marco Miranda;Vicente Marco Miranda
531;Tomas Marcos Escribano;Tomás Marcos Escribano;Diario: V2 28549 «El Sr. MARCOS ESCRIBANO:» · Congreso: MARCOS ESCRIBANO, TOMAS, elecciones 1931 · RAH: sin biografía;probable;Marcos Escribano;Tomás Marcos Escribano
532;Agustin Marcos Escudero;Agustín Marcos Escudero;Diario: V2 3190 «El Sr. MARCOS ESCUDERO:» · Congreso: MARCOS ESCUDERO, AGUSTIN, elecciones 1931 · RAH: sin biografía;probable;Marcos Escudero;Agustín Marcos Escudero
533;Jose Mareque Santos;José Mareque Santos;Diario: V2 13816 «El Sr. MAREQUE:» · Congreso: MAREQUE SANTOS, JOSE, elecciones 1931 · RAH: sin biografía;probable;Mareque;José Mareque
534;Melchor Marial Mundet;Melchor Marial Mundet;Diario: V2 6548 «El Sr. MARIAL:» · Congreso: MARIAL MUNDET, MELCHOR, elecciones 1931, 1933 · RAH: sin biografía;probable;Marial;Melchor Marial
536;Rafael Marin Lazaro;Rafael Marín Lázaro;Diario: V2 104782 «El Sr. MARÍN LAZARO:» · tildes: Marín (texto 320 de 384), Lázaro (texto 118 de 118) · Congreso: MARIN LAZARO, RAFAEL, elecciones 1936 · RAH: sin biografía;probable;Marín Lázaro;Rafael Marín Lázaro
537;Andres Maroto Rodriguez De Vera;Andrés Maroto Rodríguez de Vera;Diario: V2 61771 «El Sr. MAROTO:» · tildes: Rodríguez (texto 7.210 de 9.716) · Congreso: MAROTO RODRIGUEZ DE VERA, ANDRES, elecciones 1933 · RAH: sin biografía;probable;Maroto;Andrés Maroto
538;Manuel Marraco Ramon;Manuel Marraco Ramón;Diario: V2 923 «El Sr. VICEPRESIDENTE (Marraco):» · tildes: Ramón (texto 3.090 de 3.098) · Congreso: MARRACO RAMON, MANUEL, elecciones 1931 · RAH 28115: Manuel Marraco y Ramón;confirmada;Marraco;Manuel Marraco
539;Antonio Marti Olucha;Antonio Martí Olucha;Diario: V2 64906 «El Sr. MARTÍ OLUCHA:» · tildes: Martí (texto 506 de 594) · Congreso: MARTI OLUCHA, ANTONIO, elecciones 1933, 1936 · RAH: sin biografía;probable;Martí Olucha;Antonio Martí Olucha
540;Javier Martin Artajo Y Alvarez;Javier Martín Artajo y Álvarez;Diario: V2 63502 «El Sr. MARTÍN ARTAJO:» · tildes: Martín (texto 4.959 de 6.931) · Congreso: MARTIN ARTAJO Y ALVAREZ, JAVIER, elecciones 1933 · RAH: sin biografía;probable;Martín Artajo;Javier Martín Artajo
541;Juan Luis Martin De Antonio;Juan Luis Martín de Antonio;Diario: V2 54182 «El Sr. MARTÍN DE ANTONIO:» · tildes: Martín (texto 4.959 de 6.931) · Congreso: MARTIN DE ANTONIO, JUAN LUIS, elecciones 1931 · RAH: sin biografía;probable;Martín de Antonio;Juan Luis Martín de Antonio
542;Arturo Martin De Nicolas Y Garcia;Arturo Martín de Nicolás y García;Diario: V2 102994 «El Sr. MARTÍN DE NICOLÁS:» · tildes: Martín (texto 4.959 de 6.931), Nicolás (texto 471 de 472), García (texto 12.645 de 13.684) · Congreso: MARTIN DE NICOLAS Y GARCIA, ARTURO, elecciones 1936 · RAH: sin biografía;probable;Martín de Nicolás;Arturo Martín de Nicolás
545;Marcelino Martin Gonzalez Del Arco;Marcelino Martín González del Arco;Diario: V2 57702 «El Sr. MARTÍN GONZALEZ DEL ARCO:» · tildes: Martín (texto 4.959 de 6.931), González (texto 8.765 de 8.793) · Congreso: MARTIN GONZALEZ DEL ARCO, MARCELINO, elecciones 1931 · RAH: sin biografía;probable;Martín González del Arco;Marcelino Martín González del Arco
548;Pedro Martin Y Martin;Pedro Martín y Martín;Diario: V2 47119 «El Sr. MARTÍN Y MARTÍN:» · tildes: Martín (texto 4.959 de 6.931), Martín (texto 4.959 de 6.931) · Congreso: MARTIN Y MARTIN, PEDRO, elecciones 1931, 1933 · RAH: sin biografía;probable;Martín y Martín;Pedro Martín y Martín
549;Jose Martinez Arenas;José Martínez Arenas;Diario: V2 64574 «El Sr. MARTÍNEZ ARENAS:» · tildes: Martínez (texto 12.253 de 15.580) · Congreso: MARTINEZ ARENAS, JOSE, elecciones 1933 · RAH: sin biografía;probable;Martínez Arenas;José Martínez Arenas
550;Diego Martinez Barrio;Diego Martínez Barrio;Diario: V2 74629 «El Sr. MARTÍNEZ BARRIO:» · tildes: Martínez (texto 12.253 de 15.580) · Congreso: MARTINEZ BARRIO, DIEGO, elecciones 1931, 1933, 1936 · RAH 27958: Diego Martínez Barrio · nota: El Diario imprime a menudo «Martínez Barrios» (también en el texto), pero el Congreso, la RAH y el propio Diario en la promesa de 1945 (V2 107371) dicen «Barrio».;confirmada;Martínez Barrio;Diego Martínez Barrio
551;Pedro Martinez Carton;Pedro Martínez Cartón;Diario: V2 101902 «El Sr. MARTÍNEZ CARTÓN:» · tildes: Martínez (texto 12.253 de 15.580), Cartón (texto 127 de 128) · Congreso: MARTINEZ CARTON, PEDRO, elecciones 1936 · RAH: sin biografía;probable;Martínez Cartón;Pedro Martínez Cartón
552;Luis Martinez Carvajal;Luis Martínez Carvajal;Diario: V2 103631 «El Sr. MARTÍNEZ CARVAJAL:» · tildes: Martínez (texto 12.253 de 15.580) · Congreso: MARTINEZ CARVAJAL, LUIS, elecciones 1936 · RAH: sin biografía;probable;Martínez Carvajal;Luis Martínez Carvajal
553;Jose Martinez De Azagra;José Martínez de Azagra;Diario: V2 88739 «El Sr. MARTÍNEZ DE AZAGRA:» · tildes: Martínez (texto 12.253 de 15.580) · Congreso: MARTINEZ DE AZAGRA, JOSE, elecciones 1933 · RAH: sin biografía;probable;Martínez de Azagra;José Martínez de Azagra
556;Jose Martinez De Velasco Escolar;José Martínez de Velasco Escolar;Diario: V2 24693 «El Sr. VICEPRESIDENTE (Martínez de Velasco):» · tildes: Martínez (texto 12.253 de 15.580) · Congreso: MARTINEZ DE VELASCO ESCOLAR, JOSE, elecciones 1931, 1933 · RAH 29631: José Martínez de Velasco Escolar;confirmada;Martínez de Velasco;José Martínez de Velasco
557;Alfredo Martinez Garcia Arguelles;Alfredo Martínez García Argüelles;Diario: V2 99900 «El Sr. VICEPRESIDENTE (Martínez García Argüelles):» · tildes: Martínez (texto 12.253 de 15.580), García (texto 12.645 de 13.684), Argüelles (texto 608 de 626) · Congreso: MARTINEZ GARCIA ARGUELLES, ALFREDO, elecciones 1933 · RAH 29686: Alfredo Martínez y García Argüelles;confirmada;Martínez García Argüelles;Alfredo Martínez García Argüelles
558;Lucio Martinez Gil;Lucio Martínez Gil;Diario: V2 2735 «El Sr. MARTÍNEZ GIL:» · tildes: Martínez (texto 12.253 de 15.580) · Congreso: MARTINEZ GIL, LUCIO, elecciones 1931, 1933 · RAH 29691: Lucio Martínez Gil;confirmada;Martínez Gil;Lucio Martínez Gil
559;Esteban Martinez Hervas;Esteban Martínez Hervás;Diario: V2 67709 «El Sr. MARTÍNEZ HERVÁS:» · tildes: Martínez (texto 12.253 de 15.580), Hervás (texto 437 de 442) · Congreso: MARTINEZ HERVAS, ESTEBAN, elecciones 1933 · RAH: sin biografía;probable;Martínez Hervás;Esteban Martínez Hervás
560;Emilio Martinez Jerez;Emilio Martínez Jerez;Diario: V2 101958 «El Sr. MARTÍNEZ JEREZ:» · tildes: Martínez (texto 12.253 de 15.580) · Congreso: MARTINEZ JEREZ, EMILIO, elecciones 1936 · RAH: sin biografía;probable;Martínez Jerez;Emilio Martínez Jerez
561;Jose Maria Martinez Jimenez;José María Martínez Jiménez;Diario: V2 47392 «El Sr. MARTÍNEZ JIMÉNEZ:» · tildes: Martínez (texto 12.253 de 15.580), Jiménez (texto 5.617 de 5.623) · Congreso: MARTINEZ JIMENEZ, JOSE MARIA, elecciones 1931 · RAH: sin biografía;probable;Martínez Jiménez;José María Martínez Jiménez
562;Pedro Martinez Juarez;Pedro Martínez Juárez;Diario: V2 97030 «El Sr. MARTÍNEZ JUÁREZ:» · tildes: Martínez (texto 12.253 de 15.580), Juárez (texto 622 de 626) · Congreso: MARTINEZ JUAREZ, PEDRO, elecciones 1933, 1936 · RAH: sin biografía;probable;Martínez Juárez;Pedro Martínez Juárez
564;Maximiliano Martinez Moreno;Maximiliano Martínez Moreno;Diario: V2 102697 «El Sr. MARTÍNEZ MORENO:» · tildes: Martínez (texto 12.253 de 15.580) · Congreso: MARTINEZ MORENO, MAXIMILIANO, elecciones 1936 · RAH 29449: Maximiliano Martínez Moreno;confirmada;Martínez Moreno;Maximiliano Martínez Moreno
565;Salvador Martinez Moya Crespo;Salvador Martínez Moya Crespo;Diario: V2 5616 «El Sr. MARTÍNEZ MOYA:» · tildes: Martínez (texto 12.253 de 15.580) · Congreso: MARTINEZ MOYA CRESPO, SALVADOR, elecciones 1931, 1933 · RAH: sin biografía;probable;Martínez Moya;Salvador Martínez Moya
566;Juan Martinez Ortiz;Juan Martínez Ortiz;Diario: V2 70743 «El Sr. MARTÍNEZ ORTIZ:» · tildes: Martínez (texto 12.253 de 15.580) · Congreso: MARTINEZ ORTIZ, JUAN, elecciones 1933 · RAH: sin biografía;probable;Martínez Ortiz;Juan Martínez Ortiz
567;Manuel Martinez Pedroso;Manuel Martínez Pedroso;Diario: V2 101777 «El Sr. MARTÍNEZ PEDROSO:» · tildes: Martínez (texto 12.253 de 15.580) · Congreso: MARTINEZ PEDROSO, MANUEL, elecciones 1936 · RAH: sin biografía;probable;Martínez Pedroso;Manuel Martínez Pedroso
568;Manuel Martinez Risco Y Macias;Manuel Martínez Risco y Macías;Diario: V2 102376 «El Sr. MARTÍNEZ RISCO:» · tildes: Martínez (texto 12.253 de 15.580), Macías (texto 14 de 26) · Congreso: MARTINEZ RISCO Y MACIAS, MANUEL, elecciones 1931, 1936 · RAH 29675: Manuel Martínez-Risco Macías;confirmada;Martínez Risco;Manuel Martínez Risco
569;Gines Martinez Rubio;Ginés Martínez Rubio;Diario: V2 68715 «El Sr. MARTÍNEZ RUBIO:» · tildes: Martínez (texto 12.253 de 15.580) · Congreso: MARTINEZ RUBIO, GINES, elecciones 1933, 1936 · RAH: sin biografía;probable;Martínez Rubio;Ginés Martínez Rubio
570;Pascual Martinez Sala;Pascual Martínez Sala;Diario: V2 72463 «El Sr. MARTÍNEZ SALA:» · tildes: Martínez (texto 12.253 de 15.580) · Congreso: MARTINEZ SALA, PASCUAL, elecciones 1933 · RAH: sin biografía;probable;Martínez Sala;Pascual Martínez Sala
572;Carlos Martinez Y Martinez;Carlos Martínez y Martínez;Diario: V2 42079 «El Sr. MARTÍNEZ Y MARTÍNEZ:» · tildes: Martínez (texto 12.253 de 15.580), Martínez (texto 12.253 de 15.580) · Congreso: MARTINEZ Y MARTINEZ, CARLOS, elecciones 1931 · RAH 29671: Carlos Martínez Martínez;confirmada;Martínez y Martínez;Carlos Martínez y Martínez
574;Jose Mascort Ribot;José Mascort Ribot;Diario: V2 63212 «El Sr. MASCORT:» · Congreso: MASCORT RIBOT, JOSE, elecciones 1933, 1936 · RAH: sin biografía;probable;Mascort;José Mascort
575;Jose Maria Masip E Izabal;José María Masip e Izábal;Diario: V2 102689 «El Sr. MASSIP:» · tildes: Izábal (texto 5 de 7) · Congreso: MASIP E IZABAL, JOSE MARIA, elecciones 1936 · RAH: sin biografía;probable;Masip e Izábal;José María Masip e Izábal
576;Luis Massot Balaguer;Luis Massot Balaguer;Diario: V2 65796 «El Sr. MASSOT:» · Congreso: MASSOT BALAGUER, LUIS, elecciones 1933 · RAH: sin biografía;probable;Massot;Luis Massot
577;Jose Maria De Mateo La Iglesia;José María de Mateo la Iglesia;Diario: V2 101541 «El Sr. MATEO LA IGLESIA:» · Congreso: MATEO LA IGLESIA, JOSE MARIA DE, elecciones 1933, 1936 · RAH: sin biografía;probable;Mateo la Iglesia;José María de Mateo la Iglesia
579;Mariano Matesanz De La Torre;Mariano Matesanz de la Torre;Diario: V2 62303 «El Sr. MATESANZ:» · Congreso: MATESANZ DE LA TORRE, MARIANO, elecciones 1933 · RAH 29110: Mariano Matesanz de la Torre;confirmada;Matesanz;Mariano Matesanz
581;Miguel Maura Gamazo;Miguel Maura Gamazo;Diario: V2 7324 «El Sr. MAURA:» · Congreso: MAURA GAMAZO, MIGUEL, elecciones 1931, 1933, 1936 · RAH 29009: Miguel Maura Gamazo;confirmada;Miguel Maura;Miguel Maura
582;Honorio Maura Gamazo;Honorio Maura Gamazo;Diario: V2 61886 «El Sr. MAURA (D. Honorio):» · Congreso: MAURA GAMAZO, HONORIO, elecciones 1933 · RAH 29008: Honorio Maura Gamazo;confirmada;Honorio Maura;Honorio Maura
583;Joaquin Maurin Julia;Joaquín Maurín Juliá;Diario: V2 102507 «El Sr. MAURIN:» · tildes: Maurín (texto 40 de 65), Juliá (texto 119 de 195) · Congreso: MAURIN JULIA, JOAQUIN, elecciones 1936 · RAH 29089: Joaquín Maurín Julià · nota: La RAH titula «Maurín Julià», el Diario imprime «Juliá», con tilde aguda (119 veces), y la tabla sigue al Diario (criterio 2).;confirmada;Maurín;Joaquín Maurín
584;Francisco Medina Clares;Francisco Medina Clarés;Diario: V2 104176 «El Sr. MEDINA CLARES:» · tildes: Clarés (texto 6 de 29) · Congreso: MEDINA CLARES, FRANCISCO, elecciones 1936 · RAH: sin biografía;probable;Medina Clarés;Francisco Medina Clarés
586;Rafael Melgarejo Tordesillas;Rafael Melgarejo Tordesillas;Diario: V2 104970 «El Sr. MELGAREJO:» · Congreso: MELGAREJO TORDESILLAS, RAFAEL (DUQUE DE SAN FERNANDO DE QUIROGA), elecciones 1936 · RAH 30612: Rafael Melgarejo y Tordesillas;confirmada;Melgarejo;Rafael Melgarejo
587;Jose Maria Mendez Gil Brandon;José María Méndez Gil Brandón;Diario: V2 77689 «El Sr. MÉNDEZ GIL BRANDÓN:» · tildes: Méndez (texto 760 de 768), Brandón (texto 202 de 209) · Congreso: MENDEZ GIL BRANDON, JOSE MARIA, elecciones 1933, 1936 · RAH: sin biografía;probable;Méndez Gil;José María Méndez Gil
588;Juan Antonio Mendez Martinez;Juan Antonio Méndez Martínez;Diario: V2 107313 «El señor MINISTRO DE HACIENDA Y ECONOMIA:» · tildes: Méndez (texto 760 de 768), Martínez (texto 12.253 de 15.580) · Congreso: MENDEZ MARTINEZ, JUAN ANTONIO, elecciones 1936 · RAH: sin biografía;probable;Méndez Martínez;Juan Antonio Méndez Martínez
589;Teodomiro Menendez Fernandez;Teodomiro Menéndez Fernández;Diario: V2 61903 «El Sr. MENÉNDEZ:» · tildes: Menéndez (texto 2.746 de 2.769), Fernández (texto 16.573 de 16.592) · Congreso: MENENDEZ FERNANDEZ, TEODOMIRO, elecciones 1931, 1933 · RAH 30209: Teodomiro Menéndez Fernández;confirmada;Menéndez;Teodomiro Menéndez
590;Angel Menendez Suarez;Ángel Menéndez Suárez;Diario: V2 48698 «El Sr. MENENDEZ SUÁREZ:» · tildes: Menéndez (texto 2.746 de 2.769), Suárez (texto 3.122 de 3.128) · Congreso: MENENDEZ SUAREZ, ANGEL, elecciones 1931, 1936 · RAH 30230: Ángel Menéndez Suárez;confirmada;Menéndez Suárez;Ángel Menéndez Suárez
593;Mariano Merediz Diaz Parreño;Mariano Merediz Díaz Parreño;Diario: V2 91834 «El Sr. MEREDIZ:» · tildes: Díaz (texto 3.622 de 4.922), Parreño (texto 7 de 7) · Congreso: MEREDIZ DIAZ PARREÑO, MARIANO, elecciones 1933 · RAH: sin biografía;probable;Merediz;Mariano Merediz
594;Jose Mesa Lopez;José Mesa López;Diario: V2 77747 «El Sr. MESA:» · tildes: López (texto 7.391 de 7.403) · Congreso: MESA LOPEZ, JOSE, elecciones 1933 · RAH: sin biografía;probable;Mesa;José Mesa
597;Jesus De Miguel Lancho;Jesús de Miguel Lancho;Diario: V2 105472 «El Sr. DE MIGUEL:» · Congreso: MIGUEL LANCHO, JESUS DE, elecciones 1936 · RAH: sin biografía;probable;Miguel;Jesús de Miguel
598;Antonio Mije Garcia;Antonio Mije García;Diario: V2 101963 «El Sr. MIJE:» · tildes: García (texto 12.645 de 13.684) · Congreso: MIJE GARCIA, ANTONIO, elecciones 1936 · RAH: sin biografía;probable;Mije;Antonio Mije
600;Jose Miñones Bernardez;José Miñones Bernárdez;Diario: V2 61727 «El Sr. MINONES:» · tildes: Miñones (texto 383 de 409), Bernárdez (texto 13 de 13) · Congreso: MIÑONES BERNARDEZ, JOSE, elecciones 1933, 1936 · RAH: sin biografía;probable;Miñones;José Miñones
603;Esteban Mirasol Ruiz;Esteban Mirasol Ruiz;Diario: V2 8114 «El Sr. MIRASOL:» · Congreso: MIRASOL RUIZ, ESTEBAN, elecciones 1931, 1936 · RAH: sin biografía;probable;Mirasol;Esteban Mirasol
604;Eduardo Molero Massa;Eduardo Molero Massá;Diario: V2 67485 «El Sr. MOLERO:» · tildes: Massá (texto 6 de 18) · Congreso: MOLERO MASSA, EDUARDO, elecciones 1933 · RAH: sin biografía;probable;Molero;Eduardo Molero
606;Jose Molina Moreno;José Molina Moreno;Diario: V2 9493 «El Sr. MOLINA MORENO:» · Congreso: MOLINA MORENO, JOSE, elecciones 1931 · RAH: sin biografía;probable;Molina Moreno;José Molina Moreno
607;Ramon Molina Nieto;Ramón Molina Nieto;Diario: V2 4946 «El Sr. MOLINA:» · Congreso: MOLINA NIETO, RAMON, elecciones 1931, 1933, 1936 · RAH: sin biografía;probable;Molina;Ramón Molina
608;Francisco Molleda Garces;Francisco Molleda Garcés;Diario: V2 509 «El Sr. MOLLEDA:» · tildes: Garcés (texto 149 de 149) · Congreso: MOLLEDA GARCES, FRANCISCO, elecciones 1931 · RAH: sin biografía;probable;Molleda;Francisco Molleda
609;Pedro Molpeceres Ramos;Pedro Molpeceres Ramos;Diario: V2 37731 «El Sr. MOLPECERES:» · Congreso: MOLPECERES RAMOS, PEDRO, elecciones 1931 · RAH 31544: Pedro Molpeceres Ramos;confirmada;Molpeceres;Pedro Molpeceres
610;Francisco Molto Pascual;Francisco Moltó Pascual;Diario: V2 62683 «El Sr. MOLTÓ:» · tildes: Moltó (texto 630 de 653) · Congreso: MOLTO PASCUAL, FRANCISCO, elecciones 1933 · RAH: sin biografía;probable;Moltó;Francisco Moltó
611;Jose Moncasi Sangenis;José Moncasí Sangenís;Diario: V2 63255 «El Sr. MONCASI:» · tildes: Moncasí (texto 208 de 545), Sangenís (texto 143 de 346) · Congreso: MONCASI SANGENIS, JOSE, elecciones 1933, 1936 · RAH: sin biografía;probable;Moncasí;José Moncasí
612;Daniel Mondejar Funez;Daniel Mondéjar Fúnez;Diario: V2 71491 «El Sr. MONDÉJAR:» · tildes: Mondéjar (texto 636 de 681), Fúnez (texto 6 de 6) · Congreso: MONDEJAR FUNEZ, DANIEL, elecciones 1933, 1936 · RAH: sin biografía;probable;Mondéjar;Daniel Mondéjar
614;Jose Maria Montenegro Soto;José María Montenegro Soto;Diario: V2 61748 «El Sr. MONTENEGRO:» · Congreso: MONTENEGRO SOTO, JOSE MARIA, elecciones 1933 · RAH: sin biografía;probable;Montenegro;José María Montenegro
615;Jose Montero Tirado;José Montero Tirado;Diario: V2 64554 «El Sr. MONTERO TIRADO:» · Congreso: MONTERO TIRADO, JOSE, elecciones 1933 · RAH: sin biografía;probable;Montero Tirado;José Montero Tirado
617;Rafael Montes Diaz;Rafael Montes Díaz;Diario: V2 87749 «El Sr. MONTES DÍAZ:» · tildes: Díaz (texto 3.622 de 4.922) · Congreso: MONTES DIAZ, RAFAEL, elecciones 1933 · RAH: sin biografía;probable;Montes Díaz;Rafael Montes Díaz
618;Luis Montes Lopez De La Torre;Luis Montes López de la Torre;Diario: V2 70849 «El Sr. MONTES LÓPEZ DE LA TORRE:» · tildes: López (texto 7.391 de 7.403) · Congreso: MONTES LOPEZ DE LA TORRE, LUIS, elecciones 1933 · RAH: sin biografía;probable;Montes López de la Torre;Luis Montes López de la Torre
619;Francisco Felix Montiel Jimenez;Francisco Félix Montiel Jiménez;Diario: V2 104940 «El Sr. MONTIEL:» · tildes: Jiménez (texto 5.617 de 5.623) · Congreso: MONTIEL JIMENEZ, FRANCISCO FELIX, elecciones 1936 · RAH: sin biografía;probable;Montiel;Francisco Félix Montiel
620;Telesforo Monzon Y Ortiz De Urruela;Telesforo Monzón y Ortiz de Urruela;Diario: V2 64471 «El Sr. MONZÓN:» · tildes: Monzón (texto 246 de 254) · Congreso: MONZON Y ORTIZ DE URRUELA, TELESFORO, elecciones 1933 · RAH 30629: Telesforo Monzón Ortiz de Urruela;confirmada;Monzón;Telesforo Monzón
621;Jose Del Moral Sanjurjo;José del Moral Sanjurjo;Diario: V2 75165 «El Sr. DEL MORAL:» · Congreso: MORAL SANJURJO, JOSE DEL, elecciones 1933 · RAH: sin biografía;probable;Moral;José del Moral
622;Jose Morales Robles;José Morales Robles;Diario: V2 506, en el texto: «José Morales Robles» · Congreso: MORALES ROBLES, JOSE, elecciones 1931 · RAH: sin biografía;probable;Morales Robles;José Morales Robles
623;Juan Moran Bayo;Juan Morán Bayo;Diario: V2 57107 «El Sr. MORÁN:» · tildes: Morán (texto 943 de 945) · Congreso: MORAN BAYO, JUAN, elecciones 1931 · RAH: sin biografía;probable;Morán;Juan Morán
624;Francisco Morayta Martinez;Francisco Morayta Martínez;Diario: V2 62685 «El Sr. MORAYTA:» · tildes: Martínez (texto 12.253 de 15.580) · Congreso: MORAYTA MARTINEZ, FRANCISCO, elecciones 1933 · RAH: sin biografía;probable;Morayta;Francisco Morayta
626;Carlos Morenilla Blanes;Carlos Morenilla Blanes;Diario: V2 82795 «El Sr. MORENILLA:» · Congreso: MORENILLA BLANES, CARLOS, elecciones 1933 · RAH: sin biografía;probable;Morenilla;Carlos Morenilla
627;Julio Moreno Davila;Julio Moreno Dávila;Diario: V2 63873 «El Sr. MORENO DÁVILA:» · tildes: Dávila (texto 1.179 de 1.189) · Congreso: MORENO DAVILA, JULIO, elecciones 1933, 1936 · RAH: sin biografía;probable;Moreno Dávila;Julio Moreno Dávila
628;Jose Moreno Galvache;José Moreno Galvache;Diario: V2 515 «El Sr. MORENO GALVACHE:» · Congreso: MORENO GALVACHE, JOSE, elecciones 1931, 1936 · RAH: sin biografía;probable;Moreno Galvache;José Moreno Galvache
629;Francisco Moreno Herrera;Francisco Moreno Herrera;Diario: V2 63148 «El Sr. MORENO HERRERA:» · Congreso: MORENO HERRERA, FRANCISCO, elecciones 1933 · RAH 32220: Francisco de Asís Moreno y de Herrera;confirmada;Moreno Herrera;Francisco Moreno Herrera
630;Antonio Moreno Jover;Antonio Moreno Jover;Diario: V2 103894 «El Sr. MORENO JOVER:» · Congreso: MORENO JOVER, ANTONIO, elecciones 1936 · RAH: sin biografía;probable;Moreno Jover;Antonio Moreno Jover
631;Mariano Moreno Mateo;Mariano Moreno Mateo;Diario: V2 14595 «El Sr. MORENO MATEO:» · Congreso: MORENO MATEO, MARIANO, elecciones 1931, 1936 · RAH: sin biografía;probable;Moreno Mateo;Mariano Moreno Mateo
632;Manuel Moreno Mendoza;Manuel Moreno Mendoza;Diario: V2 3124 «El Sr. MORENO MENDOZA:» · Congreso: MORENO MENDOZA, MANUEL, elecciones 1931 · RAH 32283: Manuel Moreno Mendoza;confirmada;Moreno Mendoza;Manuel Moreno Mendoza
634;Adolfo Moreno Quesada;Adolfo Moreno Quesada;Diario: V2 63022 «El Sr. MORENO QUESADA:» · Congreso: MORENO QUESADA, ADOLFO, elecciones 1933 · RAH: sin biografía;probable;Moreno Quesada;Adolfo Moreno Quesada
635;Jose Moreno Torres;José Moreno Torres;Diario: V2 71718 «El Sr. MORENO TORRES:» · Congreso: MORENO TORRES, JOSE (CONDE DE SANTA MARTA DE BABIO), elecciones 1933, 1936 · RAH 32424: José Moreno Torres;confirmada;Moreno Torres;José Moreno Torres
636;Gabriel Moron Diaz;Gabriel Morón Díaz;Diario: V2 58735 «El Sr. MORÓN:» · tildes: Morón (texto 968 de 968), Díaz (texto 3.622 de 4.922) · Congreso: MORON DIAZ, GABRIEL, elecciones 1931 · RAH: sin biografía;probable;Morón;Gabriel Morón
637;Jose Mouriz Riesgo;José Mouriz Riesgo;Diario: V2 1759 «El Sr. MOURIZ:» · Congreso: MOURIZ RIESGO, JOSE, elecciones 1931 · RAH 32434: José Mouriz Riesgo;confirmada;Mouriz;José Mouriz
638;Jose Maria Moutas Meras;José María Moutas Merás;Diario: V2 62024 «El Sr. MOUTAS:» · tildes: Merás (texto 336 de 355) · Congreso: MOUTAS MERAS, JOSE MARIA, elecciones 1933, 1936 · RAH 32436: José María Moutas Merás;confirmada;Moutas;José María Moutas
640;Manuel Muiño Arroyo;Manuel Muiño Arroyo;Diario: V2 4471 «El Sr. MUÍNO:» · tildes: Muiño (texto 618 de 624) · Congreso: MUIÑO ARROYO, MANUEL, elecciones 1931 · RAH 31801: Manuel Muiño Arroyo;confirmada;Muiño;Manuel Muiño
642;Alfonso Muñoz De Diego;Alfonso Muñoz de Diego;Diario: V2 61751 «El Sr. MUNOZ DE DIEGO:» · tildes: Muñoz (texto 1.666 de 1.690) · Congreso: MUÑOZ DE DIEGO, ALFONSO, elecciones 1933 · RAH 31983: Alfonso Muñoz de Diego;confirmada;Muñoz de Diego;Alfonso Muñoz de Diego
644;Manuel Muñoz Martinez;Manuel Muñoz Martínez;Diario: V2 46401 «El Sr. MUNOZ MARTÍNEZ:» · tildes: Muñoz (texto 1.666 de 1.690), Martínez (texto 12.253 de 15.580) · Congreso: MUÑOZ MARTINEZ, MANUEL, elecciones 1931, 1933, 1936 · RAH 31736: Manuel Muñoz Martínez;confirmada;Muñoz Martínez;Manuel Muñoz Martínez
646;Amancio Muñoz Zafra;Amancio Muñoz Zafra;Diario: V2 103187 «El Sr. MUÑOZ DE ZAFRA:» · tildes: Muñoz (texto 1.666 de 1.690) · Congreso: MUÑOZ ZAFRA, AMANCIO, elecciones 1936 · RAH: sin biografía;probable;Muñoz Zafra;Amancio Muñoz Zafra
647;Joaquin Maria De Nadal Y Ferrer;Joaquín María de Nadal y Ferrer;Diario: V2 69838 «El Sr. NADAL:» · Congreso: NADAL Y FERRER, JOAQUIN MARIA DE, elecciones 1933 · RAH: sin biografía;probable;Nadal;Joaquín María de Nadal
648;Antonio Navajas Moreno;Antonio Navajas Moreno;Diario: V2 62893 «El Sr. NAVAJAS:» · Congreso: NAVAJAS MORENO, ANTONIO, elecciones 1933 · RAH: sin biografía;probable;Navajas;Antonio Navajas
650;Jenaro Navarro Lopez;Jenaro Navarro López;Diario: V2 63085 «El Sr. NAVARRO LÓPEZ:» · tildes: López (texto 7.391 de 7.403) · Congreso: NAVARRO LOPEZ, JENARO, elecciones 1933 · RAH: sin biografía;probable;Navarro López;Jenaro Navarro López
651;Ramon Navarro Vives;Ramón Navarro Vives;Diario: V2 7680 «El Sr. NAVARRO VIVES:» · Congreso: NAVARRO VIVES, RAMON, elecciones 1931 · RAH: sin biografía;probable;Navarro Vives;Ramón Navarro Vives
652;Juan Negrin Lopez;Juan Negrín López;Diario: V2 60380 «El Sr. NEGRÍN:» · tildes: Negrín (texto 1.285 de 2.038), López (texto 7.391 de 7.403) · Congreso: NEGRIN LOPEZ, JUAN, elecciones 1931, 1933, 1936 · RAH 33054: Juan Negrín López;confirmada;Negrín;Juan Negrín
653;Margarita Nelken Mansberger De Paul;Margarita Nelken Mansberger de Paúl;Diario: V2 22869 «La Sra. NELKEN:» · tildes: Paúl (texto 20 de 43) · Congreso: NELKEN MANSBERGER DE PAUL, MARGARITA, elecciones 1931, 1933, 1936 · RAH 33112: Margarita Nelken y Mansberger;confirmada;Nelken;Margarita Nelken
654;Luis Nicolau D'olwer;Luis Nicolau d'Olwer;Diario: V2 1367 «El Sr. Ministro de ECONOMIA NACIONAL (Nicolau):» · tildes: Nicolau (sin la tilde castellanizadora del diptongo final (88 sin tilde en el texto)), Nicolau (texto 441 de 529) · Congreso: NICOLAU D'OLWER, LUIS, elecciones 1931, 1936 · RAH: sin biografía · nota: El Diario imprime «Nicoláu» (441) y «Nicolau» (88), la forma catalana no lleva tilde. Sin biografía en la RAH con este nombre.;por revisar;Nicolau d'Olwer;Luis Nicolau d'Olwer
655;Emilio Niembro Gutierrez;Emilio Niembro Gutiérrez;Diario: V2 203 «El Sr. NIEMBRO:» · tildes: Gutiérrez (texto 656 de 662) · Congreso: NIEMBRO GUTIERREZ, EMILIO, elecciones 1931 · RAH: sin biografía;probable;Niembro;Emilio Niembro
656;Alfredo Nistal Martinez;Alfredo Nistal Martínez;Diario: V2 14884 «El Sr. NISTAL:» · tildes: Martínez (texto 12.253 de 15.580) · Congreso: NISTAL MARTINEZ, ALFREDO, elecciones 1931 · RAH: sin biografía;probable;Nistal;Alfredo Nistal
657;Ramon Nogues Y Bizet;Ramón Nogués y Bizet;Diario: V2 45656 «El Sr. NOGUÉS:» · tildes: Nogués (texto 613 de 616) · Congreso: NOGUES Y BIZET, RAMON, elecciones 1931, 1936 · RAH: sin biografía;probable;Nogués;Ramón Nogués
658;Roberto Novoa Santos;Roberto Novoa Santos;Diario: V2 2904 «El Sr. NOVOA SANTOS:» · Congreso: NOVOA SANTOS, ROBERTO, elecciones 1931 · RAH 32900: Roberto Novoa Santos;confirmada;Novoa Santos;Roberto Novoa Santos
659;Carlos Nuñez Manso;Carlos Núñez Manso;Diario: V2 64034 «El Sr. NÚNEZ MANSO:» · tildes: Núñez (texto 1.323 de 1.345) · Congreso: NUÑEZ MANSO, CARLOS, elecciones 1933 · RAH 32597: Carlos Núñez Manso;confirmada;Núñez Manso;Carlos Núñez Manso
660;Francisco Nuñez Tomas;Francisco Núñez Tomás;Diario: V2 2678 «El Sr. NUNEZ TOMAS:» · tildes: Núñez (texto 1.323 de 1.345), Tomás (texto 3.044 de 3.050) · Congreso: NUÑEZ TOMAS, FRANCISCO, elecciones 1931 · RAH 32801: Francisco Núñez Tomás;confirmada;Núñez Tomás;Francisco Núñez Tomás
661;Eduardo O'shea Y Verdes Montenegro;Eduardo O'Shea y Verdes Montenegro;Diario: V2 61797 «El Sr. O'SHEA:» · Congreso: O'SHEA Y VERDES MONTENEGRO, EDUARDO, elecciones 1933 · RAH: sin biografía;probable;O'Shea;Eduardo O'Shea
662;Cesar Oarrichena Jenaro;César Oarrichena Jenaro;Diario: V2 49679 «El Sr. OARRICHENA:» · Congreso: OARRICHENA JENARO, CESAR, elecciones 1931, 1933 · RAH: sin biografía;probable;Oarrichena;César Oarrichena
665;Manuel Olmedo Serrano;Manuel Olmedo Serrano;Diario: V2 44197 «El Sr. OLMEDO:» · Congreso: OLMEDO SERRANO, MANUEL, elecciones 1931 · RAH: sin biografía;probable;Olmedo;Manuel Olmedo
666;Marcelino De Oreja Y Elosegui;Marcelino de Oreja y Elósegui;Diario: V2 46328 «El Sr. OREJA ELÓSEGUI:» · tildes: Elósegui (texto 383 de 387) · Congreso: OREJA Y ELOSEGUI, MARCELINO DE, elecciones 1931, 1933 · RAH 33867: Marcelino Oreja Elósegui;confirmada;Oreja Elósegui;Marcelino de Oreja Elósegui
667;Fernando Oria De Rueda Y Fontan;Fernando Oria de Rueda y Fontán;Diario: V2 82941 «El Sr. ORIA DE RUEDA:» · tildes: Fontán (texto 20 de 20) · Congreso: ORIA DE RUEDA Y FONTAN, FERNANDO, elecciones 1933 · RAH: sin biografía;probable;Oria de Rueda;Fernando Oria de Rueda
668;Jaime Oriol De La Puerta;Jaime Oriol de la Puerta;Diario: V2 62505 «El Sr. ORIOL DE LA PUERTA:» · Congreso: ORIOL DE LA PUERTA, JAIME, elecciones 1933 · RAH: sin biografía;probable;Oriol de la Puerta;Jaime Oriol de la Puerta
669;Jose Luis De Oriol Y Uriguen;José Luis de Oriol y Urigüen;Diario: V2 6925 «El Sr. ORIOL:» · tildes: Urigüen (texto 24 de 34) · Congreso: ORIOL Y URIGUEN, JOSE LUIS DE, elecciones 1931, 1933, 1936 · RAH 33922: José Luis de Oriol y Urigüen;confirmada;Oriol;José Luis de Oriol
670;Andres Orozco Batista;Andrés Orozco Batista;Diario: V2 3084 «El Sr. OROZCO:» · Congreso: OROZCO BATISTA, ANDRES, elecciones 1931, 1933 · RAH 33718: Andrés Orozco y Batista;confirmada;Orozco;Andrés Orozco
671;Daniel Ortega Martinez;Daniel Ortega Martínez;Diario: V2 103376 «El Sr. ORTEGA MARTINEZ:» · tildes: Martínez (texto 12.253 de 15.580) · Congreso: ORTEGA MARTINEZ, DANIEL, elecciones 1936 · RAH 33661: Daniel Ortega Martínez;confirmada;Ortega Martínez;Daniel Ortega Martínez
672;Eduardo Ortega Y Gasset;Eduardo Ortega y Gasset;Diario: V2 80 «El Sr. ORTEGA Y GASSET (D. Eduardo):» · Congreso: ORTEGA Y GASSET, EDUARDO, elecciones 1931 · RAH 33609: Eduardo Ortega y Gasset;confirmada;Eduardo Ortega y Gasset;Eduardo Ortega y Gasset
673;Jose Ortega Y Gasset;José Ortega y Gasset;Diario: V2 199 «El Sr. ORTEGA Y GASSET:» · Congreso: ORTEGA Y GASSET, JOSE, elecciones 1931 · RAH 33632: José Ortega y Gasset;confirmada;Ortega y Gasset;José Ortega y Gasset
674;Tomas Ortiz De Solorzano Y Ortiz De La Puente;Tomás Ortiz de Solórzano y Ortiz de la Puente;Diario: V2 27338 «El Sr. ORTIZ DE SOLÓRZANO:» · tildes: Solórzano (texto 2.237 de 2.275) · Congreso: ORTIZ DE SOLORZANO Y ORTIZ DE LA PUENTE, TOMAS, elecciones 1931, 1933, 1936 · RAH: sin biografía;probable;Ortiz de Solórzano;Tomás Ortiz de Solórzano
675;Manuel Osorio Florit;Manuel Osorio Florit;Diario: V2 36363 «El Sr. OSSORIO FLORIT:» · Congreso: OSORIO FLORIT, MANUEL, elecciones 1931 · RAH: sin biografía;probable;Osorio Florit;Manuel Osorio Florit
676;Angel Osorio Gallardo;Ángel Ossorio Gallardo;Diario: V2 969 «El Sr. OSSORIO Y GALLARDO:» · Congreso: OSORIO GALLARDO, ANGEL, elecciones 1931 · RAH 33472: Ángel Ossorio y Gallardo · nota: El Congreso y la base escriben OSORIO, el Diario imprime OSSORIO en todas sus etiquetas y la RAH titula «Ossorio y Gallardo».;confirmada;Ossorio Gallardo;Ángel Ossorio Gallardo
678;Ramon Otero Pedrayo;Ramón Otero Pedrayo;Diario: V2 3431 «El Sr. OTERO PEDRAYO:» · Congreso: OTERO PEDRAYO, RAMON, elecciones 1931 · RAH 35079: Ramón Otero Pedrayo;confirmada;Otero Pedrayo;Ramón Otero Pedrayo
680;Andres Ovejero Bustamante;Andrés Ovejero Bustamante;Diario: V2 3586 «El Sr. OVEJERO:» · Congreso: OVEJERO BUSTAMANTE, ANDRES, elecciones 1931 · RAH 34834: Andrés Ovejero Bustamante;confirmada;Ovejero;Andrés Ovejero
681;Joaquin De Pablo Blanco Torres;Joaquín de Pablo-Blanco Torres;Diario: V2 95734 «El Sr. Ministro de la GOBERNACIÓN (De Pablo-Blanco):» · Congreso: PABLO BLANCO TORRES, JOAQUIN DE, elecciones 1933 · RAH 35086: Joaquín de Pablo-Blanco Torres;confirmada;de Pablo-Blanco;Joaquín de Pablo-Blanco
683;Jesus Pabon Y Suarez De Urbina;Jesús Pabón y Suárez de Urbina;Diario: V2 63761 «El Sr. PABÓN:» · tildes: Pabón (texto 989 de 991), Suárez (texto 3.122 de 3.128) · Congreso: PABON Y SUAREZ DE URBINA, JESUS, elecciones 1933, 1936 · RAH 35145: Jesús Pabón y Suárez de Urbina;confirmada;Jesús Pabón;Jesús Pabón
684;Benito Pabon Y Suarez De Urbina;Benito Pabón y Suárez de Urbina;Diario: V2 102360 «El Sr. PABÓN (D. Benito):» · tildes: Pabón (texto 989 de 991), Suárez (texto 3.122 de 3.128) · Congreso: PABON Y SUAREZ DE URBINA, BENITO, elecciones 1936 · RAH 35123: Benito Pabón y Suárez de Urbina;confirmada;Benito Pabón;Benito Pabón
686;Ricardo Palacin Soldevilla;Ricardo Palacín Soldevilla;Diario: V2 13565 «El Sr. PALACIN:» · tildes: Palacín (texto 236 de 281) · Congreso: PALACIN SOLDEVILLA, RICARDO, elecciones 1931 · RAH: sin biografía;probable;Palacín;Ricardo Palacín
687;Jose Alberto Palanca Y Martinez Fortun;José Alberto Palanca y Martínez Fortún;Diario: V2 63534 «El Sr. PALANCA:» · tildes: Martínez (texto 12.253 de 15.580), Fortún (texto 7 de 7) · Congreso: PALANCA Y MARTINEZ FORTUN, JOSE ALBERTO, elecciones 1933 · RAH 34787: José Alberto Palanca y Martínez Fortún;confirmada;Palanca;José Alberto Palanca
688;Jose Palanco Romero;José Palanco Romero;Diario: V2 21430 «El Sr. PALANCO:» · Congreso: PALANCO ROMERO, JOSE, elecciones 1931, 1936 · RAH: sin biografía;probable;Palanco;José Palanco
689;Juan Palau Mayor;Juan Palau Mayor;Diario: V2 77695 «El Sr. PALAU:» · tildes: Palau (sin la tilde castellanizadora del diptongo final (99 sin tilde en el texto)), Palau (texto 244 de 343) · Congreso: PALAU MAYOR, JUAN, elecciones 1933 · RAH: sin biografía;probable;Palau;Juan Palau
690;Domingo Palet Y Barba;Domingo Palet y Barba;Diario: V2 3383 «El Sr. PALET:» · Congreso: PALET Y BARBA, DOMINGO, elecciones 1931, 1933, 1936 · RAH: sin biografía;probable;Palet;Domingo Palet
691;Juan J. Palomino Jimenez;Juan J. Palomino Jiménez;Diario: V2 82943 «El Sr. PALOMINO:» · tildes: Jiménez (texto 5.617 de 5.623) · Congreso: PALOMINO JIMENEZ, JUAN J., elecciones 1933 · RAH: sin biografía;probable;Palomino;Juan J. Palomino
692;Emilio Palomo Aguado;Emilio Palomo Aguado;Diario: V2 16534 «El Sr. PALOMO:» · Congreso: PALOMO AGUADO, EMILIO, elecciones 1931, 1936 · RAH 34711: Emilio Palomo Aguado;confirmada;Palomo;Emilio Palomo
693;Basilio Paraiso Labad;Basilio Paraíso Labad;Diario: V2 17499 «El Sr. PARAISO:» · tildes: Paraíso (texto 137 de 289) · Congreso: PARAISO LABAD, BASILIO, elecciones 1931, 1933 · RAH: sin biografía;probable;Paraíso;Basilio Paraíso
696;Jose Pareja Yevenes;José Pareja Yévenes;Diario: V2 61724 «El Sr. Ministro de INSTRUCCIÓN PÚBLICA Y BELLAS ARTES (Pareja Yévenes):» · tildes: Yévenes (texto 293 de 297) · Congreso: PAREJA YEVENES, JOSE, elecciones 1931, 1933 · RAH: sin biografía;probable;Pareja Yévenes;José Pareja Yévenes
698;Marcelino Pascua Martinez;Marcelino Pascua Martínez;Diario: V2 4565 «El Sr. PASCUA:» · tildes: Martínez (texto 12.253 de 15.580) · Congreso: PASCUA MARTINEZ, MARCELINO, elecciones 1931 · RAH 34335: Marcelino Pascua Martínez;confirmada;Pascua;Marcelino Pascua
699;Teodoro Pascual Cordero;Teodoro Pascual Cordero;Diario: V2 68615 «El Sr. PASCUAL CORDERO:» · Congreso: PASCUAL CORDERO, TEODORO, elecciones 1933, 1936 · RAH: sin biografía;probable;Pascual Cordero;Teodoro Pascual Cordero
700;Alvaro Pascual Leone;Álvaro Pascual Leone;Diario: V2 3596 «El Sr. PASCUAL LEONE:» · Congreso: PASCUAL LEONE, ALVARO, elecciones 1931, 1933, 1936 · RAH: sin biografía;probable;Pascual Leone;Álvaro Pascual Leone
701;Alfonso Pazos Cid;Alfonso Pazos Cid;Diario: V2 21937 «El Sr. PAZOS:» · Congreso: PAZOS CID, ALFONSO, elecciones 1931, 1936 · RAH: sin biografía;probable;Pazos;Alfonso Pazos
702;Manuel Pedregal Fernandez;Manuel Pedregal Fernández;Diario: V2 61633 «El Sr. PEDREGAL:» · tildes: Fernández (texto 16.573 de 16.592) · Congreso: PEDREGAL FERNANDEZ, MANUEL, elecciones 1933, 1936 · RAH: sin biografía;probable;Pedregal;Manuel Pedregal
703;Tomas Peire Cabaleiro;Tomás Peire Cabaleiro;Diario: V2 19575 «El Sr. PEIRE:» · Congreso: PEIRE CABALEIRO, TOMAS, elecciones 1931, 1933 · RAH: sin biografía;probable;Peire;Tomás Peire
705;Joaquin Pellicena Y Camacho;Joaquín Pellicena y Camacho;Diario: V2 64367 «El Sr. PELLICENA:» · Congreso: PELLICENA Y CAMACHO, JOAQUIN, elecciones 1933 · RAH: sin biografía;probable;Pellicena;Joaquín Pellicena
706;Jose Maria Peman Pemartin;José María Pemán Pemartín;Diario: V2 65045 «El Sr. PEMÁN:» · tildes: Pemán (texto 158 de 172), Pemartín (texto 6 de 8) · Congreso: PEMAN PEMARTIN, JOSE MARIA, elecciones 1933 · RAH 35903: José María Pemán y Pemartín;confirmada;Pemán;José María Pemán
707;Luis Peña Novo;Luis Peña Novo;Diario: V2 908 «El Sr. PENA NOVOA:» · tildes: Peña (texto 1.246 de 1.394) · Congreso: PEÑA NOVO, LUIS, elecciones 1931 · RAH: sin biografía;probable;Peña Novo;Luis Peña Novo
708;Matias Peñalba Alonso De Ojeda;Matías Peñalba Alonso de Ojeda;Diario: V2 564 «El Sr. PENALBA:» · tildes: Peñalba (texto 1.199 de 1.232) · Congreso: PEÑALBA ALONSO DE OJEDA, MATIAS, elecciones 1931 · RAH: sin biografía;probable;Peñalba;Matías Peñalba
709;Armando Peñamaria Alvarez;Armando Peñamaría Álvarez;Diario: V2 102037 «El Sr. PENAMARÍA:» · tildes: Peñamaría (texto 63 de 83) · Congreso: PEÑAMARIA ALVAREZ, ARMANDO, elecciones 1936 · RAH: sin biografía;probable;Peñamaría;Armando Peñamaría
711;Robustiano Perez Arroyo;Robustiano Pérez Arroyo;Diario: V2 66712 «El Sr. PÉREZ ARROYO:» · tildes: Pérez (texto 12.467 de 12.543) · Congreso: PEREZ ARROYO, ROBUSTIANO, elecciones 1933 · RAH: sin biografía;probable;Pérez Arroyo;Robustiano Pérez Arroyo
716;Jose Perez De Rozas Y Masdeu;José Pérez de Rozas y Masdeu;Diario: V2 65922 «El Sr. PÉREZ DE ROZAS:» · tildes: Pérez (texto 12.467 de 12.543) · Congreso: PEREZ DE ROZAS Y MASDEU, JOSE, elecciones 1933, 1936 · RAH: sin biografía;probable;Pérez de Rozas;José Pérez de Rozas
717;Eduardo Perez Del Molino Herrera;Eduardo Pérez del Molino Herrera;Diario: V2 67231 «El Sr. PÉREZ DEL MOLINO:» · tildes: Pérez (texto 12.467 de 12.543) · Congreso: PEREZ DEL MOLINO HERRERA, EDUARDO, elecciones 1933, 1936 · RAH: sin biografía;probable;Pérez del Molino;Eduardo Pérez del Molino
718;Alonso Perez Diaz;Alonso Pérez Díaz;Diario: V2 54681 «El Sr. PÉREZ DÍAZ:» · tildes: Pérez (texto 12.467 de 12.543), Díaz (texto 3.622 de 4.922) · Congreso: PEREZ DIAZ, ALONSO, elecciones 1931, 1933 · RAH: sin biografía;probable;Pérez Díaz;Alonso Pérez Díaz
720;Eduardo Perez Iglesias;Eduardo Pérez Iglesias;Diario: V2 1026 «El Sr. PEREZ IGLESIAS:» · tildes: Pérez (texto 12.467 de 12.543) · Congreso: PEREZ IGLESIAS, EDUARDO, elecciones 1931 · RAH: sin biografía;probable;Pérez Iglesias;Eduardo Pérez Iglesias
721;Manuel Perez Jofre De Villegas;Manuel Pérez Jofre de Villegas;Diario: V2 104532 «El Sr. PÉREZ JOFRE:» · tildes: Pérez (texto 12.467 de 12.543) · Congreso: PEREZ JOFRE DE VILLEGAS, MANUEL, elecciones 1936 · RAH: sin biografía;probable;Pérez Jofre;Manuel Pérez Jofre
722;Joaquin Perez Madrigal;Joaquín Pérez Madrigal;Diario: V2 47287 «El Sr. PÉREZ MADRIGAL:» · tildes: Pérez (texto 12.467 de 12.543) · Congreso: PEREZ MADRIGAL, JOAQUIN, elecciones 1931, 1933, 1936 · RAH: sin biografía;probable;Pérez Madrigal;Joaquín Pérez Madrigal
724;Antonio Perez Torreblanca;Antonio Pérez Torreblanca;Diario: V2 2066 «El Sr. PEREZ TORREBLANCA:» · tildes: Pérez (texto 12.467 de 12.543) · Congreso: PEREZ TORREBLANCA, ANTONIO, elecciones 1931 · RAH: sin biografía;probable;Pérez Torreblanca;Antonio Pérez Torreblanca
725;Domingo Perez Trujillo;Domingo Pérez Trujillo;Diario: V2 57765 «El Sr. PÉREZ TRUJILLO:» · tildes: Pérez (texto 12.467 de 12.543) · Congreso: PEREZ TRUJILLO, DOMINGO, elecciones 1931 · RAH: sin biografía;probable;Pérez Trujillo;Domingo Pérez Trujillo
726;Leandro Perez Urria;Leandro Pérez Urría;Diario: V2 102855 «El Sr. PÉREZ URRÍA:» · tildes: Pérez (texto 12.467 de 12.543), Urría (texto 108 de 196) · Congreso: PEREZ URRIA, LEANDRO, elecciones 1936 · RAH: sin biografía;probable;Pérez Urría;Leandro Pérez Urría
727;Dionisio Perez Viana;Dionisio Pérez Viana;Diario: V2 103489 «El Sr. PÉREZ VIANA:» · tildes: Pérez (texto 12.467 de 12.543) · Congreso: PEREZ VIANA, DIONISIO, elecciones 1936 · RAH: sin biografía;probable;Pérez Viana;Dionisio Pérez Viana
728;Alejandro Peris Caruana;Alejandro Peris Caruana;Diario: V2 37586 «El Sr. PERIS:» · Congreso: PERIS CARUANA, ALEJANDRO, elecciones 1931, 1936 · RAH: sin biografía;probable;Peris;Alejandro Peris
730;Angel Pestaña Nuñez;Ángel Pestaña Núñez;Diario: V2 102355 «El Sr. PESTANA:» · tildes: Pestaña (texto 246 de 249), Núñez (texto 1.323 de 1.345) · Congreso: PESTAÑA NUÑEZ, ANGEL, elecciones 1936 · RAH 36697: Ángel Pestaña Núñez;confirmada;Pestaña;Ángel Pestaña
731;Joaquin Pi Y Arsuaga;Joaquín Pi y Arsuaga;Diario: V2 3317 «El Sr. PI Y ARSUAGA:» · Congreso: PI Y ARSUAGA, JOAQUIN, elecciones 1931 · RAH: sin biografía;probable;Pi y Arsuaga;Joaquín Pi y Arsuaga
733;Rafael Picavea Leguia;Rafael Picavea Leguía;Diario: V2 1185 «El Sr. PICAVEA:» · tildes: Leguía (texto 18 de 22) · Congreso: PICAVEA LEGUIA, RAFAEL, elecciones 1931, 1933, 1936 · RAH 36928: Rafael Picavea Leguía;confirmada;Picavea;Rafael Picavea
735;Antonio Pildain Zapiain;Antonio Pildáin Zapiáin;Diario: V2 2804 «El Sr. PILDAIN:» · tildes: Pildáin (RAH y Diario 19) · Congreso: PILDAIN ZAPIAIN, ANTONIO, elecciones 1931 · RAH 47345: Antonio Pildáin Zapiáin · nota: La RAH titula «Pildáin Zapiáin», el Diario imprime casi siempre «Pildain» (562 frente a 19) y nunca «Zapiáin». Se propone la forma de la RAH.;por revisar;Pildáin;Antonio Pildáin
736;Rafael Pina Milan;Rafael Pina Milán;Diario: V2 105981, en el texto: «Rafael Pina Milán» · tildes: Milán (texto 25 de 27) · Congreso: PINA MILAN, RAFAEL, elecciones 1936 · RAH: sin biografía;probable;Pina Milán;Rafael Pina Milán
737;Eduardo Piñan Y Malvar;Eduardo Piñán y Malvar;Diario: V2 63093 «El Sr. PINAN:» · tildes: Piñán (texto 650 de 684) · Congreso: PIÑAN Y MALVAR, EDUARDO, elecciones 1933 · RAH: sin biografía;probable;Piñán;Eduardo Piñán
738;Luis Piñol Agullo;Luis Piñol Agulló;Diario: V2 72509 «El Sr. PINOL:» · tildes: Piñol (texto 364 de 370), Agulló (texto 17 de 17) · Congreso: PIÑOL AGULLO, LUIS, elecciones 1933, 1936 · RAH: sin biografía;probable;Piñol;Luis Piñol
739;Fernando Piñuela Y Romero;Fernando Piñuela y Romero;Diario: V2 14062 «El Sr. PINUELA:» · tildes: Piñuela (texto 839 de 847) · Congreso: PIÑUELA Y ROMERO, FERNANDO, elecciones 1931 · RAH: sin biografía;probable;Piñuela;Fernando Piñuela
741;Leandro Pita Romero;Leandro Pita Romero;Diario: V2 9649 «El Sr. PITA ROMERO:» · Congreso: PITA ROMERO, LEANDRO, elecciones 1931, 1933 · RAH 36476: Leandro Pita Romero;confirmada;Pita Romero;Leandro Pita Romero
742;Gustavo Pittaluga Fattorini;Gustavo Pittaluga Fattorini;Diario: V2 8003 «El Sr. PITTALUGA:» · Congreso: PITTALUGA FATTORINI, GUSTAVO, elecciones 1931 · RAH 36503: Gustavo Pittaluga Fattorini;confirmada;Pittaluga;Gustavo Pittaluga
745;Manuel Portela Valladares;Manuel Portela Valladares;Diario: V2 86818 «El Sr. Ministro de la GOBERNACIÓN (Portela Valladares):» · Congreso: PORTELA VALLADARES, MANUEL (CONDE DE BRIAS), elecciones 1931, 1936 · RAH 36183: Manuel Portela Valladares;confirmada;Portela Valladares;Manuel Portela Valladares
747;Joaquin Poza Juncal;Joaquín Poza Juncal;Diario: V2 85 «El Sr. POZA JUNCAL:» · Congreso: POZA JUNCAL, JOAQUIN, elecciones 1931 · RAH: sin biografía;probable;Poza Juncal;Joaquín Poza Juncal
748;Gabriel Pradal Gomez;Gabriel Pradal Gómez;Diario: V2 2554 «El Sr. PRADAL:» · tildes: Gómez (texto 8.645 de 8.696) · Congreso: PRADAL GOMEZ, GABRIEL, elecciones 1931, 1936 · RAH 37579: Gabriel Pradal Gómez;confirmada;Pradal;Gabriel Pradal
749;Jose Prat Garcia;José Prat García;Diario: V2 61483 «El Sr. PRAT:» · tildes: García (texto 12.645 de 13.684) · Congreso: PRAT GARCIA, JOSE, elecciones 1933, 1936 · RAH 37791: José Diosdado Prat García;confirmada;Prat;José Prat
752;Luis Prieto Jimenez;Luis Prieto Jiménez;Diario: V2 72187 «El Sr. PRIETO JIMÉNEZ:» · tildes: Jiménez (texto 5.617 de 5.623) · Congreso: PRIETO JIMENEZ, LUIS, elecciones 1931, 1933 · RAH: sin biografía;probable;Prieto Jiménez;Luis Prieto Jiménez
753;Antonio Prieto Rivas;Antonio Prieto Rivas;Diario: V2 79304 «El Sr. PRIETO RIVAS:» · Congreso: PRIETO RIVAS, ANTONIO, elecciones 1933 · RAH: sin biografía;probable;Prieto Rivas;Antonio Prieto Rivas
754;Indalecio Prieto Tuero;Indalecio Prieto Tuero;Diario: V2 4524 «El Sr. PRIETO:» · Congreso: PRIETO TUERO, INDALECIO, elecciones 1931, 1933, 1936 · RAH 37677: Indalecio Prieto Tuero;confirmada;Prieto;Indalecio Prieto
755;Jose Antonio Primo De Rivera Y Saenz De Heredia;José Antonio Primo de Rivera y Sáenz de Heredia;Diario: V2 61600 «El Sr. PRIMO DE RIVERA:» · tildes: Sáenz (texto 327 de 332) · Congreso: PRIMO DE RIVERA Y SAENZ DE HEREDIA, JOSE ANTONIO, elecciones 1933 · RAH 37745: José Antonio Primo de Rivera y Sáenz de Heredia;confirmada;Primo de Rivera;José Antonio Primo de Rivera
757;Jose Puig De Asprer;José Puig de Asprer;Diario: V2 2899 «El Sr. PUIG DE ASPRER:» · Congreso: PUIG DE ASPRER, JOSE, elecciones 1931 · RAH: sin biografía;probable;Puig de Asprer;José Puig de Asprer
758;Luis Puig De La Bellacasa Y Deu;Luis Puig de la Bellacasa y Deu;Diario: V2 63713 «El Sr. PUIG DE LA BELLACASA:» · Congreso: PUIG DE LA BELLACASA Y DEU, LUIS, elecciones 1933, 1936 · RAH: sin biografía;probable;Puig de la Bellacasa;Luis Puig de la Bellacasa
759;Juan Puig Ferrater;Juan Puig Ferrater;Diario: V2 28844 «El Sr. PUIG FERRATER:» · Congreso: PUIG FERRATER, JUAN, elecciones 1931 · RAH: sin biografía;probable;Puig Ferrater;Juan Puig Ferrater
760;Cesar Puig Martinez;César Puig Martínez;Diario: V2 58324 «El Sr. PUIG MARTÍNEZ:» · tildes: Martínez (texto 12.253 de 15.580) · Congreso: PUIG MARTINEZ, CESAR, elecciones 1931 · RAH: sin biografía;probable;Puig Martínez;César Puig Martínez
761;Angel Puig Puig;Ángel Puig Puig;Diario: V2 80300 «El Sr. PUIG Y PUIG:» · Congreso: PUIG PUIG, ANGEL, elecciones 1933 · RAH: sin biografía;probable;Puig Puig;Ángel Puig Puig
763;Juan Pujol Martinez;Juan Pujol Martínez;Diario: V2 65626 «El Sr. PUJOL:» · tildes: Martínez (texto 12.253 de 15.580) · Congreso: PUJOL MARTINEZ, JUAN, elecciones 1933, 1936 · RAH: sin biografía;probable;Pujol;Juan Pujol
764;Alberto De Quintana De Leon;Alberto de Quintana de León;Diario: V2 3864 «El Sr. QUINTANA DE LEON:» · tildes: León (texto 1.050 de 1.050) · Congreso: QUINTANA DE LEON, ALBERTO DE, elecciones 1931 · RAH: sin biografía;probable;Quintana de León;Alberto de Quintana de León
765;Alfonso Quintana Pena;Alfonso Quintana Peña;Diario: V2 15724 «El Sr. QUINTANA PENA:» · tildes: Peña (texto 1.246 de 1.394) · Congreso: QUINTANA PENA, ALFONSO, elecciones 1931 · RAH: sin biografía;probable;Quintana Peña;Alfonso Quintana Peña
767;Pedro Rahola Y Molinas;Pedro Rahola y Molinas;Diario: V2 62576 «El Sr. VICEPRESIDENTE (Rahola):» · Congreso: RAHOLA Y MOLINAS, PEDRO, elecciones 1931, 1933, 1936 · RAH 37385: Pedro Rahola Molinas;confirmada;Rahola;Pedro Rahola
769;Aurelio Ramos Acosta;Aurelio Ramos Acosta;Diario: V2 65917 «El Sr. RAMOS ACOSTA:» · Congreso: RAMOS ACOSTA, AURELIO, elecciones 1933 · RAH: sin biografía;probable;Ramos Acosta;Aurelio Ramos Acosta
771;Antonio Ramos Gonzalez;Antonio Ramos González;Diario: V2 66249 «El Sr. RAMOS GONZÁLEZ:» · tildes: González (texto 8.765 de 8.793) · Congreso: RAMOS GONZALEZ, ANTONIO, elecciones 1933 · RAH: sin biografía;probable;Ramos González;Antonio Ramos González
772;Enrique Ramos Ramos;Enrique Ramos Ramos;Diario: V2 17 «El Sr. SECRETARIO (Ramos):» · Congreso: RAMOS RAMOS, ENRIQUE, elecciones 1931, 1936 · RAH 38530: Enrique Ramos y Ramos;confirmada;Ramos;Enrique Ramos
774;Luis Recasens Siches;Luis Recaséns Siches;Diario: V2 51498 «El Sr. RECASÉNS SICHES:» · tildes: Recaséns (texto 592 de 796) · Congreso: RECASENS SICHES, LUIS, elecciones 1931, 1933 · RAH 38903: Luis Recaséns Siches;confirmada;Recaséns Siches;Luis Recaséns Siches
775;Cayetano Redondo Aceña;Cayetano Redondo Aceña;Diario: V2 2509 «El Sr. REDONDO:» · tildes: Aceña (texto 6 de 6) · Congreso: REDONDO ACEÑA, CAYETANO, elecciones 1931 · RAH 47641: Cayetano Redondo Aceña;confirmada;Redondo;Cayetano Redondo
776;Joaquin Reig Y Rodriguez;Joaquín Reig y Rodríguez;Diario: V2 68014 «El Sr. REIG RODRÍGUEZ:» · tildes: Rodríguez (texto 7.210 de 9.716) · Congreso: REIG Y RODRIGUEZ, JOAQUIN, elecciones 1933 · RAH: sin biografía;probable;Reig;Joaquín Reig
777;Jose Reino Caamaño;José Reino Caamaño;Diario: V2 6683 «El Sr. REINO CAAMANO:» · tildes: Caamaño (texto 369 de 383) · Congreso: REINO CAAMAÑO, JOSE, elecciones 1931, 1933 · RAH: sin biografía;probable;Reino Caamaño;José Reino Caamaño
778;Salvador Represa Marazuela;Salvador Represa Marazuela;Diario: V2 88708 «El Sr. REPRESA:» · Congreso: REPRESA MARAZUELA, SALVADOR, elecciones 1933, 1936 · RAH: sin biografía;probable;Represa;Salvador Represa
779;Jesus Requejo San Roman;Jesús Requejo San Román;Diario: V2 106169 «El Sr. REQUEJO:» · tildes: Román (texto 1.771 de 1.826) · Congreso: REQUEJO SAN ROMAN, JESUS, elecciones 1936 · RAH: sin biografía;probable;Requejo;Jesús Requejo
780;Antonio Reverte Moreno;Antonio Reverte Moreno;Diario: V2 72655 «El Sr. REVERTE:» · Congreso: REVERTE MORENO, ANTONIO, elecciones 1933 · RAH: sin biografía;probable;Reverte;Antonio Reverte
781;Juan Revilla Garcia;Juan Revilla García;Diario: V2 40027 «El Sr. REVILLA:» · tildes: García (texto 12.645 de 13.684) · Congreso: REVILLA GARCIA, JUAN, elecciones 1931 · RAH: sin biografía;probable;Revilla;Juan Revilla
782;Andres Revuelta Melgarejo;Andrés Revuelta Melgarejo;Diario: V2 104133 «El Sr. REBUELTA:» · Congreso: REVUELTA MELGAREJO, ANDRES, elecciones 1936 · RAH: sin biografía;probable;Revuelta Melgarejo;Andrés Revuelta Melgarejo
783;Fernando Rey Mora;Fernando Rey Mora;Diario: V2 345 «El Sr. REY MORA:» · Congreso: REY MORA, FERNANDO, elecciones 1931, 1933 · RAH: sin biografía;probable;Rey Mora;Fernando Rey Mora
784;Manuel Rico Avello;Manuel Rico Avello;Diario: V2 3622 «El Sr. RICO AVELLO:» · Congreso: RICO AVELLO, MANUEL, elecciones 1931, 1936 · RAH 38509: Manuel Rico Avello;confirmada;Rico Avello;Manuel Rico Avello
785;Gumersindo Rico Gonzalez;Gumersindo Rico González;Diario: V2 69714 «El Sr. RICO GONZALEZ:» · tildes: González (texto 8.765 de 8.793) · Congreso: RICO GONZALEZ, GUMERSINDO, elecciones 1933 · RAH 38511: Gumersindo Rico González;confirmada;Rico González;Gumersindo Rico González
786;Pedro Rico Lopez;Pedro Rico López;Diario: V2 45312 «El Sr. RICO LÓPEZ:» · tildes: López (texto 7.391 de 7.403) · Congreso: RICO LOPEZ, PEDRO, elecciones 1931, 1936 · RAH: sin biografía;probable;Rico López;Pedro Rico López
788;Pedro Riera Vidal;Pedro Riera Vidal;Diario: V2 368 «El Sr. RIERA VIDAL:» · Congreso: RIERA VIDAL, PEDRO, elecciones 1931 · RAH: sin biografía;probable;Riera Vidal;Pedro Riera Vidal
789;Honorio Riesgo Garcia;Honorio Riesgo García;Diario: V2 91951 «El Sr. RIESGO:» · tildes: García (texto 12.645 de 13.684) · Congreso: RIESGO GARCIA, HONORIO, elecciones 1933, 1936 · RAH: sin biografía;probable;Riesgo;Honorio Riesgo
790;Cirilo Del Rio Rodriguez;Cirilo del Río Rodríguez;Diario: V2 8210 «El Sr. SECRETARIO (Del Río):» · tildes: Río (texto 5.726 de 7.972), Rodríguez (texto 7.210 de 9.716) · Congreso: RIO RODRIGUEZ, CIRILO DEL, elecciones 1931, 1933 · RAH 38213: Cirilo del Río Rodríguez;confirmada;del Río;Cirilo del Río
791;Fernando De Los Rios Urruti;Fernando de los Ríos Urruti;Diario: V2 13836 «El Sr. Ministro de INSTRUCCION PUBLICA Y BELLAS ARTES (De los Ríos):» · tildes: Ríos (texto 1.670 de 2.537) · Congreso: RIOS URRUTI, FERNANDO DE LOS, elecciones 1931, 1933, 1936 · RAH 38394: Fernando de los Ríos y Urruti;confirmada;de los Ríos;Fernando de los Ríos
794;Angel Rizo Bayona;Ángel Rizo Bayona;Diario: V2 21044 «El Sr. RIZO:» · Congreso: RIZO BAYONA, ANGEL, elecciones 1931 · RAH: sin biografía;probable;Rizo;Ángel Rizo
795;Francisco Roa De La Vega;Francisco Roa de la Vega;Diario: V2 75115 «El Sr. ROA:» · Congreso: ROA DE LA VEGA, FRANCISCO, elecciones 1933, 1936 · RAH: sin biografía;probable;Roa;Francisco Roa
796;Manuel Robles Aranguiz;Manuel Robles Aránguiz;Diario: V2 5889 «El Sr. ROBLES:» · tildes: Aránguiz (texto 126 de 202) · Congreso: ROBLES ARANGUIZ, MANUEL, elecciones 1931, 1933, 1936 · RAH: sin biografía;probable;Robles;Manuel Robles
797;Francisco Roca Yevenes;Francisco Roca Yévenes;Diario: V2 71831 «El Sr. Ministro de MARINA (Roca):» · tildes: Yévenes (texto 293 de 297) · Congreso: ROCA YEVENES, FRANCISCO, elecciones 1933 · RAH: sin biografía;probable;Roca;Francisco Roca
798;Juan Jose Rocha Garcia;Juan José Rocha García;Diario: V2 62945 «El Sr. Ministro de MARINA (Rocha):» · tildes: García (texto 12.645 de 13.684) · Congreso: ROCHA GARCIA, JUAN JOSE, elecciones 1933 · RAH 38358: Juan José Rocha García;confirmada;Rocha;Juan José Rocha
799;Felipe Rodes Baldrich;Felipe Rodés Baldrich;Diario: V2 104395 «El Sr. RODÉS:» · tildes: Rodés (texto 75 de 77) · Congreso: RODES BALDRICH, FELIPE, elecciones 1936 · RAH 37976: Felipe Rodés y Baldrich;confirmada;Rodés;Felipe Rodés
800;Alejandro Rodriguez Cadarso;Alejandro Rodríguez Cadarso;Diario: V2 21964 «El Sr. Rodríguez CADARSO:» · tildes: Rodríguez (texto 7.210 de 9.716) · Congreso: RODRIGUEZ CADARSO, ALEJANDRO, elecciones 1931, 1933 · RAH: sin biografía;probable;Rodríguez Cadarso;Alejandro Rodríguez Cadarso
801;Alfonso Daniel Rodriguez Castelao;Alfonso Daniel Rodríguez Castelao;Diario: V2 51137 «El Sr. RODRÍGUEZ CASTELAO:» · tildes: Rodríguez (texto 7.210 de 9.716) · Congreso: RODRIGUEZ CASTELAO, ALFONSO DANIEL, elecciones 1931, 1936 · RAH 10601: Castelao, Alfonso Daniel Rodríguez;confirmada;Rodríguez Castelao;Alfonso Daniel Rodríguez Castelao
803;Romualdo Rodriguez De Vera Y Romero;Romualdo Rodríguez de Vera y Romero;Diario: V2 65137 «El Sr. RODRÍGUEZ DE VERA:» · tildes: Rodríguez (texto 7.210 de 9.716) · Congreso: RODRIGUEZ DE VERA Y ROMERO, ROMUALDO, elecciones 1931, 1933 · RAH: sin biografía;probable;Rodríguez de Vera;Romualdo Rodríguez de Vera
804;Luis Rodriguez De Viguri;Luis Rodríguez de Viguri;Diario: V2 61415 «El Sr. RODRÍGUEZ DE VIGURI:» · tildes: Rodríguez (texto 7.210 de 9.716) · Congreso: RODRIGUEZ DE VIGURI, LUIS, elecciones 1933, 1936 · RAH 39624: Luis Rodríguez de Viguri y Seoane;confirmada;Rodríguez de Viguri;Luis Rodríguez de Viguri
805;Luis Rodriguez Figueroa;Luis Rodríguez Figueroa;Diario: V2 105482 «El Sr. RODRÍGUEZ FIGUEROA:» · tildes: Rodríguez (texto 7.210 de 9.716) · Congreso: RODRIGUEZ FIGUEROA, LUIS, elecciones 1936 · RAH: sin biografía;probable;Rodríguez Figueroa;Luis Rodríguez Figueroa
806;Adolfo Rodriguez Jurado Y De La Hera;Adolfo Rodríguez Jurado y de la Hera;Diario: V2 62585 «El Sr. RODRÍGUEZ JURADO:» · tildes: Rodríguez (texto 7.210 de 9.716) · Congreso: RODRIGUEZ JURADO Y DE LA HERA, ADOLFO, elecciones 1933 · RAH 47976: Adolfo Rodríguez Jurado;confirmada;Rodríguez Jurado;Adolfo Rodríguez Jurado
808;Antonio Rodriguez Perez;Antonio Rodríguez Pérez;Diario: V2 47607 «El Sr. RODRÍGUEZ PÉREZ:» · tildes: Rodríguez (texto 7.210 de 9.716), Pérez (texto 12.467 de 12.543) · Congreso: RODRIGUEZ PEREZ, ANTONIO, elecciones 1931, 1933 · RAH: sin biografía;probable;Rodríguez Pérez;Antonio Rodríguez Pérez
809;Santiago Rodriguez Piñero;Santiago Rodríguez Piñero;Diario: V2 45494 «El Sr. RODRÍGUEZ PINERO:» · tildes: Rodríguez (texto 7.210 de 9.716), Piñero (texto 865 de 874) · Congreso: RODRIGUEZ PIÑERO, SANTIAGO, elecciones 1931 · RAH: sin biografía;probable;Rodríguez Piñero;Santiago Rodríguez Piñero
810;Vicente De Roig Ibañez;Vicente de Roig Ibáñez;Diario: V2 69279 «El Sr. ROIG IBÁNEZ:» · tildes: Ibáñez (texto 1.026 de 1.029) · Congreso: ROIG IBAÑEZ, VICENTE DE, elecciones 1933 · RAH: sin biografía;probable;Roig Ibáñez;Vicente de Roig Ibáñez
811;Jose Rojas Marcos;José Rojas Marcos;Diario: V2 74032 «El Sr. ROJAS MARCOS:» · Congreso: ROJAS MARCOS, JOSE, elecciones 1933 · RAH: sin biografía;probable;Rojas Marcos;José Rojas Marcos
812;Mariano Rojo Gonzalez;Mariano Rojo González;Diario: V2 14662 «El Sr. ROJO:» · tildes: González (texto 8.765 de 8.793) · Congreso: ROJO GONZALEZ, MARIANO, elecciones 1931 · RAH: sin biografía;probable;Rojo;Mariano Rojo
813;Jose Maria Roldan Sanchez De La Fuente;José María Roldán Sánchez de la Fuente;Diario: V2 14030 «El Sr. ROLDAN:» · tildes: Roldán (texto 657 de 657), Sánchez (texto 7.018 de 7.038) · Congreso: ROLDAN SANCHEZ DE LA FUENTE, JOSE MARIA, elecciones 1931, 1936 · RAH: sin biografía;probable;Roldán;José María Roldán
814;Antonio Roma Y Rubies;Antonio Romá y Rubíes;Diario: V2 55072 «El Sr. ROMA Y RUBÍES:» · tildes: Rubíes (etiquetas 10 de 199), Romá (RAH y Diario 87) · Congreso: ROMA Y RUBIES, ANTONIO, elecciones 1931 · RAH 46745: Antonio Romá Rubies · nota: El Diario imprime sobre todo «Roma y Rubies», pero también «Rubíes» (134 de 830) y «Romá» (19), la RAH titula «Romá Rubies».;por revisar;Romá y Rubíes;Antonio Romá y Rubíes
815;Adriano Romero Cachinero;Adriano Romero Cachinero;Diario: V2 102425 «El Sr. ROMERO CACHINERO:» · Congreso: ROMERO CACHINERO, ADRIANO, elecciones 1936 · RAH: sin biografía;probable;Romero Cachinero;Adriano Romero Cachinero
816;Jose Romero Radigales;José Romero Radigales;Diario: V2 62215 «El Sr. ROMERO RADIGALES:» · Congreso: ROMERO RADIGALES, JOSE, elecciones 1933 · RAH: sin biografía;probable;Romero Radigales;José Romero Radigales
817;Pedro Romero Rodriguez;Pedro Romero Rodríguez;Diario: V2 451 «El Sr. ROMERO:» · tildes: Rodríguez (texto 7.210 de 9.716) · Congreso: ROMERO RODRIGUEZ, PEDRO, elecciones 1931 · RAH: sin biografía;probable;Romero;Pedro Romero
818;Luis Romero Solano;Luis Romero Solano;Diario: V2 63610 «El Sr. ROMERO SOLANO:» · Congreso: ROMERO SOLANO, LUIS, elecciones 1933, 1936 · RAH 46743: Luis Romero Solano;confirmada;Romero Solano;Luis Romero Solano
819;Jose Rosado Gil;José Rosado Gil;Diario: V2 102188 «El Sr. ROSADO GIL:» · Congreso: ROSADO GIL, JOSE, elecciones 1936 · RAH: sin biografía;probable;Rosado Gil;José Rosado Gil
820;Jose Royo Gomez;José Royo Gómez;Diario: V2 55339 «El Sr. ROYO GÓMEZ:» · tildes: Gómez (texto 8.645 de 8.696) · Congreso: ROYO GOMEZ, JOSE, elecciones 1931 · RAH 39147: José Royo Gómez;confirmada;Royo Gómez;José Royo Gómez
821;Antonio Royo Villanova Morales;Antonio Royo Villanova Morales;Diario: V2 939 «El Sr. ROYO VILLANOVA:» · Congreso: ROYO VILLANOVA MORALES, ANTONIO, elecciones 1931, 1933 · RAH 39172: Antonio Royo Villanova;confirmada;Royo Villanova;Antonio Royo Villanova
823;Jose Tomas Rubio Chavarri;José Tomás Rubio Chávarri;Diario: V2 65995 «El Sr. RUBIO CHÁVARRI:» · tildes: Chávarri (texto 516 de 540) · Congreso: RUBIO CHAVARRI, JOSE TOMAS, elecciones 1933, 1936 · RAH: sin biografía;probable;Rubio Chávarri;José Tomás Rubio Chávarri
824;Pedro Rubio Heredia;Pedro Rubio Heredia;Diario: V2 64054 «El Sr. RUBIO HEREDIA:» · Congreso: RUBIO HEREDIA, PEDRO, elecciones 1933 · RAH: sin biografía;probable;Rubio Heredia;Pedro Rubio Heredia
825;Angel Rubio Muñoz Bocanegra;Ángel Rubio Muñoz Bocanegra;Diario: V2 14243 «El Sr. RUBIO:» · tildes: Muñoz (texto 1.666 de 1.690) · Congreso: RUBIO MUÑOZ BOCANEGRA, ANGEL, elecciones 1931 · RAH 39063: Ángel Rubio Muñoz Bocanegra;confirmada;Rubio;Ángel Rubio
826;Mariano Rubio Tuduri;Mariano Rubio Tuduri;Diario: V2 95763 «El Sr. RUBIO TUDURI:» · Congreso: RUBIO TUDURI, MARIANO, elecciones 1933, 1936 · RAH: sin biografía;probable;Rubio Tuduri;Mariano Rubio Tuduri
828;Luis Rufilanchas Salcedo;Luis Rufilanchas Salcedo;Diario: V2 101876 «El Sr. RUFILANCHAS:» · Congreso: RUFILANCHAS SALCEDO, LUIS, elecciones 1936 · RAH: sin biografía;probable;Rufilanchas;Luis Rufilanchas
829;Ramon Ruiz Alonso;Ramón Ruiz Alonso;Diario: V2 63601 «El Sr. RUIZ ALONSO:» · Congreso: RUIZ ALONSO, RAMON, elecciones 1933, 1936 · RAH: sin biografía;probable;Ruiz Alonso;Ramón Ruiz Alonso
831;Manuel Ruiz De Villa Y P. Carral;Manuel Ruiz de Villa y P. Carral;Diario: V2 2991 «El Sr. RUIZ DE VILLA:» · Congreso: RUIZ DE VILLA Y P. CARRAL, MANUEL, elecciones 1931 · RAH: sin biografía;probable;Ruiz de Villa;Manuel Ruiz de Villa
832;Jesus Ruiz Del Rio;Jesús Ruiz del Río;Diario: V2 13978 «El Sr. RUIZ DEL RIO:» · tildes: Río (texto 5.726 de 7.972) · Congreso: RUIZ DEL RIO, JESUS, elecciones 1931 · RAH: sin biografía;probable;Ruiz del Río;Jesús Ruiz del Río
833;Jose Ruiz Del Toro;José Ruiz del Toro;Diario: V2 1835 «El Sr. RUIZ DEL TORO:» · Congreso: RUIZ DEL TORO, JOSE, elecciones 1931, 1933 · RAH: sin biografía;probable;Ruiz del Toro;José Ruiz del Toro
835;Mariano Ruiz Funes Garcia;Mariano Ruiz-Funes García;Diario: V2 4765 «El Sr. RUIZ FUNES:» · tildes: García (texto 12.645 de 13.684) · Congreso: RUIZ FUNES GARCIA, MARIANO, elecciones 1931, 1936 · RAH 38997: Mariano Ruiz-Funes García · nota: El guion lo imprime el texto del Diario en la mayoría de los casos (779 frente a 448) y lo da la RAH, las etiquetas de este rep_id no lo llevan.;confirmada;Ruiz-Funes;Mariano Ruiz-Funes
836;Amos Ruiz Lecina;Amós Ruiz Lecina;Diario: V2 13041 «El Sr. RUIZ LECINA:» · Congreso: RUIZ LECINA, AMOS, elecciones 1931, 1933, 1936 · RAH: sin biografía · nota: El rep_id 836 es Amós Ruiz Lecina, pero 92 de sus 184 filas llevan rep_name «Mariano Ruiz Funes Garcia» y son de Ruiz-Funes (rep_id 835): errata de la base pendiente del autor (D-25). Una figura que agrupe por rep_id debe separarlas por rep_name y dar a esas filas la grafía de 835.;por revisar;Ruiz Lecina;Amós Ruiz Lecina
837;Jose Maria Ruiz Perez Aguila;José María Ruiz Pérez Aguila;Diario: V2 64772 «El Sr. RUIZ PÉREZ AGUILA:» · tildes: Pérez (texto 12.467 de 12.543) · Congreso: RUIZ PEREZ AGUILA, JOSE MARIA, elecciones 1933 · RAH: sin biografía;probable;Ruiz Pérez Aguila;José María Ruiz Pérez Aguila
838;Ramon Ruiz Rebollo;Ramón Ruiz Rebollo;Diario: V2 1374 «El Sr. RUIZ REBOLLO:» · Congreso: RUIZ REBOLLO, RAMON, elecciones 1931, 1936 · RAH: sin biografía;probable;Ruiz Rebollo;Ramón Ruiz Rebollo
839;Luis Ruiz Valdepeñas Utrilla;Luis Ruiz Valdepeñas Utrilla;Diario: V2 66672 «El Sr. RUIZ VALDEPENAS:» · tildes: Valdepeñas (texto 561 de 567) · Congreso: RUIZ VALDEPEÑAS UTRILLA, LUIS, elecciones 1933, 1936 · RAH: sin biografía;probable;Ruiz Valdepeñas;Luis Ruiz Valdepeñas
840;Andres Saborit Colomer;Andrés Saborit Colomer;Diario: V2 332 «El Sr. SABORIT:» · Congreso: SABORIT COLOMER, ANDRES, elecciones 1931, 1933 · RAH 40376: Andrés Saborit Colomer;confirmada;Saborit;Andrés Saborit
841;Amos Sabras Gurrea;Amós Sabrás Gurrea;Diario: V2 73655 «El Sr. SABRÁS:» · tildes: Sabrás (texto 1.285 de 1.354) · Congreso: SABRAS GURREA, AMOS, elecciones 1931, 1933 · RAH 40430: Amós Sabrás Gurrea;confirmada;Sabrás;Amós Sabrás
843;Manuel Saco Rivera;Manuel Saco Rivera;Diario: V2 67087 «El Sr. SACO RIVERA:» · Congreso: SACO RIVERA, MANUEL, elecciones 1933 · RAH: sin biografía;probable;Saco Rivera;Manuel Saco Rivera
844;Antonio Sacristan Colas;Antonio Sacristán Colás;Diario: V2 957 «El Sr. SACRISTAN:» · tildes: Sacristán (texto 169 de 169), Colás (texto 6 de 6) · Congreso: SACRISTAN COLAS, ANTONIO, elecciones 1931 · RAH: sin biografía;probable;Sacristán;Antonio Sacristán
845;Manuel Saenz De Miera Millan;Manuel Sáenz de Miera Millán;Diario: V2 79592 «El Sr. SAENZ DE MIERA:» · tildes: Sáenz (texto 327 de 332), Millán (texto 229 de 231) · Congreso: SAENZ DE MIERA MILLAN, MANUEL, elecciones 1933, 1936 · RAH: sin biografía;probable;Sáenz de Miera;Manuel Sáenz de Miera
847;Pedro Sainz Rodriguez;Pedro Sainz Rodríguez;Diario: V2 49108 «El Sr. SAINZ RODRÍGUEZ:» · tildes: Rodríguez (texto 7.210 de 9.716) · Congreso: SAINZ RODRIGUEZ, PEDRO, elecciones 1931, 1933, 1936 · RAH 40623: Pedro Enrique Sainz Rodríguez;confirmada;Sainz Rodríguez;Pedro Sainz Rodríguez
848;Fernando Sainz Ruiz;Fernando Sainz Ruiz;Diario: V2 7853 «El Sr. SAINZ RUIZ:» · Congreso: SAINZ RUIZ, FERNANDO, elecciones 1931 · RAH: sin biografía;probable;Sainz Ruiz;Fernando Sainz Ruiz
850;Pelayo Sala Y Berenguer;Pelayo Sala y Berenguer;Diario: V2 106145 «El Sr. SALA BERENGUER:» · Congreso: SALA Y BERENGUER, PELAYO, elecciones 1936 · RAH: sin biografía;probable;Sala y Berenguer;Pelayo Sala y Berenguer
851;Rafael Salazar Alonso;Rafael Salazar Alonso;Diario: V2 105 «El Sr. SALAZAR ALONSO:» · Congreso: SALAZAR ALONSO, RAFAEL, elecciones 1931, 1933 · RAH 40031: Rafael Salazar Alonso;confirmada;Salazar Alonso;Rafael Salazar Alonso
852;Vicente Sales Musoles;Vicente Sales Musoles;Diario: V2 29562 «El Sr. SALES:» · Congreso: SALES MUSOLES, VICENTE, elecciones 1931 · RAH: sin biografía;probable;Sales;Vicente Sales
853;Ramon Salgado Perez;Ramón Salgado Pérez;Diario: V2 323 «El Sr. SALGADO:» · tildes: Pérez (texto 12.467 de 12.543) · Congreso: SALGADO PEREZ, RAMON, elecciones 1931, 1933 · RAH: sin biografía;probable;Salgado;Ramón Salgado
854;Francisco De P. Salinas Dieguez;Francisco de P. Salinas Diéguez;Diario: V2 64308 «El Sr. SALINAS:» · tildes: Diéguez (texto 18 de 18) · Congreso: SALINAS DIEGUEZ, FRANCISCO DE P., elecciones 1933 · RAH: sin biografía;probable;Salinas;Francisco de P. Salinas
855;Jose Salmeron Garcia;José Salmerón García;Diario: V2 48216 «El Sr. SALMERÓN:» · tildes: Salmerón (texto 1.009 de 1.011), García (texto 12.645 de 13.684) · Congreso: SALMERON GARCIA, JOSE, elecciones 1931 · RAH: sin biografía;probable;José Salmerón;José Salmerón
856;Nicolas Salmeron Garcia;Nicolás Salmerón García;Diario: V2 1096 «El Sr. SALMERON (D. Nicolás):» · tildes: Salmerón (texto 1.009 de 1.011), García (texto 12.645 de 13.684) · Congreso: SALMERON GARCIA, NICOLAS, elecciones 1931 · RAH: sin biografía;probable;Nicolás Salmerón;Nicolás Salmerón
857;Federico Salmon Amorin;Federico Salmón Amorín;Diario: V2 87459 «El Sr. Ministro de TRABAJO, SANIDAD Y PREVISIÓN (Salmón):» · tildes: Salmón (texto 808 de 808), Amorín (texto 16 de 18) · Congreso: SALMON AMORIN, FEDERICO, elecciones 1933 · RAH 40180: Federico Salmón Amorín;confirmada;Salmón;Federico Salmón
859;Amos Salvador Saenz Y Carreras;Amós Salvador Sáenz y Carreras;Diario: V2 93574 «El Sr. SALVADOR:» · tildes: Sáenz (texto 327 de 332) · Congreso: SALVADOR SAENZ Y CARRERAS, AMOS, elecciones 1933, 1936 · RAH 39911: Amós Salvador y Carreras;confirmada;Salvador;Amós Salvador
860;Quirino Salvadores Crespo;Quirino Salvadores Crespo;Diario: V2 38991 «El Sr. SALVADORES:» · Congreso: SALVADORES CRESPO, QUIRINO, elecciones 1931 · RAH: sin biografía;probable;Salvadores;Quirino Salvadores
862;Angel Samblancat Salanova;Ángel Samblancat Salanova;Diario: V2 1050 «El Sr. SAMBLANCAT:» · Congreso: SAMBLANCAT SALANOVA, ANGEL, elecciones 1931 · RAH 40165: Ángel Samblancat Salanova;confirmada;Samblancat;Ángel Samblancat
863;Ricardo Samper Ibañez;Ricardo Samper Ibáñez;Diario: V2 3202 «El Sr. SAMPER:» · tildes: Ibáñez (texto 1.026 de 1.029) · Congreso: SAMPER IBAÑEZ, RICARDO, elecciones 1931, 1933 · RAH 40224: Ricardo Samper Ibáñez;confirmada;Samper;Ricardo Samper
864;Miguel San Andres Castro;Miguel San Andrés Castro;Diario: V2 102741 «El Sr. SAN ANDRÉS:» · tildes: Andrés (texto 2.506 de 2.508) · Congreso: SAN ANDRES CASTRO, MIGUEL, elecciones 1931, 1936 · RAH: sin biografía;probable;San Andrés;Miguel San Andrés
865;Claudio Sanchez Albornoz Menduiña;Claudio Sánchez Albornoz Menduiña;Diario: V2 102112 «El Sr. VICEPRESIDENTE (Sánchez Albornoz):» · tildes: Sánchez (texto 7.018 de 7.038), Menduiña (texto 18 de 18) · Congreso: SANCHEZ ALBORNOZ MENDUIÑA, CLAUDIO, elecciones 1931, 1933, 1936 · RAH 41351: Claudio Sánchez-Albornoz y Menduiña;confirmada;Sánchez Albornoz;Claudio Sánchez Albornoz
868;Jose Sanchez Covisa Y Sanchez Covisa;José Sánchez-Covisa y Sánchez-Covisa;Diario: V2 2756 «El Sr. SECRETARIO (Sánchez Covisa):» · tildes: Sánchez (texto 7.018 de 7.038), Sánchez (texto 7.018 de 7.038) · Congreso: SANCHEZ COVISA Y SANCHEZ COVISA, JOSE, elecciones 1931 · RAH 41176: José Sánchez-Covisa y Sánchez-Covisa;confirmada;Sánchez-Covisa;José Sánchez-Covisa
869;Ricardo Sanchez De Movellan Y Gutierrez De Celis;Ricardo Sánchez de Movellán y Gutiérrez de Celis;Diario: V2 103602 «El Sr. SANCHEZ DE MOVELLÁN:» · tildes: Sánchez (texto 7.018 de 7.038), Movellán (texto 210 de 210), Gutiérrez (texto 656 de 662) · Congreso: SANCHEZ DE MOVELLAN Y GUTIERREZ DE CELIS, RICARDO, elecciones 1936 · RAH: sin biografía;probable;Sánchez de Movellán;Ricardo Sánchez de Movellán
870;Laureano Sanchez Gallego;Laureano Sánchez Gallego;Diario: V2 61087 «El Sr. SANCHEZ GALLEGO:» · tildes: Sánchez (texto 7.018 de 7.038) · Congreso: SANCHEZ GALLEGO, LAUREANO, elecciones 1931 · RAH: sin biografía;probable;Sánchez Gallego;Laureano Sánchez Gallego
871;Jose Sanchez Guerra Y Martinez;José Sánchez Guerra y Martínez;Diario: V2 87 «El Sr. SANCHEZ GUERRA:» · tildes: Sánchez (texto 7.018 de 7.038), Martínez (texto 12.253 de 15.580) · Congreso: SANCHEZ GUERRA Y MARTINEZ, JOSE, elecciones 1931 · RAH 41384: José Sánchez-Guerra Martínez;confirmada;Sánchez Guerra;José Sánchez Guerra
872;Francisco De Asis Sanchez Miranda;Francisco de Asís Sánchez Miranda;Diario: V2 76346 «El Sr. SANCHEZ MIRANDA:» · tildes: Sánchez (texto 7.018 de 7.038) · Congreso: SANCHEZ MIRANDA, FRANCISCO DE ASIS, elecciones 1933 · RAH: sin biografía;probable;Sánchez Miranda;Francisco de Asís Sánchez Miranda
873;Antonio L. Sanchez Prados;Antonio L. Sánchez Prados;Diario: V2 3836 «El Sr. SANCHEZ PRADOS:» · tildes: Sánchez (texto 7.018 de 7.038) · Congreso: SANCHEZ PRADOS, ANTONIO L., elecciones 1931 · RAH: sin biografía;probable;Sánchez Prados;Antonio L. Sánchez Prados
874;Felipe Sanchez Roman Y Gallifa;Felipe Sánchez Román y Gallifa;Diario: V2 53237 «El Sr. SÁNCHEZ ROMÁN:» · tildes: Sánchez (texto 7.018 de 7.038), Román (texto 1.771 de 1.826) · Congreso: SANCHEZ ROMAN Y GALLIFA, FELIPE, elecciones 1931 · RAH 41362: Felipe Sánchez Román y Gallifa;confirmada;Sánchez Román;Felipe Sánchez Román
876;Jose Maria Sanchez Ventura;José María Sánchez Ventura;Diario: V2 103983 «El Sr. SANCHEZ VENTURA:» · tildes: Sánchez (texto 7.018 de 7.038) · Congreso: SANCHEZ VENTURA, JOSE MARIA, elecciones 1936 · RAH: sin biografía;probable;Sánchez Ventura;José María Sánchez Ventura
877;Jose Sanchis Banus;José Sanchís Banús;Diario: V2 7282 «El Sr. SANCHIS BANUS:» · tildes: Sanchís (texto 655 de 1.035), Banús (texto 381 de 382) · Congreso: SANCHIS BANUS, JOSE, elecciones 1931 · RAH 41601: José Sanchís Banús;confirmada;Sanchís Banús;José Sanchís Banús
879;Miguel Sancho Izquierdo;Miguel Sancho Izquierdo;Diario: V2 89080 «El Sr. SANCHO IZQUIERDO:» · Congreso: SANCHO IZQUIERDO, MIGUEL, elecciones 1933, 1936 · RAH 48506: Miguel Sancho Izquierdo;confirmada;Sancho Izquierdo;Miguel Sancho Izquierdo
880;Casimiro De Sangenis Bertrand;Casimiro de Sangenís Bertrand;Diario: V2 66085 «El Sr. SANGENÍS:» · tildes: Sangenís (texto 143 de 346) · Congreso: SANGENIS BERTRAND, CASIMIRO DE, elecciones 1933 · RAH: sin biografía;probable;Sangenís;Casimiro de Sangenís
882;Primitivo Santa Cecilia Rivas;Primitivo Santa Cecilia Rivas;Diario: V2 12909 «El Sr. SANTA CECILIA:» · Congreso: SANTA CECILIA RIVAS, PRIMITIVO, elecciones 1931 · RAH: sin biografía;probable;Santa Cecilia;Primitivo Santa Cecilia
883;Juan Jose Santa Cruz Garces;Juan José Santa Cruz Garcés;Diario: V2 2558 «El Sr. SANTA CRUZ:» · tildes: Garcés (texto 149 de 149) · Congreso: SANTA CRUZ GARCES, JUAN JOSE, elecciones 1931 · RAH 48449: Juan José Santa Cruz Garcés de Marcilla;confirmada;Santa Cruz;Juan José Santa Cruz
884;Miguel Santalo Y Parvorell;Miguel Santaló y Parvorell;Diario: V2 43955 «El Sr. SANTALÓ:» · tildes: Santaló (texto 1.360 de 1.363) · Congreso: SANTALO Y PARVORELL, MIGUEL, elecciones 1931, 1933, 1936 · RAH 40954: Miguel Santaló y Parvorell;confirmada;Santaló;Miguel Santaló
886;Bienvenido Santos Borrego;Bienvenido Santos Borrego;Diario: V2 69542 «El Sr. SANTOS:» · Congreso: SANTOS BORREGO, BIENVENIDO, elecciones 1933 · RAH: sin biografía;probable;Santos;Bienvenido Santos
887;Juan Felix Sanz Blanco;Juan Félix Sanz Blanco;Diario: V2 61529 «El Sr. SANZ BLANCO:» · Congreso: SANZ BLANCO, JUAN FELIX, elecciones 1933 · RAH: sin biografía;probable;Sanz Blanco;Juan Félix Sanz Blanco
888;Martin Sanz Diez;Martín Sanz Díez;Diario: V2 25215 «El Sr. SANZ DÍEZ:» · tildes: Díez (texto 483 de 1.498) · Congreso: SANZ DIEZ, MARTIN, elecciones 1931 · RAH: sin biografía;probable;Sanz Díez;Martín Sanz Díez
889;Juan Sapiña Camaro;Juan Sapiña Camaró;Diario: V2 13785 «El Sr. SAPÍNA:» · tildes: Sapiña (texto 1.288 de 1.316), Camaró (texto 21 de 21) · Congreso: SAPIÑA CAMARO, JUAN, elecciones 1931, 1936 · RAH: sin biografía;probable;Sapiña;Juan Sapiña
890;Angel Sarmiento Gonzalez;Ángel Sarmiento González;Diario: V2 38588 «El Sr. SARMIENTO:» · tildes: González (texto 8.765 de 8.793) · Congreso: SARMIENTO GONZALEZ, ANGEL, elecciones 1931 · RAH 48576: Ángel Sarmiento González;confirmada;Ángel Sarmiento;Ángel Sarmiento
891;Vicente Sarmiento Ruiz;Vicente Sarmiento Ruiz;Diario: V2 105794 «El Sr. SARMIENTO:» · Congreso: SARMIENTO RUIZ, VICENTE, elecciones 1936 · RAH: sin biografía;probable;Vicente Sarmiento;Vicente Sarmiento
892;Venancio Sarria Simon;Venancio Sarriá Simón;Diario: V2 737 «El Sr. SARRIA:» · tildes: Sarriá (texto 270 de 682), Simón (texto 580 de 600) · Congreso: SARRIA SIMON, VENANCIO, elecciones 1931 · RAH: sin biografía;probable;Sarriá;Venancio Sarriá
893;Francisco Saval Moris;Francisco Saval Moris;Diario: V2 670 «El Sr. SAVAL:» · Congreso: SAVAL MORIS, FRANCISCO, elecciones 1931 · RAH: sin biografía;probable;Saval;Francisco Saval
894;Antonio Maria Sbert Massanet;Antonio María Sbert Massanet;Diario: V2 7708 «El Sr. SBERT:» · Congreso: SBERT MASSANET, ANTONIO MARIA, elecciones 1931 · RAH: sin biografía;probable;Sbert;Antonio María Sbert
895;Salvador Sediles Moreno;Salvador Sediles Moreno;Diario: V2 1209 «El Sr. SEDILES:» · Congreso: SEDILES MORENO, SALVADOR, elecciones 1931 · RAH: sin biografía;probable;Sediles;Salvador Sediles
896;Angel Segovia Burillo;Ángel Segovia Burillo;Diario: V2 13404 «El Sr. SEGOVIA:» · Congreso: SEGOVIA BURILLO, ANGEL, elecciones 1931 · RAH: sin biografía;probable;Segovia;Ángel Segovia
898;Juan Selvas Carne;Juan Selvas Carné;Diario: V2 17044 «El Sr. SELVAS:» · tildes: Carné (texto 8 de 23) · Congreso: SELVAS CARNE, JUAN, elecciones 1931 · RAH: sin biografía;probable;Selvas;Juan Selvas
899;Juan Sentis Nogues;Juan Sentís Nogués;Diario: V2 104514 «El Sr. SENTÍS NOGUÉS:» · tildes: Sentís (texto 81 de 139), Nogués (texto 613 de 616) · Congreso: SENTIS NOGUES, JUAN, elecciones 1936 · RAH: sin biografía;probable;Sentís Nogués;Juan Sentís Nogués
900;Francisco Senyal Ferrer;Francisco Senyal Ferrer;Diario: V2 88069 «El Sr. SENYAL:» · Congreso: SENYAL FERRER, FRANCISCO, elecciones 1933, 1936 · RAH: sin biografía;probable;Senyal;Francisco Senyal
902;Antonio Septien Aladren;Antonio Septién Aladrén;Diario: V2 73979 «El Sr. SEPTIÉN:» · tildes: Septién (texto 247 de 251), Aladrén (texto 11 de 16) · Congreso: SEPTIEN ALADREN, ANTONIO, elecciones 1933 · RAH: sin biografía;probable;Septién;Antonio Septién
904;Manuel Serra Moret;Manuel Serra Moret;Diario: V2 18940 «El Sr. SERRA MORET:» · Congreso: SERRA MORET, MANUEL, elecciones 1931, 1933 · RAH: sin biografía;probable;Serra Moret;Manuel Serra Moret
905;Jose Serrano Batanero;José Serrano Batanero;Diario: V2 409 «El Sr. SERRANO BATANERO:» · Congreso: SERRANO BATANERO, JOSE, elecciones 1931 · RAH 42488: José Serrano Batanero;confirmada;Serrano Batanero;José Serrano Batanero
906;Emilio Alfredo Serrano Jover;Emilio Alfredo Serrano Jover;Diario: V2 62603 «El Sr. SERRANO JOVER:» · Congreso: SERRANO JOVER, EMILIO ALFREDO, elecciones 1933 · RAH: sin biografía;probable;Serrano Jover;Emilio Alfredo Serrano Jover
908;Ramon Serrano Suñer;Ramón Serrano Suñer;Diario: V2 62193 «El Sr. SERRANO SUNER:» · tildes: Suñer (texto 1.489 de 1.496) · Congreso: SERRANO SUÑER, RAMON, elecciones 1933, 1936 · RAH 42239: Ramón Serrano Súñer · nota: El Diario imprime «Suñer» en 1.205 de 1.211 casos, la RAH titula «Súñer».;por revisar;Serrano Suñer;Ramón Serrano Suñer
909;Vicente Sierra Martinez;Vicente Sierra Martínez;Diario: V2 63861 «El Sr. SIERRA MARTÍNEZ:» · tildes: Martínez (texto 12.253 de 15.580) · Congreso: SIERRA MARTINEZ, VICENTE, elecciones 1933 · RAH: sin biografía;probable;Sierra Martínez;Vicente Sierra Martínez
910;Manuel Sierra Pomares;Manuel Sierra Pomares;Diario: V2 63642 «El Sr. SIERRA POMARES:» · Congreso: SIERRA POMARES, MANUEL, elecciones 1933 · RAH: sin biografía;probable;Sierra Pomares;Manuel Sierra Pomares
911;Tomas Sierra Rustarazo;Tomás Sierra Rustarazo;Diario: V2 69526 «El Sr. SIERRA RUSTARAZO:» · Congreso: SIERRA RUSTARAZO, TOMAS, elecciones 1933, 1936 · RAH: sin biografía;probable;Sierra Rustarazo;Tomás Sierra Rustarazo
913;Jaime Simo Bofarull;Jaime Simó Bofarull;Diario: V2 775 «El Sr. SIMÓ:» · tildes: Simó (texto 406 de 408) · Congreso: SIMO BOFARULL, JAIME, elecciones 1931 · RAH: sin biografía;probable;Simó Bofarull;Jaime Simó Bofarull
914;Casto Simon Castillo;Casto Simón Castillo;Diario: V2 64623 «El Sr. SIMÓN CASTILLO:» · tildes: Simón (texto 580 de 600) · Congreso: SIMON CASTILLO, CASTO, elecciones 1933 · RAH: sin biografía;probable;Simón Castillo;Casto Simón Castillo
915;Vicente Sol Sanchez;Vicente Sol Sánchez;Diario: V2 26337 «El Sr. SOL:» · tildes: Sánchez (texto 7.018 de 7.038) · Congreso: SOL SANCHEZ, VICENTE, elecciones 1931, 1936 · RAH: sin biografía;probable;Sol;Vicente Sol
916;Felipe De Sola Y Cañizares;Felipe de Solá y Cañizares;Diario: V2 66881 «El Sr. SOLÁ CANIZARES:» · tildes: Solá (texto 545 de 926), Cañizares (texto 1.231 de 1.276) · Congreso: SOLA Y CAÑIZARES, FELIPE DE, elecciones 1933 · RAH: sin biografía;probable;Solá y Cañizares;Felipe de Solá y Cañizares
917;Emilio De Sola Y Ramos;Emilio de Solá y Ramos;Diario: V2 2098 «El Sr. SOLA:» · tildes: Solá (texto 545 de 926) · Congreso: SOLA Y RAMOS, EMILIO DE, elecciones 1931 · RAH: sin biografía;probable;Solá;Emilio de Solá
918;Vicente Sole De Sojo;Vicente Solé de Sojo;Diario: V2 62634 «El Sr. SOLÉ DE SOJO:» · tildes: Solé (texto 761 de 769) · Congreso: SOLE DE SOJO, VICENTE, elecciones 1933 · RAH: sin biografía;probable;Solé de Sojo;Vicente Solé de Sojo
920;Rodrigo Soriano Barroeta Aldamar;Rodrigo Soriano Barroeta Aldamar;Diario: V2 819 «El Sr. SORIANO:» · Congreso: SORIANO BARROETA ALDAMAR, RODRIGO, elecciones 1931 · RAH: sin biografía;probable;Soriano;Rodrigo Soriano
922;Jose Sosa Hormigo;José Sosa Hormigo;Diario: V2 103821 «El Sr. SOSA HORMIGO:» · Congreso: SOSA HORMIGO, JOSE, elecciones 1936 · RAH: sin biografía;probable;Sosa Hormigo;José Sosa Hormigo
923;Fernando Suarez De Tangil Y Angulo;Fernando Suárez de Tangil y Angulo;Diario: V2 80612 «El Sr. VICEPRESIDENTE (Suárez de Tangil):» · tildes: Suárez (texto 3.122 de 3.128) · Congreso: SUAREZ DE TANGIL Y ANGULO, FERNANDO (CONDE DE VALLELLANO), elecciones 1933, 1936 · RAH 43435: Fernando Suárez de Tangil y Angulo;confirmada;Suárez de Tangil;Fernando Suárez de Tangil
925;Ramon Suarez Picallo;Ramón Suárez Picallo;Diario: V2 51361 «El Sr. SUÁrez PICALO:» · tildes: Suárez (texto 3.122 de 3.128) · Congreso: SUAREZ PICALLO, RAMON, elecciones 1931, 1936 · RAH 43380: Ramón Suárez Picallo;confirmada;Suárez Picallo;Ramón Suárez Picallo
926;Publio Suarez Uriarte;Publio Suárez Uriarte;Diario: V2 5988 «El Sr. SUAREZ URIARTE:» · tildes: Suárez (texto 3.122 de 3.128) · Congreso: SUAREZ URIARTE, PUBLIO, elecciones 1931, 1933 · RAH: sin biografía;probable;Suárez Uriarte;Publio Suárez Uriarte
928;Jose Suñol Y Garriga;José Suñol y Garriga;Diario: V2 65410 «El Sr. SUNOL:» · tildes: Suñol (texto 363 de 366) · Congreso: SUÑOL Y GARRIGA, JOSE, elecciones 1931, 1933, 1936 · RAH: sin biografía;probable;Suñol;José Suñol
929;Felix Susaeta Y Mardones;Félix Susaeta y Mardones;Diario: V2 12198 «El Sr. SUSAETA:» · Congreso: SUSAETA Y MARDONES, FELIX, elecciones 1931 · RAH: sin biografía;probable;Susaeta;Félix Susaeta
930;Antonio Taboada Tundidor;Antonio Taboada Tundidor;Diario: V2 61687 «El Sr. SECRETARIO (Taboada):» · Congreso: TABOADA TUNDIDOR, ANTONIO, elecciones 1933, 1936 · RAH: sin biografía;probable;Taboada;Antonio Taboada
932;Luis De Tapia Romero;Luis de Tapia Romero;Diario: V2 242 «El Sr. TAPIA:» · Congreso: TAPIA ROMERO, LUIS DE, elecciones 1931 · RAH: sin biografía;probable;Tapia;Luis de Tapia
934;Domingo Tejera De Quesada;Domingo Tejera de Quesada;Diario: V2 67479 «El Sr. TEJERA:» · Congreso: TEJERA DE QUESADA, DOMINGO, elecciones 1933 · RAH: sin biografía;probable;Tejera;Domingo Tejera
935;Mariano Tejero Manero;Mariano Tejero Manero;Diario: V2 101978 «El Sr. TEJERO:» · Congreso: TEJERO MANERO, MARIANO, elecciones 1936 · RAH: sin biografía;probable;Tejero;Mariano Tejero
936;Jose Templado Martinez;José Templado Martínez;Diario: V2 10070 «El Sr. TEMPLADO:» · tildes: Martínez (texto 12.253 de 15.580) · Congreso: TEMPLADO MARTINEZ, JOSE, elecciones 1931 · RAH: sin biografía;probable;Templado;José Templado
938;Ramon Maria Tenreiro Rodriguez;Ramón María Tenreiro Rodríguez;Diario: V2 3161 «El Sr. TENREIRO:» · tildes: Rodríguez (texto 7.210 de 9.716) · Congreso: TENREIRO RODRIGUEZ, RAMON MARIA, elecciones 1931 · RAH: sin biografía;probable;Tenreiro;Ramón María Tenreiro
939;Jose Terrero Sanchez;José Terrero Sánchez;Diario: V2 3181 «El Sr. TERRERO:» · tildes: Sánchez (texto 7.018 de 7.038) · Congreso: TERRERO SANCHEZ, JOSE, elecciones 1931 · RAH: sin biografía;probable;Terrero;José Terrero
940;Juan Tirado Figueroa;Juan Tirado Figueroa;Diario: V2 63006 «El Sr. TIRADO:» · Congreso: TIRADO FIGUEROA, JUAN, elecciones 1933 · RAH: sin biografía;probable;Tirado;Juan Tirado
942;Romualdo De Toledo Y Robles;Romualdo de Toledo y Robles;Diario: V2 63875 «El Sr. TOLEDO:» · Congreso: TOLEDO Y ROBLES, ROMUALDO DE, elecciones 1933 · RAH: sin biografía;probable;Toledo;Romualdo de Toledo
943;Belarmino Tomas Alvarez;Belarmino Tomás Álvarez;Diario: V2 102495 «El Sr. TOMAS ALVAREZ:» · tildes: Tomás (texto 3.044 de 3.050) · Congreso: TOMAS ALVAREZ, BELARMINO, elecciones 1936 · RAH: sin biografía;probable;Tomás Álvarez;Belarmino Tomás Álvarez
944;Jose Tomas Piera;José Tomás y Piera;Diario: V2 61736 «El Sr. TOMÁS Y PIERA:» · tildes: Tomás (texto 3.044 de 3.050) · Congreso: TOMAS PIERA, JOSE, elecciones 1933, 1936 · RAH 43064: José Tomás y Piera · nota: Con «y», como el Diario («TOMÁS Y PIERA») y la RAH, aunque el Congreso no la ponga: sin ella, «José Tomás» se leería como nombre compuesto.;confirmada;Tomás y Piera;José Tomás y Piera
945;Pascual Tomas Taengua;Pascual Tomás Taengua;Diario: V2 103460 «El Sr. TOMÁS TAENGUA:» · tildes: Tomás (texto 3.044 de 3.050) · Congreso: TOMAS TAENGUA, PASCUAL, elecciones 1936 · RAH 42591: Pascual Tomás Taengua;confirmada;Tomás Taengua;Pascual Tomás Taengua
948;Matilde De La Torre Gutierrez;Matilde de la Torre Gutiérrez;Diario: V2 61533 «La Sra. DE LA TORRE:» · tildes: Gutiérrez (texto 656 de 662) · Congreso: TORRE GUTIERREZ, MATILDE DE LA, elecciones 1933, 1936 · RAH 42744: Matilde de la Torre Gutiérrez;confirmada;Torre;Matilde de la Torre
951;Angel Torres Alonso;Ángel Torres Alonso;Diario: V2 15742 «El Sr. TORRES ALONSO:» · Congreso: TORRES ALONSO, ANGEL, elecciones 1931 · RAH: sin biografía;probable;Torres Alonso;Ángel Torres Alonso
952;Humberto Torres Barbera;Humberto Torres Barberá;Diario: V2 3165 «El Sr. TORRES BARBERA:» · tildes: Barberá (texto 19 de 21) · Congreso: TORRES BARBERA, HUMBERTO, elecciones 1931 · RAH: sin biografía;probable;Torres Barberá;Humberto Torres Barberá
953;Manuel Torres Campaña;Manuel Torres Campaña;Diario: V2 9526 «El Sr. TORRES CAMPANA:» · tildes: Campaña (texto 1.059 de 1.146) · Congreso: TORRES CAMPAÑA, MANUEL, elecciones 1931, 1936 · RAH: sin biografía;probable;Torres Campaña;Manuel Torres Campaña
956;Jose Antonio Trabal Y Saus;José Antonio Trabal y Sans;Diario: V2 61852 «El Sr. TRABAL:» · Congreso: TRABAL Y SAUS, JOSE ANTONIO, elecciones 1933, 1936 · RAH: sin biografía · nota: El Congreso y la base escriben SAUS, el Diario imprime «Trabal Sans» 9 veces y «Trabal y Sans» 1, y nunca «Saus». Sin biografía en la RAH.;por revisar;Trabal;José Antonio Trabal
957;Jose Maria Trias De Bes;José María Trías de Bes;Diario: V2 68686 «El Sr. TRÍAS DE BES:» · tildes: Trías (etiquetas 32 de 50) · Congreso: TRIAS DE BES, JOSE MARIA, elecciones 1933, 1936 · RAH: sin biografía;probable;Trías de Bes;José María Trías de Bes
958;Antonio Tuñon De Lara;Antonio Tuñón de Lara;Diario: V2 85763 «El Sr. VICEPRESIDENTE (Tuñón de Lara):» · tildes: Tuñón (texto 1.078 de 1.095) · Congreso: TUÑON DE LARA, ANTONIO, elecciones 1931, 1933 · RAH: sin biografía;probable;Tuñón de Lara;Antonio Tuñón de Lara
959;Rafael Ulled Altimer;Rafael Ulled Altimer;Diario: V2 9424 «El Sr. ULLED:» · Congreso: ULLED ALTIMER, RAFAEL, elecciones 1931 · RAH: sin biografía;probable;Ulled;Rafael Ulled
960;Miguel De Unamuno Y Jugo;Miguel de Unamuno y Jugo;Diario: V2 1140 «El Sr. UNAMUNO:» · Congreso: UNAMUNO Y JUGO, MIGUEL DE, elecciones 1931 · RAH 44412: Miguel de Unamuno y Jugo;confirmada;Unamuno;Miguel de Unamuno
961;Vicente Uribe Galdeano;Vicente Uribe Galdeano;Diario: V2 101894 «El Sr. URIBE:» · Congreso: URIBE GALDEANO, VICENTE, elecciones 1936 · RAH 44128: Vicente Uribe Galdeano;confirmada;Uribe;Vicente Uribe
963;Julio Urquijo Ibarra;Julio Urquijo Ibarra;Diario: V2 15525 «El Sr. URQUIJO:» · Congreso: URQUIJO IBARRA, JULIO, elecciones 1931 · RAH: sin biografía;probable;Urquijo;Julio Urquijo
965;Juan Usabiaga Lasquibar;Juan Usabiaga Lasquíbar;Diario: V2 97785 «El Sr. Ministro de AGRICULTURA, INDUSTRIA Y COMERCIO (Usabiaga):» · tildes: Lasquíbar (RAH y Diario 2) · Congreso: USABIAGA LASQUIBAR, JUAN, elecciones 1931 · RAH 43941: Juan Usabiaga Lasquíbar;confirmada;Usabiaga;Juan Usabiaga
968;Faustino Valentin Torrejon;Faustino Valentín Torrejón;Diario: V2 62322 «El Sr. VALENTÍN:» · tildes: Valentín (texto 423 de 710), Torrejón (texto 46 de 51) · Congreso: VALENTIN TORREJON, FAUSTINO, elecciones 1933, 1936 · RAH: sin biografía;probable;Valentín;Faustino Valentín
970;Fernando Valera Aparicio;Fernando Valera Aparicio;Diario: V2 3338 «El Sr. VALERA:» · Congreso: VALERA APARICIO, FERNANDO, elecciones 1931, 1936 · RAH 43820: Fernando Valera Aparicio;confirmada;Valera;Fernando Valera
972;Jose Maria Valiente Soriano;José María Valiente Soriano;Diario: V2 75179 «El Sr. VALIENTE:» · Congreso: VALIENTE SORIANO, JOSE MARIA, elecciones 1933, 1936 · RAH: sin biografía;probable;Valiente;José María Valiente
973;Bernardino Valle Gracia;Bernardino Valle Gracia;Diario: V2 3220 «El Sr. VALLE:» · Congreso: VALLE GRACIA, BERNARDINO, elecciones 1931, 1936 · RAH: sin biografía;probable;Valle;Bernardino Valle
974;Fernando Valls Taberner;Fernando Valls Taberner;Diario: V2 106599 «El Sr. VALLS TABERNER:» · Congreso: VALLS TABERNER, FERNANDO, elecciones 1936 · RAH 45109: Fernando Valls Taberner;confirmada;Valls Taberner;Fernando Valls Taberner
975;Eloy Vaquero Cantillo;Eloy Vaquero Cantillo;Diario: V2 75614 «El Sr. Ministro de la GOBERNACIÓN (Vaquero):» · Congreso: VAQUERO CANTILLO, ELOY, elecciones 1931, 1933 · RAH 45378: Eloy Vaquero Cantillo;confirmada;Vaquero;Eloy Vaquero
977;Pedro Vargas Guerendiain;Pedro Vargas Guerendiain;Diario: V2 2518 «El Sr. VARGAS:» · Congreso: VARGAS GUERENDIAIN, PEDRO, elecciones 1931, 1936 · RAH: sin biografía;probable;Vargas;Pedro Vargas
978;Daniel Vazquez Campo;Daniel Vázquez Campo;Diario: V2 13355 «El Sr. VAZQUEZ CAMPO:» · tildes: Vázquez (texto 2.167 de 2.179) · Congreso: VAZQUEZ CAMPO, DANIEL, elecciones 1931 · RAH: sin biografía;probable;Vázquez Campo;Daniel Vázquez Campo
979;Eugenio Vazquez Gundin;Eugenio Vázquez Gundín;Diario: V2 82570 «El Sr. VÁZQUEZ GUNDÍN:» · tildes: Vázquez (texto 2.167 de 2.179), Gundín (texto 394 de 635) · Congreso: VAZQUEZ GUNDIN, EUGENIO, elecciones 1933 · RAH: sin biografía;probable;Vázquez Gundín;Eugenio Vázquez Gundín
980;Narciso Vazquez Lemus;Narciso Vázquez Lemus;Diario: V2 9710, en el texto: «Narciso Vázquez Lemus» · tildes: Vázquez (texto 2.167 de 2.179) · Congreso: VAZQUEZ LEMUS, NARCISO, elecciones 1931 · RAH: sin biografía;probable;Vázquez Lemus;Narciso Vázquez Lemus
982;Narciso Vazquez Torres;Narciso Vázquez Torres;Diario: V2 13854 «El Sr. VAZQUEZ TORRES:» · tildes: Vázquez (texto 2.167 de 2.179) · Congreso: VAZQUEZ TORRES, NARCISO, elecciones 1931 · RAH 46832: Narciso Vázquez Torres;confirmada;Vázquez Torres;Narciso Vázquez Torres
984;Fernando Vega Bermejo;Fernando Vega Bermejo;Diario: V2 64320 «El Sr. VEGA BERMEJO:» · Congreso: VEGA BERMEJO, FERNANDO, elecciones 1933 · RAH: sin biografía;probable;Vega Bermejo;Fernando Vega Bermejo
985;Francisco Vega De La Iglesia Manteca;Francisco Vega de la Iglesia Manteca;Diario: V2 66244 «El Sr. VEGA DE LA IGLESIA:» · Congreso: VEGA DE LA IGLESIA MANTECA, FRANCISCO, elecciones 1933 · RAH: sin biografía;probable;Vega de la Iglesia;Francisco Vega de la Iglesia
988;Antonio Velao Oñate;Antonio Velao Oñate;Diario: V2 2575 «El Sr. VELAO:» · tildes: Oñate (texto 26 de 26) · Congreso: VELAO OÑATE, ANTONIO, elecciones 1931, 1936 · RAH 45373: Antonio Velao Oñate;confirmada;Velao;Antonio Velao
989;Luis Velasco Coffin;Luis Velasco Coffín;Diario: V2 20600 «El Sr. VELASCO:» · tildes: Coffín (texto 4 de 7) · Congreso: VELASCO COFFIN, LUIS, elecciones 1931 · RAH: sin biografía;probable;Velasco;Luis Velasco
990;Luis Velasco Damas;Luis Velasco Damas;Diario: V2 104049 «El Sr. VELASCO DAMAS:» · Congreso: VELASCO DAMAS, LUIS, elecciones 1936 · RAH: sin biografía;probable;Velasco Damas;Luis Velasco Damas
991;Nicasio Velayos Y Velayos;Nicasio Velayos y Velayos;Diario: V2 78 «El Sr. VELAYOS:» · Congreso: VELAYOS Y VELAYOS, NICASIO, elecciones 1931, 1933, 1936 · RAH 45080: Nicasio Velayos Velayos;confirmada;Velayos;Nicasio Velayos
992;Damaso Velez Gonzalvez;Dámaso Vélez Gonzalvez;Diario: V2 64788 «El Sr. VÉLEZ:» · tildes: Vélez (texto 861 de 867) · Congreso: VELEZ GONZALVEZ, DAMASO, elecciones 1933 · RAH: sin biografía;probable;Vélez;Dámaso Vélez
993;Juan Ventosa Calvell;Juan Ventosa Calvell;Diario: V2 62375 «El Sr. VENTOSA CALVELL:» · Congreso: VENTOSA CALVELL, JUAN, elecciones 1933, 1936 · RAH 44855: Joan Ventosa i Calvell;confirmada;Ventosa Calvell;Juan Ventosa Calvell
994;Juan Ventosa Roig;Juan Ventosa Roig;Diario: V2 43753 «El Sr. VENTOSA:» · Congreso: VENTOSA ROIG, JUAN, elecciones 1931, 1933 · RAH: sin biografía;probable;Ventosa;Juan Ventosa
995;Isidoro Vergara Castrillon;Isidoro Vergara Castrillón;Diario: V2 10374 «El Sr. VERGARA:» · tildes: Castrillón (texto 23 de 23) · Congreso: VERGARA CASTRILLON, ISIDORO, elecciones 1931, 1936 · RAH: sin biografía;probable;Vergara;Isidoro Vergara
997;Ramon De Vicuña Y Epalza;Ramón de Vicuña y Epalza;Diario: V2 77731 «El Sr. VICUNA:» · tildes: Vicuña (texto 174 de 174) · Congreso: VICUÑA Y EPALZA, RAMON DE, elecciones 1933 · RAH: sin biografía;probable;Vicuña;Ramón de Vicuña
998;Miguel Vidal Guardiola;Miguel Vidal Guardiola;Diario: V2 62182 «El Sr. VIDAL GUARDIOLA:» · Congreso: VIDAL GUARDIOLA, MIGUEL, elecciones 1933, 1936 · RAH 44666: Miquel Vidal i Guardiola;confirmada;Vidal Guardiola;Miguel Vidal Guardiola
999;Lorenzo Vidal Tolosana;Lorenzo Vidal Tolosana;Diario: V2 67100 «El Sr. VIDAL TOLOSANA:» · Congreso: VIDAL TOLOSANA, LORENZO, elecciones 1933 · RAH 49610: Lorenzo Vidal y Tolosana;confirmada;Vidal Tolosana;Lorenzo Vidal Tolosana
1000;Juan Simeon Vidarte Franco Romero;Juan Simeón Vidarte Franco-Romero;Diario: V2 84 «El Sr. SECRETARIO (Vidarte):» · Congreso: VIDARTE FRANCO ROMERO, JUAN SIMEON, elecciones 1931, 1933, 1936 · RAH 46839: Juan Simeón Vidarte Franco-Romero · nota: El guion lo imprime el Diario («Vidarte Franco-Romero», 11) y lo da la RAH.;confirmada;Vidarte;Juan Simeón Vidarte
1003;Gregorio Vilatela Abad;Gregorio Vilatela Abad;Diario: V2 25836 «El Sr. VILATELA:» · Congreso: VILATELA ABAD, GREGORIO, elecciones 1931, 1936 · RAH: sin biografía;probable;Vilatela;Gregorio Vilatela
1005;Antonio De La Villa Gutierrez;Antonio de la Villa Gutiérrez;Diario: V2 1798 «El Sr. DE LA VILLA:» · tildes: Gutiérrez (texto 656 de 662) · Congreso: VILLA GUTIERREZ, ANTONIO DE LA, elecciones 1931 · RAH: sin biografía;probable;Villa;Antonio de la Villa
1006;Filiberto Villalobos Gonzalez;Filiberto Villalobos González;Diario: V2 68698 «El Sr. Ministro de INSTRUCCIÓN PÚBLICA Y BELLAS ARTES (Villalobos):» · tildes: González (texto 8.765 de 8.793) · Congreso: VILLALOBOS GONZALEZ, FILIBERTO, elecciones 1931, 1933, 1936 · RAH 46326: Filiberto Villalobos González;confirmada;Villalobos;Filiberto Villalobos
1007;Ignacio Villalonga Villalba;Ignacio Villalonga Villalba;Diario: V2 63374 «El Sr. VILLALONGA:» · Congreso: VILLALONGA VILLALBA, IGNACIO, elecciones 1933, 1936 · RAH 46354: Ignacio Villalonga y Villalba;confirmada;Villalonga;Ignacio Villalonga
1008;Miguel Villalta Gisbert;Miguel Villalta Gisbert;Diario: V2 104539 «El Sr. VILLALTA:» · Congreso: VILLALTA GISBERT, MIGUEL, elecciones 1936 · RAH: sin biografía;probable;Villalta;Miguel Villalta
1011;Justo Villanueva Y Gomez;Justo Villanueva y Gómez;Diario: V2 3391 «El Sr. VILLANUEVA:» · tildes: Gómez (texto 8.645 de 8.696) · Congreso: VILLANUEVA Y GOMEZ, JUSTO, elecciones 1931, 1933, 1936 · RAH: sin biografía;probable;Villanueva;Justo Villanueva
1012;Antonio Villar Ponte;Antonio Villar Ponte;Diario: V2 1038 «El Sr. VILLAR PONTE:» · Congreso: VILLAR PONTE, ANTONIO, elecciones 1931, 1936 · RAH: sin biografía;probable;Villar Ponte;Antonio Villar Ponte
1016;Rodolfo Viñas Arcos;Rodolfo Viñas Arcos;Diario: V2 30277 «El Sr. VINAS:» · tildes: Viñas (texto 736 de 738) · Congreso: VIÑAS ARCOS, RODOLFO, elecciones 1931 · RAH: sin biografía;probable;Viñas;Rodolfo Viñas
1017;Agustin Virgili Quintanilla;Agustín Virgili Quintanilla;Diario: V2 80284 «El Sr. VIRGILI:» · Congreso: VIRGILI QUINTANILLA, AGUSTIN, elecciones 1933, 1936 · RAH: sin biografía;probable;Virgili;Agustín Virgili
1018;Antonio Xirau Palau;Antonio Xirau Palau;Diario: V2 3669 «El Sr. XIRAU (D. Antonio):» · tildes: Xirau (sin la tilde castellanizadora del diptongo final (176 sin tilde en el texto)), Xirau (texto 1.030 de 1.225), Palau (sin la tilde castellanizadora del diptongo final (99 sin tilde en el texto)), Palau (texto 244 de 343) · Congreso: XIRAU PALAU, ANTONIO, elecciones 1931 · RAH: sin biografía;probable;Antonio Xirau;Antonio Xirau
1019;Jose Xirau Palau;José Xirau Palau;Diario: V2 4000 «El Sr. XIRAU (D. José):» · tildes: Xirau (sin la tilde castellanizadora del diptongo final (176 sin tilde en el texto)), Xirau (texto 1.030 de 1.225), Palau (sin la tilde castellanizadora del diptongo final (99 sin tilde en el texto)), Palau (texto 244 de 343) · Congreso: XIRAU PALAU, JOSE, elecciones 1931 · RAH: sin biografía;probable;José Xirau;José Xirau
1020;Ricardo Zabalza Elorga;Ricardo Zabalza Elorga;Diario: V2 103158 «El Sr. ZABALZA:» · Congreso: ZABALZA ELORGA, RICARDO, elecciones 1936 · RAH 45881: Ricardo Zabalza Elorga;confirmada;Zabalza;Ricardo Zabalza
1021;Luis Zaforteza Villalonga;Luis Zaforteza Villalonga;Diario: V2 63058 «El Sr. ZAFORTEZA:» · Congreso: ZAFORTEZA VILLALONGA, LUIS, elecciones 1933 · RAH: sin biografía;probable;Zaforteza;Luis Zaforteza
1022;Francisco Zafra Contreras;Francisco Zafra Contreras;Diario: V2 33701 «El Sr. ZAFRA:» · Congreso: ZAFRA CONTRERAS, FRANCISCO, elecciones 1931 · RAH: sin biografía;probable;Zafra;Francisco Zafra
1023;Jose Luis Zamanillo Y Gonzalez Camino;José Luis Zamanillo y González Camino;Diario: V2 61757 «El Sr. ZAMANILLO:» · tildes: González (texto 8.765 de 8.793) · Congreso: ZAMANILLO Y GONZALEZ CAMINO, JOSE LUIS, elecciones 1933 · RAH: sin biografía;probable;Zamanillo;José Luis Zamanillo
1024;Julian Zugazagoitia Mendieta;Julián Zugazagoitia Mendieta;Diario: V2 6767 «El Sr. ZUGAZAGOITIA:» · Congreso: ZUGAZAGOITIA MENDIETA, JULIAN, elecciones 1931, 1936 · RAH 45565: Julián Zugazagoitia Mendieta;confirmada;Zugazagoitia;Julián Zugazagoitia
1025;Fernando Zulueta Giberga;Fernando Zulueta Giberga;Diario: V2 106702 «El Sr. ZULUETA:» · Congreso: ZULUETA GIBERGA, FERNANDO, elecciones 1936 · RAH: sin biografía;probable;Fernando Zulueta;Fernando Zulueta
1026;Luis Zulueta Y Escolano;Luis Zulueta y Escolano;Diario: V2 13956 «El Sr. Ministro de ESTADO (Zulueta):» · Congreso: ZULUETA Y ESCOLANO, LUIS, elecciones 1931 · RAH 45560: Luis de Zulueta y Escolano;confirmada;Luis Zulueta;Luis Zulueta
